feedback_id,ride_id,customer_id,driver_id,rating,review
1,4011,1798,314,1,Capital onto system wish get space office right make.
2,1735,875,382,5,Scientist middle industry meeting treat new.
3,2065,1876,634,5,Group understand read white know speak fast notice family boy nor pattern check.
4,6865,1860,628,4,Political many far miss them concern then minute.
5,3793,962,145,1,Effect they theory way develop exist room town without.
6,1656,1619,586,4,Book employee value establish lay go.
7,5390,524,800,4,Sometimes happen themselves pattern drop our school off over.
8,4314,1816,627,5,Agreement place series someone age section.
9,6301,509,652,1,Rule might rock side during item film.
10,2258,605,71,4,Budget poor morning off sing leader land a cell for.
11,2291,1181,272,2,Oil dark according writer growth able.
12,7745,1303,621,5,Interview student many true debate group way idea a energy.
13,9206,1742,588,5,Fish avoid good deep turn once.
14,6588,526,599,2,Reason art start wear game response medical market occur guy.
15,6088,672,536,5,Wrong card listen memory it win thousand woman safe appear.
16,3292,281,451,2,Race education summer without prepare improve.
17,1969,1624,162,4,Clearly themselves huge often stop claim five blood education water.
18,4101,1560,991,1,Seat thing set your once energy stand should fire meet occur.
19,1339,1268,664,1,Order population office near training look subject.
20,1082,37,402,2,Feel past finish south product fish skin good career body step discuss decision.
21,2065,1475,329,4,Mrs operation reason clear number huge team yeah defense particularly here page past year.
22,8585,518,891,1,Floor save kind painting should article.
23,1845,1892,590,5,Contain save tend rule into our quality professor deep whole.
24,5641,727,219,2,Risk always five research while for hot wrong and out.
25,5965,1263,511,3,Arm style commercial foot shake figure.
26,9888,1671,883,4,Interesting choice wish various bring of should miss land successful situation expert.
27,4290,1849,495,1,Meeting senior answer full walk meeting business personal receive wind wide.
28,516,1944,514,1,Owner almost machine lot wall week face involve all accept.
29,6956,966,379,3,Future represent end stock us per when.
30,9539,1070,479,1,Best early appear report kitchen discussion still opportunity.
31,1369,1977,934,2,Draw will learn writer national when such house well ago decade hit seek.
32,5134,1724,534,2,Body direction well through into school already line cause.
33,3366,820,790,4,Charge industry want write play believe not design their once wind.
34,4113,1523,803,1,Floor worker actually all score whom cover.
35,8648,432,816,3,Score experience laugh catch adult ground contain.
36,3836,564,730,5,Hear let thought culture live paper stand particular check official or which.
37,4225,1610,963,2,Democratic fill young others admit similar summer knowledge.
38,8135,360,675,2,Trouble condition need my ability fill.
39,7943,527,682,2,Trip itself safe among beautiful various father street share improve.
40,8831,1220,369,1,Cup total determine nearly show camera church police least old will easy animal.
41,9826,1617,293,4,West condition difference audience also need it.
42,723,344,432,4,American poor pass player figure offer beautiful hot.
43,8981,319,764,1,Mind whose hand particular me each.
44,8779,21,352,2,Community direction could enough anything firm scene else institution then.
45,6645,1136,908,1,Nor himself thank other board family traditional physical might.
46,8398,582,898,1,High course and quality upon drive would charge make task continue.
47,899,147,630,2,Population lot interest question actually she clear likely agency.
48,3635,496,728,5,Environment everyone score billion think all campaign.
49,4331,1813,160,4,Edge better consumer animal its majority wait front money.
50,1519,1675,337,5,Should military this current old none.
51,6384,892,454,2,Open career research financial value activity television almost give.
52,2571,1228,805,1,Force describe wrong church painting social world growth.
53,6026,1043,257,2,Message bill western argue worker page arrive happy relationship catch.
54,5850,728,234,5,Across watch interest once discussion eight perhaps vote purpose avoid throughout business dinner.
55,3935,1817,340,1,Oil avoid impact half buy stock southern technology cup.
56,827,1138,1,3,Education both nearly common save east outside weight account check.
57,365,445,319,5,Offer across decide bed use point great wear training animal husband program.
58,2295,270,747,4,Do learn mother likely never civil guess end leg create few remain perhaps.
59,2504,1867,216,4,Similar response stage service admit central.
60,3419,393,772,2,Despite that fund hour hard specific direction require.
61,8600,1313,339,1,Policy myself spring practice Mrs organization back service city simple American.
62,781,398,899,1,Best establish couple it beautiful smile condition finish research each skill.
63,4216,624,533,4,Course situation enjoy fish watch could perhaps short real character drop.
64,8350,793,729,1,South make apply end around understand name election.
65,2140,1871,744,2,Every personal middle smile your radio sell song fall home discover support beautiful.
66,7892,1989,926,1,Car able shoulder surface nearly yeah shake.
67,537,602,517,3,Heart memory face green push parent.
68,1093,20,465,5,Popular whatever agency best government herself coach.
69,550,457,600,5,Reality medical kitchen art federal success.
70,9445,1647,704,5,Task she window yeah behind also see middle.
71,774,803,812,1,Matter citizen attention take very break help these exactly happy take.
72,8132,1460,220,3,Evidence society read above seven fall include day business.
73,1807,1576,886,5,Southern impact news across yard return democratic avoid fund major.
74,2879,796,295,4,Away really network trial certainly sense church down inside law safe machine.
75,280,41,915,2,Why seek despite buy your a concern public analysis.
76,2619,1628,909,3,Deep Congress edge clear sign executive finally.
77,3694,599,88,4,Focus teacher respond foreign memory catch effect red both.
78,2964,301,345,1,Anyone democratic economic reduce truth new every change might option federal laugh.
79,8538,274,725,4,Maintain whom discussion traditional whom pay TV minute.
80,3999,1990,81,4,Choose again among president away relationship lot enter hundred later school policy.
81,9167,70,3,2,Performance out more southern wear sure she music worker stop step.
82,3259,1503,567,5,Out improve education speech yes require nearly case dog investment.
83,8012,518,37,4,Decide before describe box happen safe edge chance year conference cover for year.
84,3608,1542,280,5,In information use character home myself floor close economic yard physical exist.
85,444,1544,534,3,Enter south security size feel area door hope since ten crime budget technology.
86,5548,1229,317,2,Next character whatever many skin require husband many film need provide.
87,120,1334,216,1,Board majority ground visit anyone establish foot paper.
88,7596,1248,910,1,Movie organization administration available factor the laugh heart.
89,8333,721,123,2,Effect western various fear civil election country on film.
90,4858,327,257,3,Line year threat act son summer compare.
91,3621,1142,786,1,Middle clear college hot down appear system pretty network left.
92,6371,43,276,5,Series history role during wonder painting college region yet maybe factor.
93,3118,704,585,5,Surface stop product line network pattern.
94,5268,1278,233,4,Medical political wife form last worry effect support let.
95,4213,1452,569,5,Knowledge hear price baby generation try difficult husband of seek teach certain idea.
96,6697,522,642,5,Quality prepare suggest purpose support sometimes strong.
97,2329,574,623,1,Artist several make stop old Mrs around book factor plant college hard.
98,8174,649,152,1,Figure box free plant night picture green land station.
99,2685,757,227,5,Machine blue hold economic describe process.
100,6180,1867,870,2,We even executive daughter practice evidence.
101,1873,1376,953,1,Beat dog value catch myself no success summer natural enter performance.
102,4036,444,111,1,Kitchen meet lay college system other budget important bad ago.
103,1693,1929,670,2,Go through throughout rest I family condition purpose young.
104,636,482,529,3,Anyone her decide close man data pay nation support do.
105,2471,802,428,2,Sister daughter stuff focus painting phone.
106,6537,974,10,4,Sometimes available understand month actually color here former step politics.
107,4779,939,774,2,Themselves natural someone front attention their process.
108,5466,1045,264,1,Receive fight almost mention represent news.
109,3122,878,388,1,Agent car cup must such share since themselves thing black station though.
110,897,441,183,3,Form take thank alone physical defense either step tonight subject wide.
111,7132,619,113,3,Hand quite same store performance rate idea me.
112,8605,1666,395,5,Design leader become collection they fight career.
113,2575,1889,82,5,Cold compare push word type answer.
114,1481,155,70,2,Start ground class five senior free pay professional.
115,8117,320,183,3,Meet policy form notice subject on list north.
116,5665,318,721,5,Field must generation own baby their me put arm choose catch whose.
117,4518,935,764,1,Own perhaps spend benefit of money goal no.
118,7409,1880,805,2,Who buy above new possible story coach medical man cause.
119,3690,128,375,3,Positive too live much most beautiful visit five director receive accept.
120,1229,1230,212,2,Hospital concern go one north perhaps pass impact body.
121,2047,1727,81,4,Rather kid most operation southern beyond player.
122,5562,1162,369,1,That take blood wrong everybody condition writer clear pressure same suggest break.
123,6569,1263,28,1,Interesting season partner all fine around appear state themselves protect show indeed shoulder.
124,6935,955,309,5,Sense current production past world information else stuff thousand agree store technology.
125,2647,1192,896,4,Successful tend of past record idea produce movement minute.
126,3427,739,545,2,Free else reason send term begin only.
127,2043,347,696,3,Tv international seven make expect like professor provide eye major sister.
128,2856,374,563,1,Foot behavior quickly thought Republican section police able paper election middle one dream.
129,9337,447,487,2,Ever now population show western like decide structure author pressure even girl.
130,4584,1905,766,2,Near across sea center woman once.
131,5011,991,891,1,Compare gun card green she night significant evening three.
132,9251,1063,557,5,Either rather factor win rule avoid watch sign add between rather process box man.
133,2484,780,95,2,White serious body once manage response best wonder both future finally development.
134,3967,1002,506,3,Unit have drug several return yet.
135,9549,1404,690,2,Against indeed message team number music exactly bar wide southern focus very.
136,2114,315,807,1,Entire grow development catch these car course risk.
137,3589,1453,935,5,Trouble west example car wear experience something already view through.
138,2767,1467,882,2,Ask one military age truth themselves author.
139,4720,1073,518,5,Road unit rock season anyone usually star boy.
140,5115,1328,147,1,Meeting trip design senior help a physical.
141,7165,734,964,5,West town task country value close evidence wind today pick establish.
142,9115,1952,331,5,Officer agree source would rock country factor federal push newspaper know.
143,1621,927,829,5,Look avoid central research rock stock spring remember young concern.
144,4150,522,604,4,Carry quickly sign morning hit occur challenge must pass brother protect beautiful.
145,2155,1296,194,2,In ability peace together some foot painting fire your prove budget.
146,1526,1853,45,5,View include big fast debate southern top stop exist kind amount capital.
147,8728,797,563,5,Since ever think two three sound six industry owner these.
148,2918,1521,343,5,Add budget keep fish wife reason likely thousand challenge them.
149,9229,917,79,3,Guess community full million daughter huge green see interesting development again tax.
150,1410,594,545,3,Hundred throughout system up bag writer condition paper.
151,34,1670,183,4,Big station know good example four nice age administration fall song politics small.
152,7013,780,23,2,Toward each imagine put thousand religious.
153,971,983,138,3,Everybody job yet structure together issue.
154,9033,1958,82,2,Despite year example rather sit thousand different perform surface.
155,9389,1487,684,2,Major throw force cold increase north increase price than too.
156,7336,693,211,3,Laugh put without song nice head.
157,6760,214,831,5,Task system my pay plant year.
158,6056,940,332,2,Sense how very late suggest day occur music better smile attorney.
159,6289,1654,586,3,Republican style office west wait maybe TV person listen gun prevent.
160,7470,301,31,1,Four thousand because tree couple commercial season.
161,6216,1816,338,2,Issue book happen scene father trial general within hit.
162,6674,232,527,1,Standard offer less well participant enter half stand cut.
163,4231,547,980,2,Know owner take PM beautiful form say hard.
164,1465,466,67,2,Upon coach our technology long up once cultural worry travel.
165,7114,1200,793,1,Guy fear when quickly there woman person.
166,5008,591,904,3,Service get area national right call employee spend think own baby.
167,5083,1500,485,3,Exist put security maybe best bad assume cut scene begin thus high.
168,2555,748,42,5,Base less health nearly contain son consider most hard result.
169,3462,1890,372,2,Gun down boy community Mr push back require.
170,8077,294,935,1,Gas executive employee behavior loss computer about offer president rest along.
171,8074,1761,570,1,Say number teach others each something six read.
172,8187,1892,642,5,Try network trip why break center best treatment school single administration.
173,4209,989,449,2,Participant a factor a cost money.
174,1841,320,792,4,Against none fund exactly side as there hold work.
175,9210,157,162,2,Upon more enter find between day American address partner public.
176,4502,1948,982,4,Tonight describe color walk history feel say activity particularly.
177,5198,1539,924,2,Your note thousand range operation argue current.
178,6416,1234,220,1,Man positive company somebody stock chance already.
179,7037,1998,319,1,Interest skill process operation far partner capital against.
180,6747,472,160,5,Police boy line security form so.
181,4816,557,831,3,Available few agency sea arm entire instead leg investment themselves record little.
182,3050,1834,707,1,Same billion character forward blood after certain middle everyone produce if set different.
183,4134,1722,767,5,Side risk service prepare leader author professor.
184,5002,144,857,4,Management similar month place east clear store suffer political sense.
185,460,636,719,2,South quality race impact test occur.
186,7407,1209,266,3,Remain would debate management piece fight.
187,2475,1148,427,5,Significant actually word everyone Mr over keep civil least during physical home get.
188,3982,1786,443,2,Interview strong knowledge baby financial network interesting seat possible site reduce among.
189,2321,1901,19,4,Effect third into citizen well type so nature view student charge.
190,199,790,858,1,Including movie seem song catch serve catch own strategy some probably.
191,3490,1804,499,5,Contain manage read seem billion away hotel customer home better.
192,329,585,48,5,Recent woman blood one who something information person wind positive.
193,7675,1088,528,1,Peace politics director reduce rich among government degree east current country young allow.
194,9576,1360,358,2,Represent lawyer rate course school now network purpose.
195,203,1580,233,1,Prevent green involve sign administration wall.
196,4214,1878,311,2,Together light happen enter where energy.
197,3132,616,705,5,Value read nature similar likely adult surface man offer stop born our.
198,7956,1353,679,1,Character recognize tonight practice growth film edge audience build leg everybody.
199,6738,1267,849,4,Expect hold mission perform his lot last politics he talk free goal.
200,8625,858,917,4,Address as standard take reveal site marriage draw fast lawyer community foot parent.
201,5839,85,157,2,Medical president nothing wonder team tough gas win look spend long former.
202,84,367,944,2,Term red low suffer close child.
203,2444,523,104,5,Ten most amount ask leader plan.
204,9950,64,112,5,Something brother within second four into population technology interesting future page.
205,2616,196,745,3,Remember realize skin travel over single middle billion act hope.
206,8974,867,111,3,Late during support off team project color late water law about.
207,5466,265,950,2,Blue study sea large from stage price article ball.
208,7142,49,731,4,Especially fear often week stand site.
209,8678,398,28,4,Customer concern activity shoulder night use.
210,3955,839,884,3,So else before white make glass many history able against game care father.
211,5618,1703,5,1,Arm anyone current factor break just apply understand model various cut surface.
212,9282,373,513,4,On within financial go agree war blood agreement simply computer fund enter prepare.
213,1376,1479,644,3,Song magazine analysis girl learn president improve memory return available sell thousand.
214,9801,1714,300,2,Air often low know money success out drive finish her.
215,5740,156,26,2,Old north thank beyond live both whose couple.
216,8714,202,655,2,Test and represent certain design mouth management onto last today find ten on.
217,6563,640,890,3,Save speak low one give nearly but down approach indicate surface provide.
218,4664,1687,877,5,Fill data theory future light hand per chance recent might.
219,9666,1926,1000,4,Seven camera explain partner avoid deal success here under party cause.
220,5845,87,65,3,Walk once movie week seem part film land wonder take source.
221,5147,1672,801,3,Above just stock pretty take news attention push.
222,702,852,767,4,Impact marriage sense plan fact action happy yourself knowledge same few class people.
223,7659,1226,172,4,Everything Congress lawyer phone cut establish share beat range police question keep.
224,4637,1447,404,2,Pay man present while service push hand around determine care.
225,1789,755,132,2,Focus describe issue her idea present score prove school those boy those.
226,4010,214,75,2,Shoulder than task door man pretty successful pass best impact per.
227,6941,261,325,2,Central speech fill certain drop sell capital society president staff.
228,3744,1354,169,4,Onto pretty interview down rule sell.
229,7429,286,741,5,Collection able ok friend property professor point debate week research wear.
230,2042,657,856,1,Natural war her voice month among across be.
231,3018,581,652,3,Mother unit common back none agree.
232,2162,353,932,1,On can two mind memory send.
233,5225,1268,29,1,Or growth situation marriage plant question radio another notice simply material form.
234,3524,1391,724,4,So important thus key police bit authority always worker rest.
235,4655,1643,351,1,Actually lot human key sister population often sense relate.
236,2571,1660,949,2,Travel audience subject responsibility process word reach.
237,5502,142,273,3,Age budget marriage poor response apply.
238,3597,195,4,5,Send follow short throughout defense wish president expect my measure value though.
239,8509,373,893,2,Idea dinner material whole reveal respond.
240,2160,825,839,4,Matter way century each keep full kitchen simple health reflect agreement.
241,8042,1861,631,4,Current require bad agency question somebody hair policy network.
242,4481,439,241,5,Serve three interview pull value film so.
243,8519,1912,951,3,Industry dream field up behavior ready.
244,1137,1030,902,3,Nor behind live than statement deal point form care newspaper above likely make.
245,1354,66,689,2,Base available how author brother difficult onto still example cause clear time central.
246,1328,1864,494,2,Walk and fly anyone view ask environment good.
247,1751,457,899,1,Tonight election light soldier plant today his.
248,1733,688,694,5,Trial check out treatment toward scientist degree enter.
249,6969,77,297,1,Minute director finish usually culture west century.
250,5971,1668,850,1,Trial both forget game color firm section girl identify computer choice.
251,9718,678,45,5,Song get minute many allow TV respond already.
252,2798,938,497,5,Gun perform while represent mouth sort medical owner no at again system reason spend.
253,5708,1012,685,2,Consider prove mean condition as myself write alone professor since.
254,3179,507,241,4,Identify theory boy audience knowledge stop low gas.
255,518,608,712,1,Certain pressure notice result defense list participant require program relate who step long.
256,9516,551,87,3,Final girl agree free ability step other see voice.
257,9998,1075,955,5,Weight off physical stock join member letter.
258,698,693,961,1,Kitchen public early toward rather line.
259,2515,1899,854,5,Apply level environmental least attention remember final night think smile.
260,9240,1170,137,3,Mission baby cover movie trial red admit.
261,1052,474,374,3,Response specific director next wall foot stand know analysis everything agency trial child.
262,6425,96,951,5,Charge food economy baby stock situation focus north parent history.
263,3714,572,226,1,Subject business buy interesting allow painting report grow agreement specific sell.
264,1062,57,653,4,Rest pattern discover everyone hospital week sign he figure effort.
265,4598,104,578,4,Tell where often first authority look small finally.
266,3105,1995,331,3,Behavior civil themselves accept help race under decide author region.
267,2918,1690,395,4,We still land year since option.
268,4854,1552,754,5,Course loss final name none green information why break.
269,6441,570,144,1,Build national artist maintain woman easy learn foot past with.
270,9418,688,918,3,Indicate miss weight dinner listen soldier strong yet choice become show onto once.
271,1358,269,906,5,Miss great claim character technology about history agency notice.
272,4744,1020,428,1,Idea of per less answer church.
273,9903,1407,64,3,Position father group project situation first activity perhaps market recognize involve speech remember.
274,1665,29,393,2,Full nature reach then class difference family really almost idea.
275,4286,1022,923,2,Guy before produce forward thank student fire.
276,3863,799,123,1,Involve seven record large hear animal small talk tax relationship draw.
277,4646,1546,108,1,Yeah region heart writer method degree step public second.
278,3585,1251,299,4,Official travel hair ten tree indicate be daughter yet low worry product seek.
279,4666,758,128,1,Leg scientist detail today book why drive paper fine to.
280,8415,1144,922,2,Road charge mother nearly save important fill trade get call do away require.
281,563,574,743,5,Hold eight effect receive cup significant last serve world.
282,9377,785,644,4,Foot painting soldier quality stuff happy decide purpose to agreement indicate little vote.
283,2779,491,107,2,Lay us again fact well city still.
284,3296,583,873,5,Yard change real successful until figure.
285,6970,728,759,1,Serious I party yeah statement check stay suggest focus book nice.
286,2359,282,992,2,Prevent mission test us under just drug value some send.
287,3971,353,669,3,Discuss change full see record official.
288,9711,1798,43,5,Rise represent item affect beautiful appear million local example no issue officer environmental.
289,5746,854,220,5,Indeed thus statement deep door east.
290,5876,904,174,1,Modern professional language indicate task history pick east generation court.
291,2785,1402,355,1,Allow everything store turn visit game feeling hope I.
292,3679,633,273,2,Nearly station box economic hot special least.
293,1079,1915,684,1,Bit recognize charge above poor nor fish.
294,3203,205,208,3,Put perhaps pick vote make it less age city little test event ten.
295,6522,954,598,2,Start skin really into many claim her build.
296,5296,1853,115,3,Keep opportunity market baby idea reason pattern relationship check know.
297,8776,1127,316,4,Only up size wait side structure.
298,6011,131,987,4,Process page government draw any coach letter keep court who set.
299,6454,1885,684,4,Now matter both language use just evidence over program people street.
300,5912,1825,332,4,Box performance party region rich member.
301,1603,493,412,2,Center rather read investment simple reason thing.
302,5977,1433,333,1,Establish game set who address share them.
303,980,969,267,4,Position ago commercial drop serious about for choice front religious start.
304,696,1383,674,5,According you purpose five nature product imagine short.
305,7660,77,829,3,Idea activity experience detail activity fly laugh rich.
306,7013,293,78,5,Child attention teach determine happy recently old.
307,3248,1826,803,2,And camera people week growth where.
308,1108,362,315,1,Military left moment thought learn theory.
309,1808,1101,793,4,Firm worry while certain five everybody film law traditional.
310,210,654,968,3,Only fact because term case four soldier foreign them ask few return.
311,9277,1161,614,3,Instead then budget stop about agreement.
312,2907,1773,322,4,Among watch actually chair top tough almost.
313,3587,1479,349,5,Pull Democrat should the series mention.
314,6832,1019,325,2,Simply western agreement need must hand best fast rather.
315,6859,879,620,5,Meeting movement still show term color begin race by number south.
316,3825,1510,790,4,Mrs lead find benefit black model none realize.
317,4421,1995,789,5,Young necessary upon officer huge education early fact play activity begin indeed.
318,5016,1823,168,2,Thank share ten would truth feel.
319,2667,1923,611,2,Interesting expert understand clear significant help recent should down school.
320,2931,170,235,3,Ready garden everything bar cover study evening everything.
321,6687,1255,942,1,Ball Democrat production gas film realize city.
322,509,1306,727,2,Matter blue leader condition man want really range none heavy nature so.
323,9618,80,581,2,Significant our once white nature standard room continue PM.
324,402,322,862,2,Carry move I agency might common writer low cost customer choose central marriage.
325,5984,561,236,1,Live partner seem television ball know serious identify people among thank.
326,3008,250,98,4,Local writer although free eight admit.
327,2071,1555,909,2,Check situation play scene attention network even light participant public possible.
328,3558,1239,816,5,Would economic build above voice meeting court miss ability could dinner cause.
329,6851,223,683,1,Begin identify my draw book world test follow citizen environmental perform rather young.
330,8583,1,19,4,Reduce writer cover may kitchen professional understand program.
331,8848,99,592,1,High test government measure artist civil win describe back audience research cause.
332,271,901,115,1,Side another why director company response.
333,8081,1358,225,3,Minute question turn talk now seem friend marriage.
334,9716,1259,266,5,Garden training early ahead small worker front say.
335,516,162,34,3,Month bit shake Democrat explain beautiful become expert consider oil minute focus exist.
336,3771,881,877,4,Agree travel strategy whom read upon a budget threat painting major.
337,5532,721,933,5,List again can teacher day lead civil dinner about cup.
338,6947,44,440,1,City other chair inside production staff person kid Republican more.
339,9768,1107,639,5,New blue sell note sea like pressure.
340,2835,388,150,3,Voice certain down account shake church surface material fear indicate food sense affect.
341,6081,1141,333,1,Lawyer away enter mother though ten wear arm.
342,964,575,64,2,Together stay up season star much gas.
343,6714,812,971,3,Management condition learn when health north.
344,1443,443,487,5,Get head product mean he hair coach half view others too amount.
345,9168,1012,50,2,Attorney us military real me strategy fund result phone rich career.
346,5636,229,309,2,Him back professor short director early carry.
347,5022,152,152,2,Least health human reveal watch war position check.
348,9811,1630,906,1,Onto father court single player well network back lose eight run.
349,6975,1334,652,3,Second brother chance body past beautiful model enter pay I turn kid.
350,5081,667,818,5,Prepare need lose discuss realize threat improve everyone too require.
351,1039,548,883,1,Shoulder security body end majority much other put everyone relationship environment send.
352,4345,972,473,2,Into easy bar reason it question foreign reduce response.
353,9342,1426,800,1,Indicate suggest perform close learn think throw sell kind game political walk able red.
354,3009,1512,636,3,Up resource song sort face and own.
355,7119,1141,509,2,Administration first quality fill wrong might think near.
356,5366,269,319,4,Research suffer minute buy crime throw ever.
357,9747,26,433,2,Item good same traditional leg almost growth remember benefit standard look.
358,9688,1976,599,5,Inside suggest none two reason single cup body fish tree tell single oil.
359,7884,1219,243,5,For left dark wonder determine happy wall seek cell quickly Congress.
360,2924,1117,689,5,Maintain good great sure trade pretty lawyer set reach establish.
361,2846,259,534,2,Draw black summer under bank truth team describe.
362,9523,1241,820,4,Threat far thus throw hold discover face view.
363,4504,1087,453,4,Teach let who real note help arm nothing analysis process.
364,3265,1087,553,5,Support operation tend ahead much law work rise up.
365,8797,884,73,2,Entire forward board reveal evening amount water research wait.
366,7302,728,990,4,Heart collection through him church under form forget tough leg activity.
367,1795,1501,783,4,Beautiful yeah address debate cost rise last goal close sure say.
368,5048,1096,751,3,Defense that memory owner left play person opportunity set outside.
369,2001,1560,574,1,Career hospital age owner minute hit these improve in bar until full financial.
370,9972,288,536,5,Without traditional alone head purpose walk.
371,4580,1507,879,1,Dark act agency without partner authority stuff thought.
372,3269,293,310,3,Movement development team brother manage health page himself both.
373,550,231,685,4,Community explain lawyer art draw nature though before sometimes.
374,2793,1480,959,4,Something bring above south start energy tell positive prepare.
375,4020,1292,825,2,Sing box its particularly especially wife really important draw respond.
376,8165,66,149,4,Address character professor very option actually good want read.
377,9329,1764,101,5,Statement stuff so guess democratic get professor.
378,3494,1770,665,2,Democrat feeling nation knowledge gas adult hotel.
379,9355,1496,231,5,Name international son too age half easy.
380,1105,1670,371,2,Major always value resource wrong bag require no place itself teach home.
381,9681,466,335,2,Rise score program trip anyone letter meeting court a when within story.
382,9003,1668,169,4,Return apply quickly finally process glass.
383,3780,1776,195,5,Marriage hundred whether few why five let agree light open future.
384,5817,784,33,5,Idea crime local economy employee kitchen approach exactly together leave best hold letter.
385,8486,178,707,4,Organization hair change daughter themselves part want early enough contain cold everybody center.
386,5928,911,940,4,Work out culture memory head support catch agency feeling forget.
387,5184,117,515,2,Plant see major way why vote under develop rich bed.
388,4009,906,975,1,Woman knowledge decision analysis eight top include deep.
389,5602,513,246,2,Finish at look reflect technology name.
390,5791,572,945,5,Loss position bad show major on community.
391,854,736,698,3,Safe apply use simply which we parent kid economic dog.
392,9859,1541,957,5,Relate worry election style nice year environmental concern wear security.
393,990,1232,95,2,Decide product us now before person citizen girl before air.
394,2708,1533,967,5,Without statement war collection whose gas gas attention certainly close task PM.
395,4868,1088,636,3,During professional whether thank seem participant campaign opportunity artist man.
396,976,115,289,5,Behind leg line happen create rest issue enough.
397,8088,1846,527,5,Type build radio senior create method.
398,4414,1862,285,5,Official finally oil read exactly rich help choice think girl health position describe.
399,3828,1583,365,3,Cause well level month section size thousand always world father same.
400,8865,206,460,4,Admit last able consumer and form perform.
401,2399,445,647,5,Nor particular understand physical onto standard job throughout improve senior service.
402,7550,825,807,5,Stuff outside sing general center paper face company serve.
403,1099,1330,536,1,Fish common behavior government increase hand per majority environment respond list need.
404,5066,1868,853,1,Garden radio thus rule free high senior chair may painting think.
405,2685,354,905,4,Everything attention traditional term painting off.
406,8257,676,73,5,Push place success yes per force to couple TV place perform answer brother.
407,9396,1690,690,3,Personal she life responsibility marriage southern.
408,3965,1666,557,2,Industry decision fill only boy identify responsibility recent news suddenly.
409,4905,1011,437,2,Attention science customer agency floor field.
410,2775,1195,175,5,Ability identify improve animal grow argue land.
411,7098,1191,186,1,Trade message final help tend two compare during these section.
412,5553,991,876,4,Contain interest another than system audience knowledge forward technology sit tonight Mr.
413,7504,1246,141,1,Door raise response of discover he for account stage positive up throughout.
414,4490,1264,400,1,Law thought your away mean their region.
415,4128,335,410,4,Management wear let debate job public.
416,4480,1421,416,5,Feel bag turn person four best fear interview.
417,1351,288,981,3,Buy show policy will thus than many trial need wish arm west later.
418,3408,1875,379,1,Fear collection true cup hand good small method in account.
419,3840,1835,929,4,Authority interest state prevent few nothing then poor.
420,7245,1238,347,4,Range west debate within sit relate themselves.
421,1480,116,335,4,Grow realize loss direction interesting view teacher they picture action decide something gas.
422,2392,1337,471,4,Pattern address rise energy note control buy because.
423,9868,872,204,2,Travel else blood improve southern record continue movie.
424,9154,1180,560,3,Card my day edge evening health good phone system painting that.
425,4681,134,902,4,Floor rule huge begin middle or mother style well.
426,5575,103,110,3,Many past interesting raise election community claim their.
427,9443,1636,768,4,Member interview party recent fight up.
428,665,1598,583,4,Other much worker feel southern employee because.
429,399,1587,920,1,Be perform wall himself country approach stand treat choose.
430,5711,1207,932,2,Certainly themselves husband strong condition truth this boy season range worker could black.
431,7251,1186,759,2,Learn do wear affect which Republican plant room find thus group section build.
432,907,461,806,2,They soldier sit perform rock short wrong dark maybe he reveal want.
433,7792,988,717,5,Particularly people feel final your kid during.
434,5654,253,665,4,Should standard yourself prepare hair deep issue stay sort another.
435,8283,66,837,1,Task accept senior think listen seem size real thus give particular ability finish.
436,9241,835,476,5,Consumer movement charge score get draw too dark care.
437,62,763,869,5,Reason should pick position newspaper perhaps win mean eat need worry much hard.
438,939,874,562,3,Matter claim seat thought remain against small small form plant effort.
439,1956,937,194,5,Success make walk station within wish.
440,7184,1603,85,4,Interview answer individual despite other moment so what drive control language almost small.
441,9441,112,307,3,Ok pass perform international attention theory practice keep world.
442,3858,1875,376,5,Firm analysis six company there tend center ok present face region.
443,3275,1819,712,5,Role woman several peace choice ahead doctor hard fire apply group never.
444,3891,1000,385,2,Unit rate bring foot environmental song blood card they during follow.
445,2422,753,299,4,On home follow sport audience program stop win.
446,6715,175,493,5,Model short newspaper do measure sort list he unit value anyone fill various.
447,5750,685,18,1,Feel her inside whatever available actually visit because customer.
448,6431,1045,56,1,Situation network production begin hold professor experience system tend seek.
449,1401,1684,664,1,Support claim environment economy save maintain notice writer month skill nature finally.
450,6987,1687,520,4,Must dark world result water budget daughter himself.
451,1371,787,353,4,Behavior around relationship impact government full husband individual pull best company him prove.
452,8672,1852,176,4,From movie other nice truth level artist arm role statement relationship world.
453,9691,847,595,1,They remain energy box different money police speak late.
454,2188,565,303,4,Picture south every step ball should paper model challenge thought.
455,777,1095,606,1,Trouble sing occur American leader information management record smile speech staff general class.
456,2409,1190,237,2,Attention place economic information social age.
457,1286,877,858,3,Represent sometimes occur perhaps onto rest evidence available.
458,3647,1996,27,4,Design always here woman same partner this sound skill night central free.
459,3807,582,892,5,Everyone lawyer identify line thus off forward others.
460,2453,618,455,2,Party window turn good choose year what company.
461,7759,823,674,1,Carry yes before carry pattern remember least per out opportunity owner really her.
462,7125,1531,510,3,Lot painting business room standard thank beautiful large during she form point.
463,4892,1357,382,1,Move service again property table top add data there show.
464,138,969,269,2,Top prove cell tax perform once than measure understand run specific friend cost.
465,8038,663,638,2,Cause fear agree after everyone east maintain.
466,3570,74,586,3,At decade image style per movie.
467,6830,1676,450,3,Man rest head notice such chance.
468,4473,1136,102,1,Win listen animal call two part away interesting speech training imagine trade question.
469,2346,847,953,4,Begin camera respond four senior fear concern more born energy find.
470,7634,963,456,2,Should consumer consider if be sound amount.
471,9079,445,455,2,Ask least economy office democratic traditional investment like every.
472,6891,1233,448,1,May resource government hand firm debate.
473,1023,353,144,4,Cup military tend detail could too car face.
474,3983,17,821,4,Then test view poor yet yes enjoy stand.
475,1796,1330,541,1,Let back situation sometimes song deep own enjoy low movie simple trade.
476,8895,1481,492,2,Song act any eight house until development commercial believe build indeed pattern.
477,1335,243,450,2,Name discover rise force focus according offer machine Democrat gas know less one.
478,1844,51,21,4,Seem sit family forget per while himself.
479,7835,824,452,1,Perform system education future TV before scientist but talk produce little.
480,7891,166,556,5,Dream attack newspaper bad particularly within recently none month might main.
481,1045,218,953,4,Someone American glass wife may that girl young can office without.
482,7020,1591,505,5,Seek view successful option road usually impact budget student job own oil likely.
483,7294,1471,327,5,Go treat policy response upon east.
484,8689,1362,470,1,Ready in garden direction poor cultural do animal if edge staff unit car.
485,3627,1636,560,1,Cause likely contain allow case book bill front.
486,128,1470,575,3,Upon people necessary quality gun make team PM black.
487,1019,1519,125,4,There television cover write west tell like partner.
488,566,1513,314,4,Newspaper land join station north player money prove customer.
489,4029,919,684,5,Member suffer realize move charge money return draw maybe data growth.
490,1431,278,674,3,As life office suddenly child environment change.
491,344,389,459,5,What truth today perhaps form become include president attention.
492,5359,1901,588,3,Sister drive low eat price fill indeed personal discussion pick hotel.
493,5695,1214,703,2,First bag agree artist reality science firm direction cover also.
494,1874,773,163,1,Message million knowledge indeed painting friend nature course also fall seven describe really.
495,8925,1002,519,1,Ten own situation issue each since section me.
496,7772,780,99,3,Hit participant civil tell country floor just.
497,6046,515,604,3,Degree table particular energy international political offer.
498,4543,1452,300,1,Throw style success compare business specific form require cost research.
499,5159,1214,103,2,Should hear visit seat Republican likely relationship easy read leg chance.
500,231,1847,289,2,Knowledge many piece most beautiful heart seem.
501,3743,1844,353,4,Say inside strong rate others democratic question future several out raise.
502,3177,748,890,5,Develop agent serious or or price.
503,4871,986,593,2,Coach lawyer station step budget call claim security agree then miss care.
504,898,512,636,3,Country doctor product quality least work five space happy whole.
505,9728,881,446,5,Than account have law today argue wonder glass economy.
506,2467,1466,540,5,High voice wait baby kind far general may as.
507,1929,1477,406,2,Win wind off church story evidence course collection cover attorney people institution.
508,6390,1344,936,2,Natural other trip difference information rich radio middle certainly between green.
509,8169,271,96,1,Several already quickly story news level chance debate.
510,8371,1042,264,3,Happy sport read if simply green run loss citizen.
511,3381,870,384,5,Seven market half so real point agree officer reveal new.
512,7346,1395,427,5,Position herself woman early environment modern once newspaper successful market interest their western.
513,677,159,491,3,Space certain true sense attention project fly president we.
514,3805,1757,94,5,Can southern money call watch four although before total who.
515,2411,240,916,4,New member wear woman enter fly life right.
516,9684,1673,234,3,Imagine bring pattern hold research unit bar upon skill air school.
517,976,975,809,5,Throughout interest understand mouth investment interest.
518,9661,1171,683,1,Piece soldier leader best explain call mother standard exist man since.
519,3794,169,917,4,Listen police quality social plant produce concern say set Mrs later budget window safe.
520,7697,1229,541,1,Involve what talk tonight power staff memory travel scientist plant again.
521,2502,513,327,5,Especially always specific agency vote detail can.
522,7959,883,377,1,Security treat practice buy huge police industry station hit century ever.
523,6608,1450,232,3,Blue thing none let ago baby research particularly.
524,1737,637,209,3,Door plan choice evidence parent against education street political.
525,5441,328,453,1,Social country speak institution participant shoulder fish rather information blue mention.
526,8991,973,859,5,Republican major father especially she remain seat bad white policy high if.
527,3067,250,810,3,Next letter improve score do discuss society beyond difficult.
528,4479,591,752,3,Positive just game yes child never soldier audience network model article still treat.
529,1108,213,955,5,Very pull score first accept wife pattern world idea.
530,6974,1876,800,2,Really cause hotel event remember offer way ten.
531,2709,394,929,5,Suddenly she than key discover as somebody investment which party.
532,8384,1682,443,1,Red newspaper final line ever soon.
533,5240,509,797,5,Free which open church station room provide feeling off manage for around.
534,561,1754,69,4,College operation bill three myself join lot cause north upon.
535,8781,355,152,4,Job commercial indeed modern watch break.
536,6349,507,677,2,Amount evening nice picture wish growth professor.
537,7892,420,500,1,Plan time training Mrs start population food just without unit peace.
538,9121,1901,324,5,Amount tend body join ever discussion hospital.
539,5633,200,437,2,Population commercial son bar during focus.
540,440,1758,697,1,Woman enjoy scientist realize no early side happen near reflect.
541,3008,652,975,1,Land huge three body per arm minute boy energy art buy season.
542,4625,562,235,1,As police beautiful order design father.
543,4434,1990,855,1,Go enjoy rise cost pass national agency try democratic.
544,8303,1825,132,2,Issue never those must seek pick.
545,25,1327,239,5,Study nearly measure industry begin ready would.
546,7320,1225,166,2,Mother television focus evidence daughter blue win also common story lead.
547,9661,1050,880,3,Pretty theory local suggest development control assume participant cell everybody he.
548,9021,1070,660,3,Pull even newspaper pattern forward indicate cup admit defense site data issue action.
549,6133,1024,493,5,Staff pick artist so control open cover best building.
550,9961,289,815,4,Central local cold piece wide probably decision minute ever site store.
551,5746,1506,419,2,Cell first long anyone eat could daughter those.
552,3457,1870,84,3,Alone state dream image public late it more outside tax.
553,8053,1304,826,3,Energy us enough question quite collection catch him risk east.
554,6402,1813,316,1,Class professional act into relationship increase.
555,8149,821,303,1,Deep movement action later quickly husband peace.
556,8881,1857,954,2,Evening serious factor nor thank account all.
557,6336,626,978,2,Radio card south nature animal task art development.
558,5278,1048,80,3,Various ball teacher who change man right anything her stuff.
559,8474,1744,650,2,Religious wrong example do civil capital allow this direction.
560,3625,718,813,4,Full dark relationship turn social agent right.
561,5729,1943,577,1,Site attention decision real southern treat back order pull.
562,1513,345,618,2,Notice by today behavior commercial environmental mouth at change morning including science old.
563,6723,1185,440,1,Firm senior us magazine address shoulder end order cover.
564,6713,1959,288,3,Task base center more you early sort name.
565,4408,1513,806,1,Baby wonder talk majority artist kitchen present rather.
566,3452,651,291,5,Lawyer financial live name too special another mean.
567,6510,1678,935,2,Door score sister wrong entire live phone development have someone magazine who create.
568,1278,164,29,1,Very create blood return drop mind ability.
569,6635,1304,3,3,Off various fill seek somebody whatever authority between meeting certain two expect.
570,7057,1011,86,3,Each turn feeling car news share street street many itself receive street.
571,4244,1698,595,4,Prove city Republican blue yeah trouble move question which really manager.
572,7852,114,57,1,Fact guess seat away parent agree else take hit at my.
573,1209,1483,150,2,News prove their one mission east experience discussion.
574,2307,437,330,1,Sea room myself rather hour all challenge senior fight now local job heart.
575,1001,137,138,5,Set account as baby middle stay something certainly serve else.
576,6446,697,133,3,Race include western charge probably improve him walk read board start road.
577,540,36,75,1,Billion instead huge out traditional night financial second assume up production however pretty.
578,3568,1467,376,1,Collection quality method cup authority move pressure eat lead.
579,895,648,842,2,Land well leg player front six onto think.
580,9120,1547,260,5,From such produce citizen phone husband style entire knowledge two probably ask energy.
581,8312,1253,196,1,Personal responsibility fine air nothing food offer team kind.
582,1375,343,581,3,Support manager next set interview television music door study ok.
583,100,289,676,2,Probably price office where for yes especially down.
584,8704,1216,727,5,Well drop I fact bit writer color.
585,1635,545,29,5,Big less share option future even production tree individual choose group write.
586,6431,987,870,1,Identify chance doctor quality newspaper here color movement risk already.
587,5267,1324,497,5,Education involve wrong recently early now wide during.
588,989,1451,81,5,Travel read yard seat early treatment public site produce particularly seven process require.
589,5185,760,221,1,On day become available with including.
590,7669,1004,876,5,Center seem future language you indeed south serve one thousand road.
591,3591,608,293,3,So and cold themselves decision TV charge second news prevent way view.
592,6121,250,195,3,Cover face nor big affect ability indicate buy continue audience sea.
593,2394,1370,992,1,High cost suffer future deep rate reduce.
594,9391,571,488,2,Reality address second hold save garden for machine response draw such.
595,9546,838,745,4,Economic level every cold author see few attention scientist.
596,7320,568,229,3,Painting least couple toward air positive official pull be again dream affect street.
597,7704,1256,262,2,Although build medical resource spend issue.
598,1190,171,637,2,Raise think day go third standard set address add physical test what we kitchen.
599,7550,349,727,5,Eye but represent lot offer ahead hour like why debate campaign.
600,4446,885,782,2,No scientist sometimes bank economic tonight green best few study.
601,2327,406,806,1,Change office figure spring better society crime chance crime.
602,7267,471,986,4,Establish throw same begin together day institution treatment behavior sit generation.
603,3871,413,276,3,Story people moment force term start under.
604,6996,760,814,2,Finish strong former sit fish production use stop bit study just age.
605,2723,752,603,2,Enough central his young mission huge kid remain list.
606,3967,798,7,1,Consider financial learn either effect Congress movement detail stage.
607,8554,739,224,2,Bring find education move theory party church forward hotel could together.
608,5308,1036,871,4,Try only actually white people near structure purpose keep walk who huge recent.
609,5713,917,987,3,Author significant art easy citizen still option west lay create.
610,379,1976,758,1,Cut ground particularly fight spring machine in.
611,7344,571,845,5,Soon lead arrive increase hand clear region director.
612,244,1428,974,1,State minute building another explain image wait seven dog again stage near.
613,565,23,512,5,Health push light nation meeting fly focus.
614,8599,1173,889,4,Offer theory major consumer start lead whose another east civil cost realize vote.
615,6866,1108,847,2,Dog born class house military sell service top change benefit player task.
616,1098,1046,496,1,Serious process structure place wish early Republican determine character chair.
617,1679,718,12,5,Billion door play third respond though explain way general agree.
618,5133,87,207,2,Bed must phone behind network term protect view dark put sport or main.
619,2583,439,512,2,Interview practice animal challenge listen real professional soon war heart let.
620,3546,174,511,3,Great report board few participant we try major computer investment.
621,1756,851,517,2,National sometimes star find chance unit former figure former travel.
622,45,1057,333,3,Get require build score serious kitchen any consider science.
623,7603,1438,671,4,Mr many wait plant involve agreement.
624,3360,1800,612,3,Democratic ready difference remember agent next.
625,2981,1448,333,2,Beat military year look Mrs pick return.
626,8178,1408,771,4,Front college build moment paper happen part employee clear project always.
627,8629,1209,766,4,Down try parent government pick last leg wish time similar also skin.
628,8760,123,623,3,Attorney offer Democrat station upon service perhaps author.
629,4337,1546,888,1,Measure treat finish improve vote husband painting certain happy civil American your.
630,1917,1225,332,3,History approach say success safe analysis.
631,1533,1689,116,1,Her court take happy few opportunity series production summer suffer recently couple ten.
632,2547,537,84,4,Management business weight public miss under movie certain action.
633,2476,1707,156,2,Maybe list wall better put speak front prove high subject us yard themselves.
634,4081,991,680,2,Above product us couple possible remember strong management guess thought.
635,8319,512,836,3,Simply source allow door both capital lose huge.
636,2696,143,964,4,Organization discuss space professional change wind.
637,6543,543,71,3,Force from teach down who ask newspaper gun exist pressure.
638,3741,529,318,3,Shake drop bill and live matter task sport arrive try line heart choose.
639,1282,324,890,4,Director talk reflect all level story truth food finally represent that.
640,3428,1703,165,2,Since leg present character particularly goal about tonight possible.
641,6831,1379,209,4,Need body great pass instead floor strong effort.
642,1302,767,438,1,Necessary individual job institution later write ok population out describe American.
643,9797,1407,299,1,Maintain direction shoulder last power trial within should reason full change.
644,4021,780,227,5,Pull around much western choice charge beat.
645,9600,1962,354,5,Into ready risk beyond mean different.
646,7232,1182,118,4,Size exactly another Mrs show break wind put decide tend five suggest deep.
647,6783,968,905,2,Office or establish former international claim.
648,5753,1981,713,3,Relationship image student suggest through college.
649,7214,104,833,2,Current perform look paper road have range cultural list cover she development.
650,1682,1964,536,1,Actually book expect could lot old player.
651,4310,1385,519,5,Win day new inside positive how present.
652,3435,471,466,1,Up film seat begin have value participant final.
653,1969,40,578,4,Push player do party sing draw.
654,5635,866,884,1,View could argue partner various old.
655,7489,1679,430,1,Pass chance cell argue cause enjoy oil create day table past else drop.
656,4756,465,961,2,Want parent cause trouble choice left between cover area impact fast phone there.
657,4120,924,205,4,Action career else blood language sign size sell.
658,3281,515,408,1,Source pressure help ask page sometimes risk do try guess trial.
659,1365,686,513,4,Bag likely consider almost management perform early last possible.
660,2440,1989,461,5,Approach entire recognize bag cold stock.
661,9155,86,178,3,Anything religious about development sell why form matter.
662,7466,266,180,5,Result you spring source former travel everyone stay answer.
663,8391,1141,168,2,Number network century member year with close against record.
664,7431,313,574,1,Seek name point race above reach book hear military since short other.
665,6018,1271,13,2,Would on rest guess happen wide degree.
666,7328,713,686,2,By someone senior public suggest law so worker end.
667,5422,709,972,3,Local level allow interest various a.
668,6796,1019,971,5,Professional push statement Mrs role American.
669,2804,766,392,4,Charge get write easy agent trade laugh begin build.
670,6029,1085,531,4,Age side throw real wind about scene feeling money new send strong.
671,5890,1521,433,2,Science source officer for modern watch each bit blood often.
672,6227,1995,985,2,Green argue base at north somebody site focus drop call shoulder same.
673,1462,100,322,4,Before candidate civil whole sing among order future place source order.
674,9473,460,929,4,Use girl leader television among share take view.
675,3877,684,305,2,Major bed likely Mrs sea would short police official traditional economy.
676,9536,435,733,2,New white forget decade son college look.
677,2361,1727,240,1,Article outside group raise official foot.
678,4107,1698,396,3,Key people evening ever he anything include maintain message tax thought quite activity.
679,1379,1569,468,2,Seek cost lead amount away while morning speak assume sister assume prove.
680,4713,869,981,3,Nothing per attention major fast past fast.
681,2150,698,779,5,Choice table view center on writer produce.
682,305,297,591,2,Training third return another ready compare eight word pattern answer seat.
683,6730,1043,671,4,Situation peace American rather term serve including outside.
684,6852,433,556,3,Former himself realize industry rate reach idea begin.
685,9347,1767,894,5,Mention energy seven paper serve effort structure thought firm.
686,4754,322,422,3,Onto growth commercial right house possible pick whole lay.
687,7986,1962,223,4,Sure mother experience ready before story over charge hair he space among.
688,1338,1344,525,4,Three commercial surface buy model school example.
689,3565,1802,955,5,Total color while drop four letter trip itself education mission trip stock executive.
690,9231,1273,90,3,Need debate half effort simply senior write to apply history mention arrive finish.
691,4146,959,336,1,Defense decide finish I tend point.
692,5942,1115,893,5,Ground international mind dream TV provide our pressure theory develop impact.
693,4076,670,759,1,After Mrs reality concern small knowledge.
694,5875,264,381,1,Church next protect home show specific only how work him wear wind right.
695,2357,28,697,1,Among executive security better lot maybe break idea too.
696,8437,1392,492,3,White result son manage current suddenly door art.
697,4714,1041,868,5,Total music sound night hope human.
698,4139,1098,595,5,Quite recognize beautiful southern without difficult early even set art hospital.
699,3932,758,86,4,Assume everyone she couple debate eight machine behavior break these.
700,1469,1686,817,3,Risk soon most forward reason back news protect myself notice.
701,8095,1164,915,4,Itself voice tend recent energy spring practice traditional involve brother author.
702,5853,59,959,3,A past attack garden commercial state plant region name gas there.
703,1262,1017,206,3,Sort piece image truth at thought several stock office recent.
704,9054,1366,163,3,Middle expert issue where wife spring.
705,6923,634,158,5,Song player who scene lead nor worry weight yourself.
706,5439,1542,400,4,Start girl system move similar respond on.
707,4113,1761,753,2,Me dinner ever world authority TV reason traditional maintain might myself career.
708,5008,240,540,2,Such high so over pay trade.
709,2987,1178,784,3,Whatever significant fast hard bank difficult hope send.
710,6609,1690,817,5,Money spring along offer early beyond continue here open.
711,7592,1132,317,4,Become year tree its face edge no same soldier begin whom consumer data less.
712,6526,140,999,2,Could traditional ever staff live summer history majority four education hundred sell.
713,3660,1375,414,3,Though care establish food start senior popular work any area exist candidate.
714,8105,1388,730,1,Join situation pay ability a industry blood door week.
715,2493,326,953,3,Likely recently begin others worry daughter treatment more model carry evidence our such.
716,6737,1132,257,4,Film without back environmental role fund meeting.
717,6388,819,304,3,Plan purpose morning cold design summer college land any hotel former.
718,4593,1264,953,5,Structure around reflect indicate quite degree system real cell age here later than.
719,9295,1627,736,3,National east argue learn southern large.
720,2668,713,130,3,Develop modern organization certainly realize buy number pressure hold even likely talk.
721,2232,426,521,2,Require sound specific property north process concern reason similar firm security.
722,4057,899,808,1,Single center stop source see produce away probably.
723,7109,825,705,3,Think avoid book media entire perhaps air teach item detail character chair.
724,2172,1045,582,1,Bit certainly case simple adult late.
725,4333,759,460,1,Resource who recognize simply system begin.
726,5658,1954,812,1,Whose serve son customer north discuss area national despite through line head second.
727,809,960,867,1,Sense news such the however personal trial goal key yet stay.
728,417,1908,289,5,Wish region occur strong need film unit full lawyer.
729,296,1790,272,1,Significant movie education who government world fish improve why race usually attack.
730,8832,1519,249,5,Visit industry think pressure speak also positive and.
731,5823,445,658,2,Trouble avoid dinner risk plan want rise nothing bank assume.
732,9918,1601,565,4,Increase machine development form choose sit animal never should station situation art.
733,3334,319,163,1,Foot before live those method bank thought there.
734,5625,325,134,3,Information camera usually for stand describe true thing beyond why us send.
735,1947,1649,391,1,Voice conference four lot nation past free.
736,1722,1371,132,2,Throughout hair husband trade Mrs job leg born become eat.
737,2189,1256,129,3,Answer effort third little nice nice happen decide.
738,5218,432,198,3,Cut form middle we goal produce inside.
739,1983,917,94,2,Purpose only a weight last see activity play special.
740,7070,808,952,5,Professor various behind sign recent system final attack personal yes stop.
741,5501,314,231,2,Study north trouble compare travel painting.
742,9627,1769,448,1,Control father total Republican not might point person.
743,3042,1634,923,1,Identify go environment near foreign space low nothing sound.
744,6766,874,602,3,Into low situation be pay TV PM.
745,3831,40,194,1,Myself best single citizen stand ready food level.
746,5132,1286,546,1,Discover any model training cost ground accept spring.
747,127,262,523,3,Seem keep budget avoid voice coach show clear participant.
748,4740,857,580,5,Exactly feeling single discuss us center early.
749,9660,563,713,4,Recognize street range democratic near fall feeling old place how.
750,6545,965,803,4,Region how try left itself either work require any writer own reduce.
751,706,1871,955,5,Join face Mr blue at dinner small quality window hit most.
752,2159,230,706,3,Authority house plan surface international soldier team foreign fight.
753,1718,1161,374,4,Couple name here itself conference situation left simple almost language common.
754,9934,307,480,3,Already end director color into base accept today skin education attack bed.
755,1681,761,42,1,Account agent ready attention science option capital series performance.
756,363,1815,563,1,Full easy family where project in.
757,5153,487,531,4,Can quickly development skill in trial huge weight exactly return collection participant.
758,4544,1623,163,4,Cell middle shoulder level official cell must why provide heavy new everybody generation media.
759,2216,969,684,2,Continue finally political sell however father economy even ahead.
760,81,173,205,3,Range board hour agent tend few start them whole successful spend great responsibility.
761,4885,1487,906,5,Entire camera very reduce work world line professional sometimes woman free owner.
762,6060,888,631,5,Actually society people treat policy movie ready with staff her.
763,2896,1164,439,1,Spend about baby any attorney conference floor avoid design month camera resource turn.
764,7595,756,185,5,Standard also agree person something lose though whether take trip single find huge.
765,4553,1711,331,1,High identify feel character close economic another look through.
766,1666,454,800,3,Mouth step over health represent truth.
767,9396,1243,689,5,Inside power shake trouble list source manage approach.
768,6204,942,566,3,Figure statement tell despite also sometimes me evidence take.
769,9034,693,975,5,Space home develop network employee century since performance.
770,2265,551,419,2,Culture continue alone cut glass television similar expert politics ever top right everything.
771,5524,833,56,3,Job eat officer mind here best world Republican food someone yourself help hand.
772,5830,1743,835,1,Bad inside heart eye action report wife sign against politics.
773,2071,159,757,3,Figure social call Mrs event body cost rest.
774,4189,320,472,1,Home spring light blood pick benefit prepare.
775,877,440,949,2,Admit sort often former central education who yeah consider some book.
776,542,662,832,1,Information wait candidate who action performance that military bill.
777,2795,544,987,2,Gun after above some trouble heart public present answer song.
778,4113,1842,366,3,Nation unit article north the throughout significant him leader tell take teach want seven.
779,7073,1038,912,4,Term three way sell meeting number thousand send past citizen what leg amount include.
780,7161,1954,57,4,Evening dog window red rather production.
781,8946,1507,144,5,Already modern answer citizen raise increase impact product.
782,4849,116,791,4,Candidate market leader through the TV start.
783,7503,347,240,2,Summer must community paper manager cover close.
784,8713,574,230,4,Seek have once responsibility several drive message become shake.
785,6013,376,605,5,Quickly audience until parent for statement agency perform leave both.
786,9654,414,843,3,No small that individual moment discussion.
787,9012,268,841,3,Life fact meeting thought now again author organization their show.
788,2263,386,991,3,Particular street campaign accept five contain data language physical mention.
789,8259,1301,533,4,Front theory industry support find center offer question manager quite shake game.
790,7120,1391,207,2,If cold owner chance foreign exist girl forget southern cost force purpose whose.
791,7849,267,538,5,Collection at turn issue teacher book cut security personal prevent hear.
792,6864,457,687,1,Home line ground half rule operation.
793,6169,316,707,4,Race yard create exactly hot price side approach firm maintain stand political.
794,84,425,363,1,Simply yourself popular evidence walk poor kitchen itself church.
795,5638,1336,321,5,Compare talk professor little responsibility dog really debate foreign agreement pay imagine effect return.
796,1935,699,798,2,Hour individual eight Democrat when heavy fish.
797,6638,1538,640,5,Energy choose model meeting nice try trip result citizen.
798,9581,739,197,4,Probably him feel pattern may word us blue sort attention employee better.
799,3052,309,685,3,Remain admit real challenge democratic keep since attack yes.
800,8747,510,605,3,Shake tree who position family trouble what.
801,5138,130,891,1,Woman cell rate describe property why weight think line player suffer.
802,2746,517,871,5,Which and structure hold maybe issue when charge fill.
803,7585,748,293,4,Personal serve meeting red level huge certain those.
804,8165,1140,225,2,Try American off sometimes happen agency.
805,546,747,72,5,Look vote despite usually wait past show mother strategy.
806,3966,884,597,3,Over beat physical rock message involve pretty itself loss person skin paper.
807,2491,205,616,5,Sell way couple sister number scene wish opportunity spring despite international purpose trial.
808,8890,1881,438,3,Blue try ahead have never during fine into check voice treatment soon military.
809,7367,457,186,1,Road daughter involve condition address sell instead carry theory entire without practice recognize.
810,446,961,332,4,Next left with real result affect.
811,5034,920,680,5,World guess enter laugh defense computer organization.
812,1616,1374,891,1,International tell office shake around view hope blue.
813,4911,1928,776,1,Himself bank few product either win.
814,275,306,1,1,Ball side economy visit check ten today event see his this thus act.
815,5631,333,386,5,Condition security while black improve indeed production.
816,299,1201,713,2,Benefit believe gas always discover game.
817,3194,509,830,1,Necessary voice their administration training medical sport buy artist.
818,8118,1901,297,5,Race attack range PM foreign then so during.
819,2057,1669,99,5,Method difference member yourself east actually could lot civil budget moment edge middle.
820,1053,1163,156,5,Top court religious own floor fly manage indicate.
821,2031,800,800,1,Itself fall leader know Mrs themselves.
822,5819,491,112,4,Management decision relate four line environmental.
823,4034,1992,775,5,Exist knowledge kid election human end election business indicate those imagine human.
824,6167,703,780,3,Main spend civil candidate method floor into such while.
825,996,1920,678,4,Admit fall bed Mrs relationship success design if cause.
826,8664,353,762,4,Budget imagine college adult price most.
827,2601,1040,649,1,Guy movement various stand fight across.
828,3077,370,436,3,Building really finish every art law tax general.
829,7235,1951,468,5,Form author anything attack voice relationship exist.
830,5254,1751,89,1,Friend major audience medical red push stuff cover.
831,2372,325,479,4,Show purpose agreement close there worker ten piece difficult recent forget more.
832,3377,300,733,5,Sometimes rather kind forget fly put contain respond will Mrs plan.
833,4215,411,33,2,Congress catch third institution teach that.
834,7832,504,299,3,Bag reach local why movie attorney other three growth movie particular speech.
835,8189,1142,785,1,Month dark computer fight finish these employee.
836,889,449,802,4,Just particularly particular play course must sell edge four head general.
837,8744,1724,661,3,Or people thousand agency school study record leg blood do effect method wish.
838,7974,1323,603,2,Number open difference under already fear throughout cultural everyone.
839,3006,361,413,1,Them adult air success ok drive practice lay save turn radio.
840,8166,202,797,2,Long month face this over could baby none anyone task mind.
841,1226,43,510,4,Trade top war term early husband learn edge word pick group hundred.
842,8962,555,628,4,Plant event yet cultural deep more note cultural sit.
843,1463,1792,617,3,Particularly especially provide thank send decade agent value may campaign region dark.
844,9974,1575,3,1,Miss for picture next office high body action.
845,8694,1400,693,2,Avoid peace few prevent blood financial politics rule often financial.
846,6362,936,690,5,Body head produce claim news manager.
847,9961,673,863,4,Wish evidence win minute form share enjoy shake.
848,7706,1087,230,3,Note conference shake direction shake cause would can study room information win.
849,4270,1877,137,5,Despite other understand money after plant military present easy stand.
850,6220,1448,971,3,Different just court painting down food last thought all fund.
851,4979,1007,224,5,Goal evidence water myself right position author.
852,5854,1570,845,1,Raise deep middle nature pass himself low claim dinner relate.
853,3484,1052,449,5,Month degree last soon anything get thought consider guess across reality garden.
854,7590,194,7,3,Them sure dog big coach development decide politics space.
855,8479,282,725,5,Wide lawyer should catch property appear a nice painting structure reality.
856,7484,1044,783,4,Yes country nearly base no order.
857,4275,887,588,3,Military art case government see heavy together middle recognize oil piece politics yard.
858,5887,1290,591,3,Member house bill drug improve well.
859,2837,754,900,1,Last two week figure crime control win win choose see economic surface whether.
860,3710,147,18,3,Improve agency family service so her four community others story someone.
861,4088,1369,359,5,Prepare dog letter meet light pressure during decide west operation fact.
862,4662,1297,853,2,Wall design buy time record few scientist number music suggest woman investment quite.
863,5961,110,791,3,Successful state sense at window figure physical central never.
864,8446,708,70,5,Behavior maybe institution indicate network image air ahead experience game.
865,1296,737,575,1,Number cell bag boy behind the.
866,4368,923,651,3,Management huge both inside parent front ever relationship office give.
867,4119,1143,737,5,Administration follow data maintain floor official.
868,2884,206,732,5,Defense partner cover current us notice collection time leader character least fear.
869,9398,393,265,5,Top movement happen she only box mission by.
870,5399,459,391,2,Avoid guess need letter eight bar nice.
871,5292,1103,1,4,Guess behind prevent sea culture act.
872,2469,293,165,1,Easy star remain computer suddenly individual trip plan project never yet travel boy.
873,7178,1048,318,3,President be eight house establish century red sure of local.
874,4779,872,536,2,Instead develop reality resource sister also music.
875,8969,604,636,2,I health go bill senior try particularly seat interview another.
876,8392,1339,967,2,Open inside themselves decision size reveal economic carry beat few tonight.
877,2907,741,273,3,Mission remain eye only room second traditional test story.
878,6612,618,338,2,Citizen religious feel of finish idea member health son movement attorney girl.
879,9297,243,487,3,Idea general article sense still sometimes may research issue image.
880,7268,1198,68,2,Discover else suffer strategy huge town office you every.
881,8084,1999,250,1,Article alone idea today nature eye series eight and possible.
882,9883,883,694,3,Laugh spring building across data list magazine later.
883,9237,280,276,4,Necessary three leader memory product ball eat player environmental eight model senior.
884,3636,26,427,5,Bag expert describe benefit school dinner traditional bill laugh ready.
885,637,782,169,5,Measure knowledge wrong campaign many future interesting three couple ever different inside hot.
886,622,745,193,3,Book enough wide it wish consider hundred.
887,8358,376,786,5,Poor always he player arrive growth budget defense consumer break local growth.
888,9461,1028,61,3,Nice tend she when why way attention over computer performance phone clear.
889,4040,489,270,1,Turn usually person either indeed line dinner.
890,3546,1152,631,5,Imagine usually program finish owner dog everybody about.
891,745,18,124,2,Close hotel professor chance own fill father visit lot force situation state.
892,6471,97,573,2,Decade think mention myself measure claim.
893,1967,1842,973,4,Training rest sort PM nation speak set than.
894,9231,1662,966,4,Voice teacher free day interest move voice catch artist southern.
895,9524,747,791,4,Partner others number break country visit special.
896,4438,1694,621,4,Not three official member pretty ahead focus.
897,4332,1008,332,5,City total explain factor business interest.
898,74,420,8,4,Sport able low every color level great hour few participant.
899,5863,1602,267,4,Administration discussion accept risk long against data TV whatever morning.
900,816,1667,6,2,Manager matter collection morning seat TV stand across.
901,7926,1981,145,2,Edge option of occur subject practice manager.
902,4566,425,973,1,Ago body wide research late make drug bar push fine.
903,5225,624,978,1,Music truth lot save individual personal hospital change you American people.
904,1459,546,731,2,Trade manager ever power information store.
905,662,1580,429,4,Then issue ok room describe seek story.
906,9732,830,194,2,Mr base outside student wear character apply myself keep business skill else often.
907,462,1711,418,5,Accept second even form though Congress break practice federal item find reach.
908,9257,1132,648,5,Energy green until upon strategy gas develop Mrs approach down.
909,6851,1203,649,1,Stuff tree voice serve suggest great animal two home gas feel.
910,9780,1459,280,4,Describe strategy take without today research west organization each.
911,7246,1865,235,3,Contain woman between analysis which too people without make between discuss room political.
912,4978,831,282,4,Past huge manager behind cut hundred particularly kitchen against forget camera line allow.
913,4321,858,555,1,Stuff career paper drop physical get.
914,1216,1020,59,1,Knowledge brother choice manager answer something design community.
915,7385,1139,694,2,Firm training trip ready others increase international whom reach return speak say.
916,8887,506,159,2,About give argue for middle same citizen despite yourself hope president year fish.
917,9556,1153,8,2,Magazine drive stage end site near book step inside good.
918,9332,201,235,3,Thousand collection factor sure question threat seven loss thousand spring let.
919,4324,1396,921,3,Speech two these already condition just turn age plan court project.
920,4417,1959,379,3,Environment young wish speak while know.
921,8942,543,989,2,Alone trouble many daughter cultural lose.
922,6526,522,850,3,Him include we mention activity think.
923,6981,1449,369,2,Sing natural police attention loss avoid soon write improve fast political vote.
924,7614,1479,278,3,Clear you easy help whom just up radio you.
925,2673,776,785,4,Tax area true focus new realize area.
926,8261,1001,51,1,Avoid order trial parent less even ago meeting sing.
927,4112,829,280,4,Mention reach radio finish will avoid let.
928,4182,550,871,1,Price special wide serve field late environmental win stand north song.
929,6375,1446,260,1,Sea institution behind shake game news various as peace author before our.
930,3197,1411,901,1,At there mouth since huge yourself myself student.
931,8365,1078,376,5,Single despite nothing message she only return.
932,2936,1119,198,4,Analysis quite article sure job if live local.
933,6429,1062,576,5,Fact consumer both office bag today Congress best inside friend apply.
934,2786,1877,44,5,Kitchen everything plan partner suddenly agent.
935,8235,827,463,5,Both model figure view third drop.
936,47,1142,68,4,Enter research on pattern theory have.
937,6461,1245,815,5,Glass very guess machine coach positive activity little without.
938,9622,1190,581,5,Decision late contain million force current raise thought maintain plan someone.
939,9601,15,53,5,Ground street person pay most defense law skin why test.
940,2328,1050,550,3,Someone bank boy mother thus best probably tell.
941,5177,1851,482,3,Affect first Congress time new husband it.
942,5160,196,677,4,Begin type character reduce trial people peace.
943,7079,769,687,2,Phone former term of first story deep until.
944,1583,1218,57,4,Record any certainly democratic here measure plan edge evening game represent movie.
945,6155,739,80,3,Recent current final game free join director room field.
946,3433,429,331,3,Rate must happen thing forward spring shoulder.
947,7926,235,959,2,Answer board consider face conference enter peace arrive who.
948,4940,541,120,2,House book travel always notice tough page.
949,6903,1874,46,4,Purpose account wife former least store player campaign course weight.
950,559,1393,42,4,Cold most stock compare small indeed network.
951,1912,1054,462,1,Movement feel nice make so trade great law bad interest deal recognize involve.
952,5673,502,317,5,Heart everything too degree doctor start last.
953,7989,1275,242,1,Dinner teacher more my young if side.
954,3073,1936,179,4,Leg phone to glass few soon sport news knowledge direction citizen.
955,3422,1578,502,5,Good white kitchen evidence name water carry summer service wind.
956,7124,675,989,3,Rock brother house middle value million size instead sport camera.
957,5447,762,648,4,Some exist really world response should through age hard direction garden really.
958,8837,254,516,4,Act when themselves life war season ground majority Democrat mean easy voice.
959,7645,538,448,5,Activity film eat interview say party.
960,1681,1694,284,2,Beyond opportunity during local century although process politics accept or foreign.
961,502,50,134,5,Box pretty let true could southern join.
962,5083,269,290,1,Hospital agree safe figure structure finally significant tell forward some listen field doctor.
963,6037,1621,395,2,Discuss leader national door although treatment read side information cost.
964,825,1314,693,2,List laugh so find arrive drive.
965,8256,1077,919,4,Focus discussion all surface wide receive food suffer it north tell.
966,1395,1153,588,3,Some weight true still remain meet talk result.
967,2158,659,445,4,Tax local admit scientist past artist voice too including child could big.
968,2749,773,779,1,Nearly major cell here hour radio.
969,1760,848,99,3,Official cup trouble market more suggest everybody decision way sister.
970,4847,822,918,5,Eight help American how group area discover.
971,6900,1354,790,1,Something perhaps college wide art age join yourself night leave last science.
972,4016,148,928,4,Capital mother mother brother yeah guess knowledge.
973,4999,1358,641,4,Early thus doctor up four he off listen fly piece.
974,2740,473,983,1,Identify next his these parent loss notice still book wait practice.
975,9439,1280,111,3,Girl good issue collection treatment long process she worker much together.
976,6515,1732,957,1,Yourself represent feel their rest senior follow itself these enter him.
977,8568,1416,759,1,Experience use phone model the eight someone also general.
978,4053,243,75,5,Each include movie food method few fly rock final discover message understand build.
979,1814,1704,364,2,Let case determine trip customer that north card shake debate.
980,8404,678,306,2,Interest thought drive who film miss through through yes seem story.
981,9578,1085,208,1,Enough learn chair price reflect certain.
982,3696,696,492,5,Thing while total last brother free necessary head social.
983,776,1211,726,3,Option whole building help news four.
984,189,912,107,2,Speak mouth quickly interest draw address attack prove trial thank believe.
985,5858,831,605,4,Young that move knowledge care believe project enough.
986,6094,1682,253,5,Under before green nor head right.
987,8550,1328,211,5,Son condition southern force save member operation body face wear.
988,8611,2000,270,3,Treat level we fine half poor base notice beautiful church foot thing number.
989,9343,1344,267,5,School southern others rather ready sound past.
990,6937,800,235,2,Partner hospital allow person surface free region civil great offer our particularly.
991,7134,289,211,2,Those food green which federal mind out seem note weight child however agency.
992,5777,200,754,2,Drop those reflect toward decision land new.
993,9926,1798,538,3,A choice record difference wonder current enjoy here example drive.
994,8438,1295,936,2,Threat sing born if general help kind.
995,1512,1820,505,5,Beyond treatment beat person guy peace.
996,4040,99,738,3,Yard adult gas step beautiful already air girl capital hundred chair.
997,6831,776,238,3,Within these good stage study month feel billion reason stage threat that.
998,4866,1675,740,4,Section would writer over return doctor.
999,9584,1195,857,1,Word crime beyond for nearly less car thus final heavy sister report.
1000,8524,1314,474,4,Population money three but employee receive fear much create wind now.
1001,4068,191,296,3,Network area yes cause environment use myself prevent full project ask.
1002,1472,1354,716,4,Whatever maintain affect decision enjoy right course paper organization various sign.
1003,1654,1569,993,5,Charge lay order economic heavy lot past show manager turn.
1004,1734,173,333,4,Standard bad hope billion standard relate reduce early tree from everyone find.
1005,8920,406,13,2,International system admit only five night.
1006,6243,577,234,4,Skill employee may firm evidence series town central your leg.
1007,4823,52,580,3,Woman cover beyond particular black life source month last give pattern instead.
1008,5183,116,510,4,Serious soldier air town however receive quite probably if spring tough.
1009,4218,49,999,4,Father around push practice true that.
1010,7771,1536,58,2,Detail along method produce college hospital PM.
1011,5924,1069,409,1,Memory identify participant allow throughout social.
1012,8146,497,490,4,Accept field key possible degree cost third.
1013,1439,387,101,3,Service any soldier democratic late decision nothing.
1014,7425,33,542,4,Gun include agreement prepare although sport TV develop executive avoid claim free detail.
1015,8140,1371,309,2,Receive able product wide best decade.
1016,6073,1908,47,2,Type within on industry walk soon positive those former.
1017,3375,752,225,2,War value return hope can language away save decision girl bit.
1018,9260,713,649,4,Hour least vote support his stand side break reduce trial.
1019,5410,742,459,1,Skin dog apply memory camera chair your him specific end action.
1020,5424,1037,484,1,Figure understand account drive heart world at.
1021,6743,1068,568,1,Yes others onto during morning same ok.
1022,8272,1875,94,5,Nothing entire daughter certain cultural product by treatment.
1023,773,272,491,2,Marriage music cell husband worry strategy itself live level investment.
1024,9380,1856,396,5,Concern bill between material staff else more rock where on person.
1025,3703,1578,438,1,Federal knowledge prove almost field poor.
1026,6517,366,801,2,Real society lawyer authority line base raise argue memory win sister bill.
1027,5894,1438,768,5,Seat detail himself fish green table type born.
1028,1002,1907,263,1,Not cup later real talk foreign special report manage participant behind day manager.
1029,1905,968,429,4,Wonder agreement hotel ability clearly head indicate.
1030,6027,1295,141,4,I decide political next moment remain land.
1031,3119,1842,67,2,Back trial coach sense financial daughter direction loss run process impact note science.
1032,2998,1499,32,4,Star pick page few difference assume born.
1033,5822,891,655,4,Development happy tonight door American material TV.
1034,9210,759,560,1,Either child series despite dark including.
1035,5706,30,505,2,Sort wife citizen quality gun water environmental garden run understand perform set.
1036,2873,1501,316,1,Teacher around boy deal real movie push line fine reach mind resource watch.
1037,5413,1016,598,3,World top any study perhaps play machine space.
1038,757,80,954,1,Nor treat into throw task race somebody prevent.
1039,606,1351,736,4,Line television seem TV new dog.
1040,8780,100,882,3,Too doctor air police fine to capital.
1041,4646,421,244,3,Course hand stop happy Mr condition once amount me close.
1042,9747,1620,551,4,Across community fire lay in left boy.
1043,2966,596,816,5,Allow plant drop teach keep information which surface one certainly style.
1044,6990,598,336,3,Keep whether girl feeling back operation tend decide speak up.
1045,3274,174,506,3,Them knowledge prevent sometimes degree available.
1046,7422,621,247,5,Over kitchen produce camera Congress morning spring reality somebody social white reality all.
1047,9348,1227,978,2,Radio theory radio son its fly upon property.
1048,6841,1893,372,5,Different movement world both game last side.
1049,6928,1075,167,2,Shake range military wish various rule.
1050,3317,1046,850,2,Movie mother certainly push responsibility situation law above believe left second.
1051,9815,1048,773,5,Political data among black would democratic adult.
1052,6953,268,75,2,Key rise door cut hear rule discover west.
1053,9436,1061,293,4,Community approach worry less her identify present including west room see international.
1054,6428,364,663,1,Follow to quite general senior important someone appear stuff can traditional risk.
1055,3158,1909,507,3,Data fear write radio seat federal wrong his threat manager certain traditional.
1056,4610,1369,940,2,Positive world approach memory despite those unit add.
1057,2146,85,655,4,Natural take often create step while policy move wife record.
1058,1803,1261,663,4,Present store maintain floor attorney meeting.
1059,5048,644,497,3,Quite international affect think tough future various early choose sport.
1060,2350,1698,642,2,Positive discussion hotel behavior dog six base center message movie staff writer past.
1061,6919,664,296,1,Focus situation discuss six media recent difference interest summer.
1062,2201,961,446,1,Something artist left brother she history vote.
1063,5646,755,138,4,Same great data instead according thank care challenge experience.
1064,4580,1165,145,4,Tax nearly use save current adult people.
1065,1081,813,335,5,Yes husband might arm east teach again three activity.
1066,6416,461,110,1,Air sister which agree his especially responsibility statement guy perhaps.
1067,6756,583,171,1,Hundred less writer friend mouth director remain get story black medical long.
1068,476,1283,778,4,Guess opportunity kind capital common way project entire indicate book very leader.
1069,5391,10,790,2,Receive become role east these among score window measure necessary decade decide.
1070,598,1557,256,5,Quality try director product side hard.
1071,7047,898,39,3,Area create support country discuss letter during.
1072,7428,1862,753,1,Half office item today senior us conference value force because.
1073,2086,1837,373,2,Each feeling form from left research ground night simple.
1074,5341,1733,113,4,Fund left admit society level week travel art participant job stop land magazine.
1075,179,432,101,5,Author interview rock point while financial reality cost against.
1076,5738,1146,855,1,Thing we through number push them true open baby per.
1077,9917,1847,395,4,Several blood police news much around alone western after role.
1078,7855,638,579,1,No glass yes dream always cold walk own do walk article amount sound.
1079,2618,1723,289,4,Figure particular paper blue how learn majority sometimes charge read.
1080,5698,1509,733,3,Bag reach office local attack place include though account must.
1081,7080,946,226,4,East rich central especially dream professor table about will sit boy firm analysis.
1082,549,754,805,4,Training reality above agree think management those once including ahead woman administration language.
1083,605,1312,610,4,Financial sister guess stay approach article itself free music attack.
1084,9048,398,58,5,Successful within situation design professor beyond adult free per next.
1085,188,1224,123,2,Main management rise bad write actually dinner discussion.
1086,1749,1591,830,2,Effort from mean research each new voice hair there sound argue.
1087,7382,429,619,5,Girl store student trial mission research.
1088,6148,398,711,1,Money myself travel morning finish bring can.
1089,1606,1531,62,4,Focus alone against west long responsibility.
1090,5255,408,388,4,Attorney send next week agent at cultural people firm party.
1091,4382,958,673,2,Cause question trouble no enough guess guess fast week for.
1092,2251,1160,257,4,Source campaign want nor however chance off.
1093,806,1008,105,3,Kitchen appear eye late really often history sell at.
1094,6510,182,838,2,Out say last keep table plan some help include word station choose then.
1095,6290,359,45,3,Drive street pull role morning so.
1096,6426,699,130,1,Draw north cause remain perhaps role reflect.
1097,319,103,21,2,Should about marriage land there quite south site any nearly treatment big.
1098,8229,496,356,5,Somebody each good almost health before.
1099,6304,941,250,5,Interesting manage quickly send own race behavior cultural culture.
1100,9544,287,508,2,Ok common increase itself allow those ground modern it food here choice value.
1101,234,617,699,5,Focus federal matter media sell response single raise measure realize as.
1102,9046,699,211,1,Camera into father although concern wrong run win institution listen.
1103,1891,1516,252,4,Himself agree whether common everybody message firm bill could plan woman how.
1104,6706,1690,994,5,Test sign hair report soon and mission bill occur hold.
1105,6627,636,654,2,Much big want both give since choice forward need class six.
1106,2226,51,773,4,Attack dinner reflect relationship own choose suddenly.
1107,5428,1236,183,1,Benefit give fire summer both important relationship then nice large enter could.
1108,3503,304,197,4,Help represent pull deep behavior manager according box.
1109,588,998,107,2,Development despite small agency left through strategy.
1110,8269,489,745,1,Almost fall put nature three little exist.
1111,3408,1185,44,3,Medical arm term your simple impact establish yeah develop attack nothing.
1112,7190,427,18,4,Member risk run well situation himself contain work simply open.
1113,907,1900,105,5,Meet many us natural outside if course experience.
1114,3558,132,946,4,Market stock it hot firm ready agent.
1115,8694,743,246,3,See reflect bag third parent ground respond science time make wait play.
1116,1220,693,235,3,Capital energy address beautiful check personal cultural provide particular.
1117,1537,1760,296,1,New many need somebody lay weight design important dream civil keep little history before.
1118,8257,1809,516,1,Audience lot poor quality fall case.
1119,2959,551,665,4,Station away prevent learn film sister.
1120,9979,1446,970,3,Others travel could daughter threat occur authority standard claim improve morning.
1121,5206,1118,431,5,White amount since baby best edge PM owner budget.
1122,5632,211,183,2,Step hotel manager present yet true paper teach huge top interview finish do.
1123,4321,606,529,4,Political paper attorney language then across.
1124,4213,1546,80,2,Green event story fire movement peace attorney area owner standard he people.
1125,3589,432,897,3,Wait term present perhaps rate floor human service water prove.
1126,110,1022,503,2,Peace dinner continue through should nation approach few arm sometimes nation.
1127,2009,1730,380,2,Hour win along account interest also my several score arrive.
1128,9236,118,458,1,Worker tree I less bit huge later dark eye market trade admit understand.
1129,795,989,583,5,Family you ok feel care research international national where seek.
1130,7243,449,321,3,College two set can go grow quality magazine dog clearly eat summer meeting.
1131,9248,1312,990,4,Nice policy eat officer positive movement although.
1132,6578,1160,258,5,Man structure before contain why drive.
1133,3405,1855,51,3,Pattern training play until and attorney leg.
1134,6576,1760,938,4,Decade market kind management everyone wonder different magazine than clearly leader.
1135,3254,494,917,2,Station relationship season speech rate section father similar cover position.
1136,4882,1687,611,4,World people answer road hold minute accept year person.
1137,2091,1411,1,5,Happy shake during within sure around staff culture.
1138,5146,1556,365,4,Size special quite pass clear success each through property minute lay.
1139,2472,389,517,5,Catch concern side television police policy statement positive control interesting water defense.
1140,7351,1428,493,3,Attention want start light against direction up sort sometimes itself order third than industry.
1141,5002,1358,94,1,Likely back nature apply as inside city exactly piece recently.
1142,3953,1316,473,2,Kitchen adult business exactly build sound every small mind gun lay card explain.
1143,2787,93,91,2,Building right spend manager tree off program way shoulder and everyone support term.
1144,974,288,767,4,Wear school without really forget computer floor forget.
1145,4807,1554,660,1,Knowledge floor film couple public food ball suggest.
1146,7975,1206,193,2,Mother send scene public situation pressure just gas bit career these now accept.
1147,8909,1273,376,3,Board body national than finish measure two professional future father cost wall.
1148,9671,1456,31,3,Area baby also project thousand somebody its meet official any art charge light.
1149,1438,753,532,1,Share behavior black hotel whose attorney dinner.
1150,9184,1721,292,5,Religious base up discuss black course everything statement.
1151,8116,506,79,1,Record long child art try section its strong memory before require medical.
1152,4594,565,222,3,Hard draw east pattern eight large point right decision probably focus design Congress.
1153,8606,1437,250,4,Though imagine available hour event responsibility resource watch consider order care at hospital.
1154,4819,534,596,1,Never teach still tree much four bad learn baby to.
1155,5209,933,917,3,Surface yet explain billion memory tough raise production policy possible policy color bed.
1156,8090,1348,389,3,Most industry however charge her store full even character degree live population technology.
1157,6165,1256,725,3,American believe business natural suggest when.
1158,6172,1846,509,5,Civil work dog another your international start growth usually easy hot close travel tend.
1159,2583,658,48,5,Yet color garden yourself quickly dream term message.
1160,9169,1827,116,5,Particularly rich environment adult thank throughout address mind they.
1161,3946,975,572,4,Find fill training have walk big image few second create news modern two.
1162,903,136,497,5,Record edge place develop middle conference without natural.
1163,6297,1813,210,3,Anyone and traditional accept character decision single force pass thought like.
1164,702,1111,258,5,Although themselves actually my drop future management campaign commercial tell exist whose serious.
1165,7862,891,857,2,Only sister relationship federal head minute think.
1166,9505,964,193,2,Board they various miss product sit maybe eight protect themselves nation have.
1167,6510,692,372,4,Set why that other single court feeling pretty lead believe speech management.
1168,5634,1276,127,4,Campaign late behavior all city order.
1169,772,453,91,2,None pass suggest paper much hold majority mission together team.
1170,2680,202,551,3,Line sure within able least respond large let choice draw responsibility sound computer director.
1171,725,779,885,2,Assume attorney particularly before color indicate kind commercial attention me picture.
1172,2393,1719,445,1,But fish assume show much purpose recognize.
1173,6582,300,544,4,Risk relate building only painting child nor.
1174,9416,1742,782,5,Himself his part management nor Republican case push enjoy particular TV specific know.
1175,9446,198,622,5,The performance figure history picture hear democratic member just him.
1176,9309,1541,155,4,Value growth for sit main newspaper firm strong represent research position.
1177,9370,593,511,5,Back arm walk walk care recent light audience world back or indeed.
1178,7615,1464,753,1,World type leave program develop choice catch successful bag building occur work chance.
1179,6843,1831,314,5,Computer before heart hear team else research number me fight.
1180,6970,405,362,3,Attention cost author full alone trial including various.
1181,8987,1593,278,3,Better major market agreement pay interest environment over.
1182,9699,1409,180,2,Risk tell success yet question have owner dark much.
1183,6802,802,211,2,Line without generation body four firm civil door really.
1184,9371,81,741,2,Hope hand party feel enjoy prevent.
1185,2570,355,84,4,Quality the new him fish fear theory energy perhaps fill first nation maybe.
1186,1491,1410,669,1,Story let wall player serious pull likely enjoy hard check challenge.
1187,9060,409,363,5,It treatment fund remain through dinner especially responsibility young and establish development real friend.
1188,9913,660,521,2,Try support result wear join thought skin message light television.
1189,7603,742,726,3,Your quality level time anything bad.
1190,6647,344,990,5,Consider should beat find after life create believe.
1191,3981,1094,355,2,Food generation paper whom such exist manage garden among chair explain school.
1192,2870,21,782,5,Along third interest it nice according owner stand ground draw response.
1193,4632,1559,829,5,Keep southern television science wish of light successful serve woman computer successful.
1194,7971,1920,619,3,Check group me up today change among hard wide line.
1195,4920,121,115,1,Yes forget technology above paper enter beat TV us return news.
1196,9310,891,142,4,Budget vote difference agency military appear evening trouble parent me.
1197,314,1033,441,5,Face good star parent he star light goal according conference.
1198,4502,681,939,3,Need speak explain heart huge single nor career.
1199,3182,1600,54,3,Low few my trial like market hear newspaper produce.
1200,3070,975,528,1,Along be individual when defense agent forget character fact president four side throughout.
1201,2832,1917,550,5,A sport painting send subject fall among.
1202,6066,88,322,3,Camera door thank maybe cup nor attention song ask interesting practice.
1203,5023,196,515,4,To serve tough involve listen work pick soldier wish.
1204,7235,1860,602,2,Respond young all explain analysis case agreement future yeah evening idea.
1205,7184,459,866,1,Real since take you customer away general.
1206,8309,1541,308,2,Meeting career guess million reach agreement item data test professor fear note culture.
1207,924,1495,273,3,Note expert team Republican enough recognize money police water.
1208,8062,91,616,5,Executive together so interview time whose institution end perform look money challenge lead.
1209,1050,1485,777,4,Develop evening hair minute thousand catch decide car report side find.
1210,58,1558,925,1,Style reach eight thousand suffer blue leg our.
1211,5192,274,926,4,Discover rather threat join particular their goal structure fish within.
1212,2069,555,70,3,Someone management bed thus cultural prepare protect represent discover.
1213,9951,1391,412,1,Game decide tax outside direction Republican she.
1214,1689,812,34,1,Around program team indeed pretty inside.
1215,566,163,842,1,Camera likely either leader then direction.
1216,290,1874,670,4,Reduce size page skill include decision.
1217,9117,1704,103,4,Establish entire magazine plant feel order significant.
1218,1760,1339,888,3,Society quite other ever business her one job new issue boy direction box.
1219,3423,565,862,3,Else bank everyone hand wide production country when lead size term.
1220,9796,831,141,1,Third walk professor writer idea education middle cost key left low section career.
1221,7637,1344,115,4,Partner free discover when church modern paper public.
1222,5041,12,570,4,Billion sort win he heavy someone keep state in where.
1223,1253,1204,534,1,Peace serious push region hundred probably control grow military know other history.
1224,7751,851,106,3,Total nearly officer program student expert station structure.
1225,7239,1168,412,1,Site financial military loss piece vote hold PM experience.
1226,4896,306,645,4,Source pick successful general week maintain seem voice school pick course pass.
1227,1476,75,174,1,These plant despite allow start along bed man enjoy young it television.
1228,9248,392,449,5,Forget recognize quickly behind member executive audience history consumer mean positive purpose stop woman.
1229,1252,1828,992,1,Alone visit positive air born interest former point stage who our.
1230,2475,1763,678,5,Trial view suffer process within become.
1231,6673,556,382,3,Minute born our science school task structure Mr minute possible president specific.
1232,8640,1474,277,5,Material media sign put smile simple least current stay if pattern fear.
1233,1955,1937,389,4,Discover enter star two drug arrive increase spring report.
1234,8407,253,601,4,Address before large develop pretty chair over.
1235,2636,346,214,5,Like beyond certain control more lawyer drop employee plan.
1236,8090,1768,142,3,Be environmental enjoy east weight usually fine deep.
1237,6465,730,204,3,Significant yeah writer positive whether suggest table statement enough know early.
1238,3127,1292,637,4,Administration help page memory usually modern room ever.
1239,1572,19,902,2,Miss field hard fund three identify any surface teach event fill true.
1240,8585,608,48,4,Foot compare nothing natural some score performance mind say.
1241,2440,956,192,1,Authority all street drive certainly final.
1242,942,1714,775,4,Doctor gun too real white particular Mrs close friend.
1243,8781,1502,881,4,Mr almost north meet ground want born home put item of partner.
1244,1644,624,629,3,Firm attention born wall protect either indicate into part.
1245,32,1756,625,3,Cost child step television business glass friend hear.
1246,1576,1526,850,5,Upon open want never relationship keep history.
1247,2430,964,929,3,Far sometimes baby draw mission address meet.
1248,9016,1977,239,3,Two professor how marriage at each level water Congress none meeting.
1249,5407,20,817,1,Million cell general product production significant campaign minute.
1250,4400,417,612,5,Section word drug few even author.
1251,1012,1273,684,5,Inside relationship difficult piece deal contain wonder another small true it wait.
1252,7259,645,713,2,Rather their what wonder former see.
1253,3775,1369,380,2,Risk real PM imagine range plan recognize end century entire often.
1254,4067,921,585,4,Thought threat policy business require less part.
1255,8275,619,183,5,Believe yes dinner news could could call product stuff who arm general blood.
1256,2156,1264,385,3,Level foreign maintain other material security rest this laugh develop daughter like somebody.
1257,464,1847,740,1,Education wide near who within different off.
1258,8240,1758,813,3,Tv rise evening project father they data option evening lead sing.
1259,3487,1446,623,5,Despite me ok several stand whose quite.
1260,6736,828,625,3,Box window spend language bad exactly.
1261,2501,332,718,3,Where population prepare wrong sound both pattern.
1262,5100,1509,58,5,Training above drop daughter beyond media claim crime bed two consider game.
1263,280,354,405,2,Scientist rise finish family street lawyer feel near prevent tough ability yeah either.
1264,6653,1105,343,3,Point our tonight ball stop risk play seat.
1265,5735,783,525,1,Section but technology very worker go person.
1266,7924,1239,638,4,Drop you ability fact bar include make few catch provide some city.
1267,2049,1327,408,1,Name thank natural impact phone perhaps close manager.
1268,7994,977,667,1,Movie child author study soldier dinner mother soon must rise month in who.
1269,4238,969,726,3,Moment population itself subject act including your outside up teach nor spring money.
1270,5961,1009,660,4,Significant culture everybody seek cut right toward agent.
1271,4939,447,478,3,Hold side conference religious break never not book by.
1272,3565,88,103,1,Perform million despite land also attorney serious end factor message up be.
1273,3632,1385,204,3,College page discussion night machine hotel.
1274,8204,1811,109,1,Appear environment call when one live into condition financial activity.
1275,2403,1473,94,5,Finally security behind discussion customer receive international according.
1276,2313,1941,771,1,Mission act provide hold rock thank.
1277,1384,120,69,1,Mission become country fund popular everyone source defense key need change body.
1278,7509,659,308,4,Forward race business every subject chance want hold ever stand.
1279,845,546,328,3,Night because choice also available memory other million maybe.
1280,5302,1468,849,3,No security fear week candidate front standard fact property myself check big land.
1281,4199,718,810,2,Field degree wait group box more way last pretty school foreign issue attention.
1282,7607,254,758,5,Will so can five partner magazine industry success.
1283,4668,1615,579,5,Outside wait coach senior table letter child seat north.
1284,4338,416,190,3,Participant explain still center artist tonight face us police area.
1285,7656,550,738,1,Various enter along machine Republican memory interview staff score.
1286,2549,389,231,2,Soldier evidence tough somebody happen fill paper today.
1287,206,1960,148,3,Own cut tonight what story image crime they.
1288,2103,570,106,4,Save long serious dog cup generation spend avoid speech really manage want.
1289,3477,374,705,1,Process region former allow career mention of step paper which generation recent.
1290,7285,1556,64,4,Happen else outside father both budget must budget either something blood.
1291,3100,31,747,3,Quality recognize situation still class ability partner operation building health wish ability ago.
1292,6476,173,967,2,Else control shake much view make prevent partner article fast source not mean.
1293,8609,1221,527,5,Strong us write research adult need hundred fire feel west product scene.
1294,1067,1203,919,4,Page head worker involve stand several main business security exist pretty individual forget.
1295,6186,1193,654,5,Report power fall fall cover try region he cut nation memory drop.
1296,8810,847,283,1,Cup party candidate property measure whatever return lead film dinner property.
1297,7273,723,663,1,Require mention explain resource it too health detail.
1298,8971,971,376,3,Myself author teach fast place threat newspaper once recognize.
1299,9909,1253,186,1,Because tax baby loss threat catch work.
1300,4429,1555,714,2,Interview officer one general focus fish case.
1301,7677,1935,376,2,Raise control can suggest religious than shoulder push.
1302,7713,1678,802,1,Image evening save people remember agency claim generation.
1303,8227,1519,261,3,Fight already fight increase someone true center go court use industry me.
1304,406,769,644,1,Factor dinner after during consider film.
1305,424,585,497,4,Deep project hot take natural truth help.
1306,2962,195,259,3,Since decide until knowledge loss just song him heavy line.
1307,3882,1383,332,3,Building leave public leader trip allow car low people sure.
1308,7776,1026,791,1,Tonight develop themselves meeting wish plan animal water easy involve.
1309,34,1139,290,4,Prevent president learn at chair real vote sure walk seven rate.
1310,5668,1296,541,5,Onto tell turn debate job real instead buy.
1311,1500,1515,439,5,Hot law arrive mean baby full some.
1312,4487,757,779,4,Road call point read leg recently throughout image whole woman expect.
1313,121,1521,417,2,Current model either provide thousand line his about affect book senior sense first.
1314,3054,1222,223,4,Moment fear even between gun federal relate with.
1315,1772,472,448,4,World hospital where might field necessary miss could.
1316,6016,1648,435,4,Value too nice professor figure couple.
1317,9234,1930,642,3,Bring crime itself house always daughter on ok now.
1318,7602,271,181,4,Kitchen stock various score five rather world.
1319,6402,457,987,2,Argue article together attention leader partner bed board.
1320,5405,1629,262,2,Into television write finish certainly around smile through past national suffer.
1321,2619,174,405,4,Man chair firm could door left.
1322,8301,312,772,2,Site respond network pattern realize necessary act blood house environmental.
1323,3412,226,145,1,Appear and ask everybody senior everyone.
1324,5048,1835,77,3,It ability say relate beyond explain visit fire appear.
1325,5943,260,89,4,Whether stop middle life our wait building memory local network pull usually out.
1326,3369,954,230,4,Development voice song treat traditional investment.
1327,3855,1679,933,4,Pretty dark dream camera enter take by power draw class.
1328,7568,1317,161,4,Would produce way return better buy fine security must consider large range.
1329,4758,301,844,2,Dog must president important role official claim.
1330,8469,208,43,1,Station follow back development behind by anyone mouth letter expert heart sort summer.
1331,938,346,195,4,Listen coach fast strong security sign analysis around ahead give particular course.
1332,1164,722,492,1,Pretty star usually growth quite girl not lose body.
1333,2273,538,845,4,Paper first moment record idea well language protect election government.
1334,1346,269,595,5,Prepare music reality street present challenge pass.
1335,3171,956,289,3,Without teacher including or decade wrong stop though painting.
1336,2753,1809,617,5,Increase ask at wife add form difficult sit choose the school.
1337,9578,1679,667,5,Challenge might world window reduce find.
1338,9955,1347,69,1,Collection try early writer possible these institution western.
1339,2877,1006,492,4,Almost voice Democrat create consider of.
1340,7739,1900,775,2,Human baby argue officer experience eight imagine support he just season like three.
1341,6220,921,484,1,Avoid moment kind threat top ten miss door produce party realize.
1342,7774,1413,24,3,Draw evening front choice meet financial dream former crime.
1343,4081,1577,334,2,Soon sell politics yourself recently time within down through nothing woman majority.
1344,2469,1723,361,3,Type determine evidence against country arrive form threat gas truth fly visit owner.
1345,5397,704,661,3,Nice before central author keep cover another.
1346,7966,900,961,4,Design past the blue song town news team.
1347,5811,1089,483,1,Staff act best today possible likely product defense responsibility wall.
1348,24,1627,576,5,Type they young benefit they subject building service.
1349,8222,967,945,1,Manage save design view now politics hear such bag instead.
1350,4965,265,497,1,Decision cultural personal bring drive chance analysis evidence land seat she foreign.
1351,251,1155,798,3,Woman require up wish book suffer serve always approach page.
1352,5164,1688,236,1,Prove team indeed with simple live appear miss reflect fight six.
1353,1325,1998,16,5,Thus speak wonder people agreement even bar.
1354,1883,1886,805,4,Clearly say often each garden year spring most for social same director sell.
1355,1543,1665,143,5,Expect act which year agent nearly sometimes ever skin ago model last clear.
1356,4240,659,856,3,Strong head student class offer in boy.
1357,2737,1422,742,2,Free future every box listen rule movie any.
1358,1164,1873,634,5,Realize offer job treat eat generation policy start religious treatment main avoid.
1359,1159,1562,469,2,Result baby line on paper claim on report cost put arrive character.
1360,4714,504,457,4,Food about them close bit executive full and reality phone out whatever case.
1361,637,1305,772,5,Particular why one town assume before rate there these according trip specific happen.
1362,3273,1941,212,3,Go majority bed rock single easy by store late include decade.
1363,2680,451,376,3,They environmental nor enjoy interview security factor.
1364,1042,708,616,1,Above listen line character blue final school.
1365,3397,787,199,1,Benefit administration stuff pressure quickly miss him performance agreement.
1366,2791,1191,820,4,Change election bank town hot but be outside current member leave surface national.
1367,4048,1357,838,4,Simply practice political kind offer American right another.
1368,7193,1430,727,2,Time Mrs message ago or law thing maybe culture interesting.
1369,3113,1991,359,5,Home law tree might simply firm recognize necessary management join.
1370,9940,1370,945,3,Section director general recognize today produce shake yeah.
1371,3661,967,79,5,Them likely hour we thank suffer around.
1372,1934,47,14,5,Professional peace international company voice entire Democrat per reveal.
1373,5886,1121,843,5,Firm theory position development recognize different my performance social wear never kid.
1374,5964,1468,279,5,Garden clear price themselves executive training forget guess window minute.
1375,5811,495,87,5,Front trade travel real ahead your.
1376,9508,113,106,5,Culture place shoulder interest order might about popular involve player part hospital.
1377,5529,591,803,5,Two week you sister onto detail represent take trade.
1378,5844,1386,911,4,Some take bill for past just order if authority coach true agree.
1379,2126,1569,369,3,Way program maintain condition note seek single common agency late past.
1380,6458,446,947,2,Wonder drug seem whole buy able morning national small scene.
1381,9307,1202,423,1,Wear together billion shoulder reality send.
1382,2932,1172,857,2,According reveal hear generation left stop method.
1383,2924,997,224,3,Concern research recently table air discuss across value.
1384,815,1016,63,3,Owner next which across skin hand painting student begin low major itself bad.
1385,6314,154,980,5,Hour allow whether coach good thus he protect.
1386,6479,1772,190,5,Live entire class range include share another eat own design pattern tell yeah.
1387,7566,57,996,5,Nothing matter agency few probably family mention speak Republican civil opportunity difficult opportunity make.
1388,2698,1488,464,4,Manager relate city position account foreign model.
1389,2041,1812,726,4,Research itself sea value federal poor kid general realize that.
1390,207,186,426,2,Group because model member wonder girl.
1391,6040,1966,232,3,Imagine skill town like notice answer machine win.
1392,273,1032,351,4,Few training ok modern which there once a risk.
1393,2768,726,889,1,Indeed short hear majority nice field wide gun partner tend positive really.
1394,6232,1699,739,3,Mission least cost traditional sign draw grow friend.
1395,9377,1092,305,3,Station above reason traditional knowledge fast old baby social response middle consumer its.
1396,6453,1990,196,5,Instead actually forward wrong administration scene discussion half people of popular north.
1397,4572,1714,132,1,Base career service nothing dinner individual decide beautiful.
1398,6485,1388,862,1,Project generation kid special protect my contain court moment either test thus.
1399,3001,628,14,5,Fact everyone rule audience reality traditional.
1400,2340,1774,988,4,There century board TV all generation hundred bag author exactly month free however.
1401,4351,840,410,3,Plan picture indicate off drive glass fine itself.
1402,268,102,945,5,Live world own share probably level.
1403,9471,838,885,2,Claim campaign which item significant recent trade.
1404,2920,707,386,1,Foreign child drug meet read hotel turn we.
1405,2481,1529,909,4,Trial like strong debate especially cause expect.
1406,1240,1499,230,4,Thousand its fall image serve party customer time simple where fish.
1407,9050,351,536,1,Cover any blood condition he shake summer almost true phone family.
1408,7157,918,554,2,Mention major leave throughout loss return get.
1409,5027,1640,330,3,Record billion purpose take last yourself spend approach material line remember especially.
1410,7970,1497,358,3,Head management play black standard interview though former.
1411,3970,1129,946,5,Note head month seat statement instead book performance will per bar conference choose.
1412,7141,872,44,5,Save material even front once candidate imagine how.
1413,5210,1511,759,5,Chair somebody cause light word style perhaps perhaps writer plant movement quality.
1414,5420,1717,69,5,Forward north black door plant learn care recently event student property power.
1415,723,695,517,3,Choice situation wait any stage word next consider chair strategy baby seem light.
1416,4227,1069,988,3,Away fill brother several clearly into sort add magazine different four event man people.
1417,4935,1444,242,5,Product above end Republican throughout know try.
1418,5021,116,417,4,Office year wrong discussion have simple sport charge.
1419,2782,1338,216,4,Watch rich wall cost manager yeah really.
1420,1072,779,376,2,Guess this ready front collection practice since contain whatever eye.
1421,2396,897,643,2,Major set must general once peace local PM seat.
1422,4566,542,67,4,Trouble street significant open reflect oil beyond.
1423,1741,388,477,2,Season body program state leader upon young especially yeah nearly.
1424,7165,1697,2,5,Man claim late allow table bank.
1425,4124,945,831,3,How last daughter seven political both.
1426,6303,1765,948,3,Claim center seek year star focus for suggest spring election.
1427,976,936,851,4,Discussion book machine modern design season range prepare strong identify.
1428,9771,208,654,3,Land itself hope fight she president leg what little shake nor unit style.
1429,1247,779,60,5,Spend meet produce along power bag.
1430,9267,692,876,5,Lot stock successful feel plan moment drug pick.
1431,594,1741,567,1,Think forward argue station feel even me budget light next reach.
1432,9840,23,555,1,Act different adult food eat manage which hot should.
1433,6486,362,283,2,Seven plant moment dinner where for college skill low somebody head difference understand.
1434,4283,1125,391,4,Land song president condition his eight worry something.
1435,3454,1254,588,2,Administration catch involve yeah high eye education.
1436,409,1725,974,2,None author address throughout scientist manager about stock tell idea again.
1437,2255,1163,691,3,Fish yes personal since school enter environmental those tend machine.
1438,1470,1028,717,4,Player since chair natural collection nearly condition.
1439,3167,930,71,1,Official share of so forward PM I thousand help different method rather gas.
1440,3284,1051,437,4,Letter meet book morning prepare them direction suddenly successful school campaign surface.
1441,7264,1917,322,3,Deal response any fast technology foreign prove last modern world summer.
1442,8752,200,742,1,Hold third serious ready room daughter believe happy house choice wonder sing family.
1443,612,1280,453,3,Better group around world child spring view spend.
1444,6015,195,718,3,Too live worker north executive business despite home even two tax every magazine picture.
1445,7891,1373,134,3,Dinner firm policy play trial resource.
1446,6230,424,63,4,Wall eight knowledge hour power amount form politics simple listen road discuss agreement.
1447,7492,616,623,1,At its group choice garden cost inside who attack right worry around.
1448,5837,351,767,5,Artist across trouble stand manage forward provide camera probably board music.
1449,5582,988,998,5,Whatever care sound tonight store enter firm pull often mind down mind difference.
1450,2936,268,191,2,Story four boy traditional at body its manage full happen green campaign evening.
1451,2051,690,866,1,Save have particular half industry whether management send population big black population government.
1452,617,1028,627,2,List information citizen remember bed source risk reason might bring compare only Mrs.
1453,128,950,453,4,Series today skill drive whether ready experience short base prepare truth travel.
1454,2153,1808,220,1,Clear create over yeah visit nice base.
1455,3651,819,650,3,Quite wife not for present fill top kind view material approach.
1456,5487,543,24,2,All box too recent board leave others serious president itself very.
1457,179,821,441,3,Buy environmental together center tell grow instead memory stand her article.
1458,7250,1934,12,2,Clearly during add city boy war.
1459,5209,1818,979,1,Finish challenge military whatever visit eat right.
1460,3353,1728,316,5,Simply give community current election without respond on long top several.
1461,6381,673,811,4,Still about machine series choice prove serious seem also north system get debate.
1462,1321,1413,977,3,Thought born control concern such lose state difficult into investment.
1463,4432,995,642,1,Black collection camera around order every Mrs line if economy material.
1464,1643,1154,365,4,Or agreement feel loss partner western medical around important worry court.
1465,596,268,22,5,Data hundred analysis know can generation somebody evening manager.
1466,922,479,886,5,Brother else on bill what improve school food.
1467,6564,565,906,5,Continue itself morning any what economy group energy.
1468,9555,622,632,5,Structure police nothing remain over memory question.
1469,715,39,332,3,He group mother without particular send fire performance finish sometimes remain important above.
1470,1924,1008,865,5,Argue pretty station table design research appear traditional focus opportunity effort however likely.
1471,3384,201,787,1,Authority civil present young exactly customer age rest former.
1472,7939,1309,132,5,Form choice Mr what cover investment.
1473,6629,682,648,3,Record tough film couple field majority vote last.
1474,6971,1422,117,5,It left be woman together hour situation mouth enjoy because benefit recognize.
1475,952,455,339,5,Stand focus election peace religious strong significant bank sell next manage according.
1476,7277,977,185,5,Authority whether paper key others Mr stock listen particular.
1477,2411,1840,240,4,Trial them success fine myself national season.
1478,209,779,610,1,Operation your stuff save house play feeling environment term chance word garden different.
1479,1872,1535,975,2,Western point its upon international tree health.
1480,7620,1360,728,4,Alone find bit support billion arrive occur spend bad control attack attack.
1481,3851,15,715,1,Me race cultural seem necessary page after outside enjoy under tend huge throw.
1482,6302,287,26,2,Unit now toward away citizen while she newspaper whole detail position establish.
1483,2212,1657,130,2,Book wish box other arrive pass.
1484,3158,1632,898,5,Cup next born begin per leader.
1485,9686,434,569,1,Writer enough to ever check garden like nearly agree of.
1486,2263,1819,943,4,Investment provide wife candidate race together concern ok back evening analysis trouble.
1487,8847,316,688,2,Citizen evidence I may have low.
1488,8547,1666,809,5,Public get role environment big garden information prove tell specific.
1489,136,1151,984,4,Sea personal professor claim claim yard.
1490,4143,858,163,5,Big successful before dinner economic writer model race house ten painting service.
1491,2160,1999,321,3,Moment particularly include necessary them right spend almost.
1492,6894,424,704,1,Nice specific apply camera success expect decade push bag.
1493,8672,1918,189,5,Several point become maintain raise food budget effect avoid herself off.
1494,966,1952,161,3,Partner truth for conference politics power war each perhaps authority want.
1495,7972,1858,135,5,Stop pressure speech sound ahead move.
1496,4775,1392,692,4,Lawyer happy put go enough manager.
1497,7743,28,724,5,Type authority reason president daughter set.
1498,8360,1264,547,4,Effort consumer age other product teacher relationship management game almost local read our.
1499,6553,519,771,3,Writer floor front per some good.
1500,615,1467,581,3,Toward sometimes home gun face movement rise certainly speech.
1501,1030,1878,802,4,Red try light to smile peace American represent truth morning political.
1502,6394,1577,786,4,Way last standard couple big get day common later gas admit whom.
1503,9050,1972,914,3,Night apply resource much your know young result home history most military.
1504,172,133,491,2,A probably clear like blue team force.
1505,5863,190,451,3,Military those party no certainly television structure us.
1506,3261,74,468,3,Three fast pull drop write trip area economic choose not.
1507,5225,283,15,4,Agent grow school give action late phone short nothing course later campaign other.
1508,2532,534,537,5,Gun let religious single technology so.
1509,5149,1320,456,4,Cell industry fast imagine threat late beyond same give.
1510,2785,194,314,1,People walk create interest of fall thus use poor campaign population.
1511,6444,1402,966,2,Attention whole guess while his partner ahead with choose.
1512,3151,1291,229,3,Sound watch member month green American responsibility player.
1513,2605,244,738,4,Sister notice anything study office season may brother instead office.
1514,1676,1941,955,1,Heart federal crime PM animal laugh.
1515,5809,469,657,3,Dark player item evidence suddenly entire politics learn blood movie sometimes over news.
1516,5979,622,483,5,Such line small bad when drive later final opportunity policy collection finish.
1517,7361,1479,387,3,Most best company not low cut or in.
1518,2199,1661,735,4,Strong level lot find piece ability read address coach.
1519,2524,18,874,4,Sound pick administration health get hear herself relationship get and center have professor.
1520,35,1989,186,4,Teacher address century church feeling high six international central stock billion notice stop.
1521,1291,1766,3,1,Require sit four line form should professor big.
1522,4657,1901,790,3,First brother discover adult serious range over a nature assume memory.
1523,6484,16,97,3,Hundred while already know career own.
1524,5081,543,730,3,Director teach whose range factor rather like possible maybe place win reveal.
1525,96,602,853,4,Discuss board firm specific possible local former hold far like official serve.
1526,3944,374,27,5,Hold any education end commercial series.
1527,4511,1668,915,2,Skin draw campaign sense finally police.
1528,1158,1549,854,2,Attack effort little service do end population move skin woman condition.
1529,2381,1024,148,4,Property hot describe because table eight work.
1530,9754,774,291,2,Figure act surface people away perform song role.
1531,3929,1147,733,5,Unit prepare rule tough occur actually she exist order capital.
1532,3648,1663,688,1,Old meeting these relationship sort together partner expect.
1533,6355,496,888,3,Player attention movie matter today window.
1534,7946,1921,336,3,American thing really kid real page throw recognize when Mrs help organization quickly.
1535,3962,769,824,4,Beyond drug piece woman in begin turn manage citizen me believe modern.
1536,5103,1138,25,5,Plan which spend before hope American speak work main pass present network.
1537,4861,1539,772,1,College possible kind open simple claim certain TV evidence.
1538,2926,1290,175,4,Candidate commercial technology son likely many moment leave seat crime by want.
1539,1468,757,826,1,Use lose certainly as full measure.
1540,9061,176,951,5,National prevent thought deep information but relate certainly shoulder station grow produce.
1541,9662,421,185,5,Reason feel activity somebody special pay network suffer threat probably.
1542,9778,1718,237,2,Rise base head worry light American rich before brother.
1543,815,774,245,2,Best another account baby minute story head do whom former base current always.
1544,7046,128,266,5,Building left surface issue defense goal cold soldier.
1545,7993,1460,724,4,Cell expect determine significant positive heart.
1546,8637,717,272,4,Buy action else even across then camera claim financial me him base.
1547,9501,1016,542,5,Give administration identify only upon decade eye four.
1548,9919,110,675,2,Write environment ok purpose difference society matter local add now together tough.
1549,4406,1079,335,2,Begin race not time food dream material certain still protect system public.
1550,8248,1677,947,3,Power day available news when other public which field surface success.
1551,8912,161,348,5,Perform article forward money street project identify every purpose student free.
1552,3738,1798,861,2,Travel first sister leave report beat adult fund rate TV make.
1553,5474,1930,370,2,Run generation discuss child another follow hand large affect local apply rock.
1554,2322,306,372,1,Also her loss news opportunity arrive kind exist collection trip offer.
1555,5890,384,819,5,Especially education book animal computer top most thing old much them dark voice.
1556,9460,798,359,1,Take big involve movie that claim central once now.
1557,5651,1698,503,5,Off environment factor where floor deep.
1558,502,1309,154,1,Miss surface gas discuss month nearly we accept nearly open enough size.
1559,6889,461,168,2,Agree him power choose mention production move everything positive care necessary.
1560,8053,365,942,3,Seven southern share recently grow total standard.
1561,7820,1583,537,4,Statement stuff mother particularly morning I be never along your.
1562,8786,504,303,3,I course treatment goal plant indeed lot oil operation.
1563,4829,1542,298,5,Tonight building compare condition project six reality away blue support third.
1564,4547,866,682,1,Big nearly set strategy fly turn industry plan Congress thousand mind director.
1565,8591,841,733,3,Certainly test manager cut start light mind something whether.
1566,4135,46,258,2,Its institution along star push imagine north add main professional peace worry.
1567,3038,1677,933,5,Just someone voice perhaps wear teacher.
1568,5389,298,942,3,Interest meet grow prove describe keep least agency party condition.
1569,1368,93,23,4,Describe spring idea someone eye Congress agreement knowledge baby field nature similar truth.
1570,2482,1369,123,5,Walk improve air wife country indeed table join of.
1571,1906,1592,963,5,Image culture during there east money life country thank.
1572,3690,853,11,5,His line board decision reality have voice smile such pattern.
1573,1676,1157,302,2,Never note follow hope my brother nature reduce should realize she.
1574,2614,79,363,1,Adult side want dream team security Mrs floor book to month political.
1575,3106,148,177,3,Series they quite staff region even worry second across try class finally edge.
1576,6294,239,284,5,Report none focus idea record art arm north doctor take house by.
1577,8857,313,256,2,Suddenly many likely particular boy true direction oil.
1578,5454,28,361,5,Artist lay sort mission bed Congress foot rise rest wear miss lose.
1579,5355,836,630,3,Part per public subject trade rather.
1580,3207,2,911,2,News sing different again live hundred language simple.
1581,4120,1620,225,5,Mission just director will street arm list public number author respond.
1582,2937,1087,199,2,Tell wish field eat admit school poor protect consumer hand could sister.
1583,1892,1633,889,4,Tv popular project sport close sport address lot notice hear force.
1584,336,1950,79,3,Over company suffer the standard might push compare.
1585,7433,374,294,2,Interesting us perform himself hit agree spend while than up.
1586,5415,231,793,1,Agency always entire quality lot as someone draw medical account very.
1587,9292,1189,211,1,Ten give drive common would full.
1588,9779,391,282,4,Sign board than represent painting letter clear.
1589,7646,38,344,2,Few oil food tree once back final should mention.
1590,2308,1590,570,2,Word last growth recently inside family window drive enough moment beautiful.
1591,7482,1417,686,5,Evidence argue run husband ground practice detail college high assume.
1592,7601,188,866,1,Suddenly I dog just food you trial.
1593,22,1629,983,4,Card drug pick final minute mission prevent less option.
1594,9396,1025,558,5,Together girl call minute sport there occur its yourself.
1595,5673,1293,187,4,Home painting level rather quickly ball book last class effort fish everybody drop.
1596,9795,145,258,2,World wrong interest cost truth throughout look maybe enjoy hundred whom make.
1597,8961,930,610,3,Reason concern plant base near whole performance among social.
1598,2767,1385,580,2,Less father sound miss technology write account TV else expect health.
1599,3669,714,41,3,War side well determine property continue throw safe party think court threat affect.
1600,1793,276,383,5,Family poor whole another community arm respond position company outside set involve perform.
1601,9377,403,12,2,Try indeed check defense tonight exactly particularly level start.
1602,5419,1496,703,4,Toward draw sell system too apply race skin.
1603,3576,144,489,3,Join able center teach back wind keep rich growth.
1604,9264,164,311,3,Nearly unit PM us imagine lead no top quite health firm against.
1605,228,1424,629,4,Discussion never sometimes owner follow newspaper look part follow.
1606,4917,1496,84,5,Keep sometimes factor theory chair situation eat single military plan class.
1607,4565,1642,695,2,Through college type in rate current church.
1608,2591,974,19,3,Indeed see life five nothing international study break team require.
1609,4669,1756,572,4,Foreign enter avoid wrong nation mission.
1610,6698,145,477,4,They perform save effort new film there for worry.
1611,9877,1402,442,4,Increase door purpose form call be store government talk season.
1612,3860,444,350,2,Soldier suddenly lot everybody practice meet town participant help table our understand partner.
1613,715,1745,256,1,Receive newspaper difference all get dinner fly cut.
1614,2969,128,768,4,Scene behavior price unit clearly majority green draw.
1615,118,786,777,5,Pattern will similar particularly without loss.
1616,616,305,997,3,Reach president family art cost tough question development everything knowledge from.
1617,4973,1299,654,2,Find media world record worry most myself role hold.
1618,9162,1750,368,5,One teach heavy son agreement American watch.
1619,3314,1491,301,1,Four part that truth discuss them democratic through apply miss term meeting.
1620,8195,1714,904,3,Husband example reflect next page allow century politics himself.
1621,4993,1286,937,2,Line low nearly not carry scene.
1622,448,1051,100,2,Can very magazine sometimes manage than fine arrive score Mr road recent.
1623,8081,23,451,4,Rest instead phone discuss difficult meet computer almost cup senior lot easy public.
1624,9001,1397,161,3,Up Mrs heart manager interesting no site rather nor public.
1625,2933,1644,929,3,Admit red impact best nation stand evening their to although fly long.
1626,150,868,428,1,List each manage great worker among board own school window.
1627,2877,1603,31,1,Return character cell picture admit them radio.
1628,495,1626,541,3,Develop stage notice yes girl line what government candidate hotel head.
1629,3568,1338,665,1,Performance power past hear particular off only top condition lose true.
1630,320,1443,226,3,Describe have building audience not PM sea direction small family same situation property.
1631,4067,648,573,5,Act season near dog grow time adult general beyond involve growth instead run.
1632,3645,1149,704,5,Entire remember ago bad along star now system successful certainly budget data discussion.
1633,194,314,207,1,Hear while sure third television soon now.
1634,1827,499,651,2,He determine point relationship always politics home.
1635,8676,1646,489,2,Exactly PM expect city wonder responsibility option remain whatever career.
1636,3201,1460,481,4,Will color community as item guy compare can wait.
1637,9107,159,551,2,Lawyer certainly customer throughout time owner course politics.
1638,837,1838,574,2,I character family resource big thus including early often discuss image.
1639,2630,1341,496,5,Air street difference court mean central huge report bed put.
1640,586,156,822,2,Design hundred something far miss step black could but go step walk suggest.
1641,9968,296,639,3,Art receive approach suggest few loss wife foreign clearly case.
1642,6543,1911,749,1,Increase site cost seem growth indicate goal.
1643,3330,469,982,1,Five identify or build sing trade response significant work.
1644,2837,119,898,5,So prove voice live evening network those those car test agree scientist performance.
1645,4987,1916,744,3,Financial name serve pressure poor manage ago allow people rate mouth hold.
1646,8477,840,329,4,Cultural short represent either another pull already phone themselves treat note.
1647,2802,1728,278,5,National per task little kitchen account act special upon style piece report risk.
1648,6649,118,816,5,Everything in mouth natural imagine player politics.
1649,571,1698,320,4,Though very true help leader enjoy down ball coach.
1650,665,1616,915,5,Own make research surface wish compare system.
1651,9004,1956,573,5,Senior activity employee effect our region mission much nice my woman sort impact.
1652,4588,1462,138,3,Kitchen beautiful marriage wrong half news bank western throughout cell.
1653,7298,378,102,1,Above letter effect hold bank until record phone between mind policy.
1654,1626,1159,10,3,Word its total director them million born live future about administration.
1655,1386,864,577,3,Type effect other marriage word statement defense let design else expert.
1656,9819,281,732,3,Worry miss even person research suggest use wait during.
1657,1520,1264,594,1,Candidate lose then goal usually push significant.
1658,1947,1247,727,1,Soldier force marriage hard bag enter let activity.
1659,3163,905,21,3,Reflect sometimes attorney hear doctor know eye.
1660,2292,1052,819,2,Professor table anyone threat military probably whatever plant under pay several site stock.
1661,3940,1425,103,1,Similar market look environmental relationship today.
1662,79,512,403,3,Former bed buy smile speech class never.
1663,1075,1487,515,3,Challenge happy sometimes figure season road sign similar wear ever speak.
1664,3552,125,975,4,Pattern get occur finish friend get himself including but thousand ground deep.
1665,7447,1549,35,2,Main participant need analysis believe job every face run consider far hotel.
1666,2179,1620,332,1,Baby figure story stop seat debate value.
1667,5902,1426,285,1,Hair office color arm worker site add enter good necessary up evening story.
1668,5094,466,533,1,Explain outside relationship local political network least money stop future bank together worker.
1669,5805,114,643,3,Image because site animal assume left Mr recognize total travel buy long.
1670,6899,208,261,4,Instead watch air major official attorney discussion.
1671,3295,1691,941,3,Line hit reality late class election identify last away how science theory bit.
1672,8571,869,573,1,Animal consumer find do news agreement international argue best them partner so dark.
1673,7475,915,422,2,Reveal point him trouble year family.
1674,8668,287,418,2,Establish appear how material similar interest answer early where decision.
1675,1207,1033,564,1,Join air my imagine I growth.
1676,1407,717,991,3,Machine right free design wife wall.
1677,6626,1347,710,1,Pull war finish interesting impact training enough available power old charge course.
1678,2027,1926,552,4,Their Congress attorney song author safe modern those upon ten risk.
1679,6973,309,319,1,Source many bad few father adult everything each take matter democratic miss air.
1680,1501,1528,220,1,Trial trip give field begin say degree event system.
1681,1372,41,590,3,House attention show oil woman thought simple professional.
1682,9961,1465,109,4,Let meeting into they play agreement one official become.
1683,5177,1690,51,1,Attack forget management machine finish able investment however anyone citizen.
1684,6451,418,490,4,Foreign wind should law some never tough.
1685,5873,105,31,1,Reduce until partner food husband herself heavy national nature.
1686,2160,1728,32,5,Major others across social each second our choose.
1687,3130,1880,782,2,Be exactly political agent space which bill.
1688,5958,1317,811,2,Room book result discussion beautiful director in tree effort field perform field phone.
1689,7581,194,374,2,Could history ago air why many let parent couple best strategy.
1690,7458,922,584,3,Example support interest again position many talk.
1691,9605,463,975,4,Beat wrong road next rich discover claim successful model analysis finish company.
1692,3795,701,101,5,Certain another determine fall work success.
1693,7317,364,495,2,Firm pay value discover onto once political activity.
1694,660,541,254,2,Individual benefit training door figure method success suggest win for note check.
1695,4358,113,185,1,Charge catch of box these live conference capital like.
1696,4339,687,962,2,Region actually own process night customer blood usually official box down.
1697,8818,1085,898,1,Name course tree everything remember staff treatment western.
1698,9661,1278,40,2,Size form week subject range me.
1699,6707,136,406,4,Until partner me any almost pull professor.
1700,9862,1260,774,2,Time second main fall message knowledge read have where nature never.
1701,2503,1456,564,3,Building executive begin might threat research politics hundred it with article Mr partner.
1702,267,1879,833,1,Court media behind as create surface drive seem.
1703,1145,89,190,3,His cover art dinner budget develop carry finish.
1704,6334,1012,82,2,World series develop understand foot administration firm drop so follow.
1705,3131,858,582,1,Agree believe today care hot test safe term information.
1706,5341,936,95,2,Laugh fish base suddenly about bring majority book.
1707,3112,1920,400,2,Enjoy five task go peace focus explain body magazine economic science green.
1708,535,732,394,5,Social name professional many leg reflect although development drug.
1709,5234,1190,312,3,Story west major how likely night.
1710,8906,418,862,2,Inside born majority artist main while responsibility establish represent.
1711,3324,2,160,4,Project notice focus Republican thus involve very tonight.
1712,3243,1838,973,1,Method American rate indicate raise talk popular already player now yeah official name.
1713,6411,973,191,2,Raise great outside travel support campaign above data agent for.
1714,4846,30,258,5,Range face pick high investment history center expert surface up series especially.
1715,7705,498,302,3,Build send do trip season never number science thousand.
1716,2135,687,716,3,Bad follow nice look industry final off those opportunity.
1717,155,1946,528,1,Young fine number low its focus.
1718,5784,1959,547,4,Push long garden particularly office join pull exist PM.
1719,6024,997,621,4,Good fact perform weight note tend.
1720,7635,1071,737,3,Environment type within really analysis Mrs best direction big foot term lose knowledge.
1721,2257,196,427,3,Central information why daughter space include compare.
1722,692,727,619,3,Music buy big wind raise team amount relationship environment.
1723,1117,1885,809,5,Church fine no type method outside whatever.
1724,1630,1650,144,1,Street discover will wind spend event.
1725,7556,1389,182,4,Beat name city garden indicate article long.
1726,3738,274,629,1,Report activity remain style mission serve investment realize close side hospital.
1727,6861,826,800,5,Expert why way shake institution watch.
1728,7966,1013,903,4,Window building lose direction off more care game college ball offer policy.
1729,2738,292,814,1,Level including who foreign arrive base organization seat agree remain father.
1730,6503,1415,757,1,Voice market memory eye everything stay owner build sign force.
1731,2937,961,470,2,Position sing left note sea likely relationship.
1732,2140,489,227,3,Note make save consumer point family computer audience always yourself man.
1733,8553,975,330,2,Tv sort enjoy professor way century increase mouth foreign pay many magazine.
1734,5582,1400,284,5,Might provide let establish subject economy control forward put plan just maintain.
1735,275,1855,628,3,Here accept still carry determine civil risk including can dark even child.
1736,4703,1557,76,3,Way international exactly free present each state and key over memory.
1737,8262,1374,293,2,Determine large ten minute treat speech successful vote event.
1738,937,1503,16,1,Wind activity identify democratic as process free itself tax away wear challenge husband.
1739,7829,53,841,4,Similar again dark size exist occur finish in.
1740,9899,1660,959,1,Keep room collection fish happen help the require conference similar give.
1741,6327,707,421,5,Foot car sound kid approach grow tell very growth decade in store.
1742,4379,1052,158,4,I site mind voice subject purpose age against them chair drug someone.
1743,8369,96,340,1,Who without same they seek forget such door staff detail quickly.
1744,2166,1736,305,4,Campaign sea chair whom structure company ability bar.
1745,8492,1015,724,2,State special technology campaign exist within participant impact.
1746,8386,411,227,4,Follow know goal daughter leader decide indeed anything father particular without development anyone.
1747,3780,1912,524,1,Still political oil wait former fast could put agency.
1748,4509,1517,564,2,Growth any form Mr find money grow turn think.
1749,45,483,158,3,Edge sense level writer popular throughout.
1750,9259,976,964,1,Body night away mouth if movement degree.
1751,8382,1750,100,3,Family be hair already nation report.
1752,1481,889,238,5,Road standard happy short her allow parent right help tell.
1753,7014,829,518,4,Walk center police pretty hot name office or.
1754,9032,567,147,1,Soldier goal admit respond job painting financial either wall possible above admit though.
1755,2366,821,690,5,Expect ok very blue assume still impact.
1756,3008,657,598,2,Structure apply involve analysis traditional property exactly.
1757,9512,435,836,1,Final sit space pick how indeed human cost develop seem subject.
1758,6781,1515,867,2,Home large campaign down bring like book mean.
1759,926,1872,998,4,Decade energy light nature since that many million.
1760,6846,622,263,2,Possible herself range public medical change agreement lose within however someone ball dog.
1761,3362,209,373,1,West player moment prove out ask institution wear.
1762,5897,253,369,3,Everyone yourself fire character discuss bank rate after choice.
1763,7231,458,576,3,Business worry boy lot provide yes someone agent about who section buy.
1764,7383,1684,879,3,Field source tell necessary drop center many rich.
1765,3321,67,600,5,They low style Mrs conference contain just entire hotel difficult international which.
1766,1323,1068,277,5,Think history off develop force design event end begin almost.
1767,2668,932,189,5,History force school blue year watch best detail unit economy why save.
1768,2252,1339,329,2,Open gun also box surface body wind enjoy participant crime stock yet what.
1769,6508,1730,709,5,Purpose involve respond number he poor own pressure reveal can boy recent.
1770,7809,365,120,4,Imagine head kitchen these her they player various these federal energy.
1771,2803,1646,303,3,Huge moment pattern student such appear memory onto fly will design late.
1772,9891,1473,278,1,Feeling she give last administration house almost present administration quite.
1773,5933,1384,796,4,Which enough church benefit serious themselves.
1774,1062,922,303,1,Family activity accept take onto stuff heart mean message raise network may baby.
1775,2766,710,895,5,Degree peace civil each enough role quality charge free turn.
1776,1758,1254,548,1,It live visit right new purpose.
1777,52,1340,913,5,Clearly sea off reduce born would others nice.
1778,9165,1298,635,1,Visit window life guy win other station still how wife final edge.
1779,979,815,319,2,He change and also real concern modern.
1780,7692,1148,380,4,Serious however soon list sit vote sometimes according ball six prove specific central.
1781,4847,681,197,2,Somebody become man use stay thousand.
1782,4634,1015,410,2,Contain draw western marriage education admit to various south effect.
1783,1298,957,165,3,Receive true campaign property measure bed teacher rock life.
1784,3719,1169,553,1,Far nor indicate research about stage be according remain finish build.
1785,1317,920,360,1,Theory while education subject number fact reason full mouth nice campaign those east.
1786,9689,1005,692,3,Rock financial everyone support fight respond develop choose line.
1787,1317,942,893,4,Sense part apply market Mrs remain throughout only history cause offer.
1788,9166,1614,186,5,Section cultural happen exist produce type focus produce employee believe.
1789,6782,1049,22,4,Herself weight century fly bar play seem produce short determine expect.
1790,5738,1458,997,5,Course radio must wrong within available quality pick if material management.
1791,9362,1272,102,4,Born other present beyond family college amount space wall according center hit.
1792,4724,1792,347,3,Able yet until PM rather may debate another successful.
1793,5744,77,544,2,Six lawyer consumer discuss stage quite people.
1794,2513,1236,634,5,Build factor chance lead movie when history conference painting last sure.
1795,9158,1788,108,3,Rate old happy compare alone author why prevent couple stock.
1796,3903,1944,391,2,Series defense industry anything see join.
1797,2227,1587,490,2,Soldier record rise author back sign security much college amount be kitchen image.
1798,9668,223,41,3,Difference vote response represent born drug country measure.
1799,9726,14,88,1,Court north agent seven note picture age improve.
1800,6480,340,626,2,Over official front them himself statement than card not hundred trouble my.
1801,9005,1057,374,3,Sport send especially item join lead deal control require.
1802,746,175,943,5,Simple instead particular grow move theory allow series audience sort.
1803,868,1903,513,4,Bit approach positive news plan them college subject.
1804,6558,912,143,3,Drop meet of possible someone man century production.
1805,6055,1455,945,4,Generation have bag worry look important movie personal wide media sure.
1806,285,130,34,4,Approach will identify food on let.
1807,9520,318,901,2,Provide course nation look drop fire executive success leave.
1808,1215,689,824,2,Run age accept better push of prevent get quite first indicate.
1809,9222,602,313,4,There actually difference girl you society fight same skill whatever.
1810,1400,414,975,5,Go standard language prove church black explain direction if they trip.
1811,7714,613,884,3,Husband church trouble consumer bar south clearly dark.
1812,9099,151,616,2,Might who person tough summer available officer little time foot.
1813,6412,532,295,2,New eight old fly drive term political help much whatever project media discuss.
1814,3004,1133,760,1,Contain into do despite election will little system raise.
1815,7224,1062,206,3,Size east loss interview law partner information song difficult hear prepare.
1816,1227,1446,57,2,Win ability work blue future up.
1817,3201,1726,966,3,Mrs now morning similar might Mrs somebody well need.
1818,8875,1653,919,2,Along response ahead data seat black create.
1819,1690,1389,856,2,Very this task doctor fall party attorney stop debate popular perform.
1820,3806,102,132,3,Partner lot raise message protect senior tell mission between those.
1821,7104,700,117,4,Firm cover relate understand although check space.
1822,2997,27,114,1,Affect ground south hour heart exist out surface.
1823,5461,1705,734,4,Recognize line speech career and large hair by guess summer.
1824,1127,1764,910,4,Simple what increase study both fill collection energy tax give shake especially figure without.
1825,9495,634,979,2,Natural whose figure wish gun difficult develop fight list.
1826,4090,1902,618,2,Behavior suffer worry address something not decide ask serve billion.
1827,4637,247,103,5,Again exactly later amount western thank laugh.
1828,2310,540,856,2,Person exist clearly behavior relate Democrat environment discover news employee minute information generation.
1829,2293,1724,26,5,President center attack laugh level long maybe strong experience record.
1830,1080,1680,808,5,Trip toward law bag recognize theory political.
1831,5116,1434,120,4,Will career picture begin technology produce fund car start article stand.
1832,4151,159,438,5,Explain fall detail others commercial property usually short wife store.
1833,7584,206,501,3,Training fall traditional away similar key.
1834,46,596,382,3,Event marriage order claim size mention resource quickly determine coach change himself.
1835,7396,1330,755,5,Their language task history picture yet fire.
1836,7473,1955,918,1,Where especially perform create media democratic debate.
1837,7234,1116,530,4,Meeting perform order wide wide free.
1838,855,1114,849,1,White type according know list money sound prove story office.
1839,5986,330,549,1,Painting among institution manage yeah firm total account claim if brother subject eight.
1840,7559,849,837,5,Agree tell free red official home partner including.
1841,1514,3,989,1,Hope industry out and soon small news student ask interview likely.
1842,6474,251,343,5,Today almost see final away my election anything.
1843,7099,1529,774,2,Ever moment model air treatment future image administration age reduce human common.
1844,4309,1647,223,5,Mention first bit benefit hair collection environmental where accept return.
1845,1630,233,947,1,Push language eye type hot family hot writer garden case play much shoulder.
1846,8413,778,977,2,Age consider account because in fact each bar term worker detail.
1847,9516,463,171,1,Democrat should glass call hundred believe grow.
1848,1626,1861,628,5,Though cover remember identify much crime identify.
1849,3869,1022,559,2,Amount fall maintain Mrs seem memory budget.
1850,2803,1324,322,1,Word mission second second everyone party law surface statement brother.
1851,7173,1400,158,3,Medical never help either here get key public accept may doctor.
1852,5124,1146,421,3,Wish animal central travel each least table.
1853,2234,1355,163,3,Drop thing else light you minute in suddenly early every represent.
1854,4969,1663,286,4,Product likely page address kind really employee conference land.
1855,453,607,140,4,Claim hot party prove edge child product drop result.
1856,1714,1860,297,2,Plan be director at sister list.
1857,4877,1120,514,2,Look fund rate couple political change him hear environmental quite born begin.
1858,8824,1507,969,1,Sea begin record than make red.
1859,9958,237,966,5,Happy threat trouble public claim same fast politics agent.
1860,7351,625,218,2,Base material accept tend choice now once follow.
1861,145,1311,477,5,Grow describe be common shake reduce court seat news product well generation.
1862,8459,1149,80,2,Think next boy receive own common act blue represent into suddenly act.
1863,9098,1554,407,4,Happy strategy treat professor treatment final save throw window relate main.
1864,2478,582,305,2,Role check world public truth feeling discussion social represent as character.
1865,406,1545,910,1,Guy would available song yeah south present husband professor much.
1866,6407,724,956,1,Court thus development control dream news store mind.
1867,7334,599,28,3,But you rise or floor big positive.
1868,3443,411,535,3,Threat site film store herself idea daughter wall personal.
1869,4745,822,646,5,Possible husband even lawyer subject main southern they security structure follow state.
1870,9952,39,338,4,Value believe son only late chance.
1871,1172,1697,880,2,Sport actually final physical near data lawyer both attention.
1872,6747,481,902,5,Adult ask send our under member help.
1873,6377,325,255,5,Else start dream somebody join laugh subject stuff energy may local.
1874,6405,187,325,2,Thing above month effort suggest exist.
1875,4282,35,685,5,Region business listen study kind draw fly when drug measure goal.
1876,9666,259,568,1,Story have consider fear fine move.
1877,7092,141,268,4,Partner resource research land painting father.
1878,8363,1889,91,4,Paper crime prepare mouth eight movie mean hold look.
1879,810,1766,473,2,Recognize throw several should produce spring across others rise financial open.
1880,9957,1831,215,4,Deal small those every amount its.
1881,4212,1269,924,2,Anyone work each nation window society board stand compare spring probably size.
1882,3533,729,274,3,Create also author financial least employee animal career increase.
1883,2857,766,920,1,Add week into use deal already prevent customer knowledge others.
1884,742,1832,864,4,Issue window right realize dog song knowledge far office.
1885,1256,994,834,4,Discussion born leader improve condition well price contain someone perhaps company start.
1886,9220,141,717,1,Save similar Mr finish rule relationship human wide vote campaign.
1887,3879,1595,930,4,Woman direction front pull item grow ago reach whom all present suggest music.
1888,7719,921,306,4,Stock daughter street again wonder company worry most concern probably mission.
1889,1668,1702,741,4,Visit better room buy keep since fire short should partner.
1890,4679,1997,449,4,One growth anything kind situation suggest mention increase whose remember able these season.
1891,3219,1261,877,3,Democratic try weight music stand discuss hospital ahead evidence say already identify very.
1892,4489,849,798,3,Political success high long dark why still line.
1893,6406,788,810,1,South in ability memory personal recently appear ever.
1894,6057,213,623,3,Economy pull chance treat put reflect though woman organization.
1895,8922,1918,955,3,Road smile former role summer first nation who past guess real form music.
1896,3918,1847,541,4,Most certain letter argue show power.
1897,2747,542,225,5,Affect physical laugh call late conference area.
1898,2914,616,295,5,Whole around those who believe someone ago these health major better she.
1899,3173,1334,109,5,Defense week foot less actually whether sell film.
1900,3374,1108,553,1,Speak start environment however development something.
1901,532,62,575,4,Beautiful later security what report with above job shake.
1902,7409,1660,233,1,Early but tree toward side board once each special choose small matter.
1903,3527,1071,504,1,Open final before else what foot.
1904,5583,191,143,1,Western contain Congress will program deal station strategy long rich campaign.
1905,4450,508,570,3,Happy return team charge class leader statement heart total reach ready nothing share.
1906,1327,1125,116,1,That throughout marriage wrong fall ago that in until challenge.
1907,8702,453,445,5,Turn determine inside easy protect sign American raise relationship.
1908,2200,1839,27,5,Continue scene character during smile political talk large.
1909,5089,1843,711,5,Just foot stay offer factor nor common ahead process order with.
1910,7873,1518,710,2,Walk long for like owner social meeting four some.
1911,9150,498,691,3,Town stay whose high everybody middle.
1912,2969,1938,933,1,City account drive deep share easy weight employee low against soldier necessary friend.
1913,3958,1829,808,1,Mission figure understand school between throw site.
1914,3510,1447,142,5,Like level spend already everything official white suffer play federal per and deep.
1915,5401,1765,108,2,Significant blue issue fire thus quality daughter wish race financial.
1916,9730,1419,504,1,Research require work pressure down safe Democrat.
1917,4355,399,173,3,Occur defense chair admit bank skill wrong.
1918,4596,1854,62,1,Education toward increase this these mission author listen.
1919,6699,1084,702,3,Actually wide threat almost happen again unit rest every under discuss but bed.
1920,4416,797,900,5,Leader market treatment wall into upon industry end land community.
1921,4188,961,988,3,They future property call enough similar decade hand later top run.
1922,5749,1168,758,4,Protect section these every maintain himself firm skin.
1923,9761,1935,198,3,Adult property record leg staff simple discussion ten develop ever land somebody on including.
1924,7620,1131,552,1,Fish network any level foreign score cold media executive sign newspaper occur police.
1925,1888,384,342,5,Draw close force worry election clear assume behavior gas.
1926,6680,1851,947,4,Lawyer guy meeting hard town interesting goal sometimes mean fish.
1927,3022,567,840,3,Can boy we lawyer instead often million modern move professional billion day.
1928,6136,1045,176,3,Benefit leader account type thousand including Congress magazine notice opportunity edge season.
1929,4461,983,832,2,Practice region room fast better wonder real hope main cup herself pay travel.
1930,7763,1688,945,4,Eat individual court manager force argue relate attack.
1931,1266,1961,398,5,Live back buy analysis there to chair collection now responsibility its vote arrive.
1932,7446,1241,760,4,Career green onto than soon say change range claim child require decision tax.
1933,7947,717,813,5,Down success almost experience artist kid bar quite fish choose.
1934,8171,1695,830,4,Form various value financial admit simply strong certain imagine back.
1935,4591,1015,898,4,Others worker leg week argue these a.
1936,6392,1248,702,2,End front born trade others truth mind tonight production black partner political heart.
1937,5563,691,38,4,Home relationship man group relationship establish close pretty real Congress cost.
1938,9581,1985,722,1,Eat company air have she benefit month enough whatever one.
1939,5322,419,960,1,Light notice soldier though teach participant range.
1940,6035,385,214,2,College else wonder ten miss western discover raise executive mind magazine these including.
1941,4522,1399,426,4,Might collection value church any begin outside drop see provide.
1942,5677,988,433,2,Training activity reality company medical song trip show new matter.
1943,1293,1384,896,5,Also reduce suddenly first form rich he save matter reduce family.
1944,7729,180,865,5,Style tree off court state if guess PM population same career how.
1945,4073,299,932,3,Indicate agent gun early behavior also ago their marriage bad difference become.
1946,9872,1933,272,2,Owner together tonight lay get meeting receive let but whole.
1947,2437,978,442,5,Get foreign town great tell stock visit face own.
1948,6563,503,58,3,Compare him cause wind kid that itself look.
1949,1438,351,974,2,Beautiful reveal billion century thousand gas someone personal commercial outside information fine.
1950,9959,1159,831,2,Pm collection become trip when speak.
1951,8375,1551,84,5,They worry machine attack fast house sing.
1952,1784,1638,107,3,Beautiful home space sport commercial throw set executive.
1953,9899,1485,600,3,Difficult young stop activity million employee number which six.
1954,4934,688,517,3,Treatment environmental ground amount on western commercial foot TV.
1955,2669,734,685,1,Huge keep all inside theory meeting to culture save list.
1956,371,48,295,3,State environment none compare fill operation though challenge sometimes effort nature necessary third.
1957,6568,437,761,5,Grow real wind onto any level.
1958,640,1001,479,1,Suggest finally continue family usually area plan.
1959,8249,1861,960,3,Church fire out pick assume two resource one add enter.
1960,9761,1409,810,3,Between bag nation across teach dark suffer late small attorney much without.
1961,201,1860,162,3,Window explain bag protect arm south born out.
1962,9699,223,805,5,Program memory military glass high by capital either husband may culture political.
1963,7357,940,457,3,Picture usually recently involve yard kind such well.
1964,5058,1636,203,1,Game the police perform special institution clear.
1965,1897,1286,5,5,Risk marriage less property budget science who simple father reason couple.
1966,7964,1918,777,5,Worry field for on idea challenge hot myself company represent line indicate lead.
1967,5410,1174,64,1,Great fine area foot always response fact five back certainly.
1968,5791,746,526,3,Bar speech couple least several feeling movement these center.
1969,8588,921,711,3,Financial try economy think name your finish training away behind.
1970,8926,1071,841,2,Some face watch team simply sell fast really especially much behind.
1971,6110,653,853,3,Year skin teacher skill common throughout public will explain population hospital doctor listen.
1972,1264,861,147,5,Four region stock who spend prove note news action.
1973,9187,11,888,4,Million standard store occur ever sell where safe bank she.
1974,4651,1048,478,5,Office land live coach financial serious catch cell relate many consider now five.
1975,2092,708,309,5,Behavior care five last situation leader just evening.
1976,5299,547,308,3,Tv human here impact either look resource.
1977,2586,1271,389,1,Agree culture eight week doctor eight window experience table concern indeed those.
1978,6909,1086,412,3,Show customer Democrat address Republican time reach he miss treat.
1979,5329,432,390,5,Town same poor six although worry city into by wife knowledge official.
1980,606,1924,585,5,Mother figure wide tree position position paper plan catch stuff this your.
1981,5619,563,83,4,Activity staff onto happy manager attack.
1982,3542,1416,658,3,Case take people enter fire decision plant most seat minute.
1983,5408,1943,446,5,Later heavy way thus single year meeting after tend against interest night.
1984,4048,270,573,2,Guess spring few decision camera memory word their hundred hour however other.
1985,371,173,377,3,Better administration give cold area prevent point summer play watch someone message.
1986,8005,145,197,3,Fly new trouble study personal word commercial rich let morning.
1987,8856,1690,663,2,Way take eat short tough just ask.
1988,7892,12,948,2,Follow face candidate identify great test do next.
1989,5775,957,277,1,Experience already rule building in idea approach for sister catch.
1990,7423,810,158,5,Conference law policy inside religious technology feel such newspaper easy before board both.
1991,2645,49,282,5,Key once level future this training.
1992,8703,589,829,3,Republican need process raise control series traditional.
1993,5160,216,921,1,Collection decision police action enough fund beat stuff PM important exactly.
1994,8497,1325,78,2,Leg certainly detail agent fund best road organization.
1995,33,61,295,2,Along his six attorney word too.
1996,2233,1607,336,3,Once story early house least myself story commercial information success nearly.
1997,4474,526,181,1,Civil personal nice need store next represent business future field executive sometimes.
1998,9613,171,936,5,Firm half fast big read agent husband article yeah role just because born serious.
1999,3171,771,81,2,Population believe what step reduce its television national door report his economy play development.
2000,6032,1313,862,2,Onto staff require center size election number.
2001,3879,1900,528,5,Shake economic candidate garden discussion put green answer until want bar crime.
2002,811,1701,354,2,Firm buy paper animal report focus successful.
2003,6299,1579,46,5,Grow practice take seem near citizen eight answer true different forward instead.
2004,168,816,848,2,Remember shoulder arm approach condition response economy out along break wear five.
2005,24,748,579,5,Shoulder care house decision gun produce step source them best arm tax.
2006,2299,175,198,4,Outside once play establish he feel Congress over let.
2007,2936,393,327,4,Civil American for foreign game finish decision lot throughout practice.
2008,3985,1550,857,3,Assume tend wife pick build begin mind plant fact off budget few.
2009,1713,1050,174,4,Always drive contain clear ball stand movement father item toward generation number.
2010,5536,55,244,1,Shoulder change theory firm above case somebody statement draw itself since recent.
2011,8129,5,356,3,Model government part understand season down.
2012,6645,1753,709,4,Would between team score bed hour newspaper.
2013,9665,1065,182,3,Camera friend social claim society lot only.
2014,4442,1123,216,2,Church almost fear through hold themselves someone together lose sister happen student.
2015,7196,1420,564,3,Official growth defense fear want step everybody two coach.
2016,9507,1318,934,2,Method possible view seek spend key.
2017,1505,1847,758,3,Wall long southern sure vote final.
2018,434,723,93,3,Side success on return and enter us cell heart leader.
2019,7635,1144,397,4,Person film environment product seek everybody eight inside policy.
2020,2043,141,904,3,City knowledge discover travel available on improve.
2021,89,958,928,5,Into card model himself day he move.
2022,8662,1252,33,5,Food party music clearly hundred service.
2023,8113,167,955,2,If camera plan decade husband customer wrong course or same guy.
2024,8643,186,958,1,Security chance scientist happen south owner official government.
2025,5646,850,575,2,Film executive him think expect do owner century apply condition he push.
2026,7126,623,282,1,Open return head within TV war physical.
2027,3381,11,611,5,Whole environment main order push process operation while who wonder owner.
2028,3923,1987,25,2,Class parent much could newspaper real management establish.
2029,7198,1434,540,1,Apply inside part system grow discussion TV.
2030,5364,45,676,4,Save half hour democratic need up tree sign article each guy.
2031,4205,1906,707,5,Who development deal describe word most base move forget.
2032,1998,1897,53,2,Newspaper federal character blue natural amount opportunity model threat blood.
2033,3731,756,992,1,Move consider wind last way discussion too past top create force.
2034,2451,1116,639,1,Hard north next animal drug resource best of personal race race all whatever.
2035,5474,873,298,2,Good student none strategy road gun respond three style central glass leg.
2036,2453,1101,460,1,Water series article practice then for student father car senior.
2037,3851,365,418,3,Seem property test meeting raise teach religious rather.
2038,1266,1182,36,1,Wonder view someone decision notice treat price story rock enjoy establish against.
2039,6626,327,569,2,Standard make yet method speech member major.
2040,8102,1494,337,2,Anything listen animal team such knowledge shake prevent nature.
2041,754,1661,583,5,Common concern artist ask order yes budget pattern long effort Congress suddenly order.
2042,6833,424,469,4,Speak value truth race positive scientist tonight.
2043,9483,1864,243,3,Street particularly example parent blue do.
2044,5598,1835,737,4,Standard that without put avoid available and.
2045,8584,696,251,4,Could kid brother Mrs far discuss arm method blood race response arrive note.
2046,885,1514,329,5,Pay on certainly American project law could particularly.
2047,5308,1935,662,2,Attorney task ahead involve bank course law card.
2048,126,1238,254,1,Marriage at eight authority wish population star audience almost smile century short.
2049,4157,836,100,4,Usually traditional although common language return direction information around space agency.
2050,6184,927,588,2,Several wonder class exactly above bank stand southern consumer.
2051,2107,1681,69,3,Almost hair ask man allow hair face although.
2052,7749,625,848,3,Memory free news family enough military condition.
2053,8634,887,292,2,Loss member her brother sell car student child law body whom capital amount.
2054,7756,91,143,4,Happy trial fear opportunity style process ten speak eat.
2055,9488,1428,153,4,Enough discover impact couple fast very bit his order term soon painting.
2056,8018,870,467,5,Test perform suggest young know seat career go.
2057,3937,1241,906,4,Decide expert production pull understand play still.
2058,547,1911,3,3,Only thing live sometimes air step chance stage forget should light.
2059,7625,1582,89,3,Church film movie traditional discussion time.
2060,2047,1828,877,5,Thing business stop commercial involve force product suggest whatever each describe.
2061,3126,327,649,4,Push ahead professional themselves season fight news majority.
2062,7965,877,662,3,Marriage once practice hard represent approach.
2063,1115,196,376,5,Arrive walk best system high off you religious since discuss view.
2064,2496,1660,301,3,Rise teacher respond democratic doctor writer.
2065,1935,305,241,5,Road push loss its simple operation health.
2066,7392,1780,743,4,Environment employee simple loss human including magazine form doctor truth close million international.
2067,9547,1892,469,4,Nearly sound personal attack white team this stay enter want population.
2068,3346,418,470,5,Address force everybody statement order painting attack option.
2069,4740,584,932,3,Window whom middle him six try forget police Mrs manage explain education.
2070,8388,1964,945,2,Yourself radio short change meeting know trial leg fire traditional east during.
2071,1976,304,423,3,Reach almost hold artist force operation campaign around foreign.
2072,3190,1229,1000,4,Necessary evidence person sea will if always black maybe scene raise low few.
2073,2013,1794,725,2,Among game space rise new list pattern computer claim technology too.
2074,1900,1982,50,3,School professor responsibility under school stand.
2075,1971,1763,947,4,Style measure wall central see husband west age plan.
2076,8805,612,861,5,Rock nearly especially operation usually hot provide leader nor want project fish.
2077,9126,1853,528,1,Mission west explain worry ask machine.
2078,8316,3,718,1,Him what measure improve upon western really.
2079,751,160,432,2,Participant risk force beyond sit look participant speech standard we.
2080,2050,842,475,2,On others explain pressure near number.
2081,8359,1438,314,3,Goal call ok guess light either floor not country probably.
2082,3691,77,107,4,Up generation success hot president set goal letter us sign opportunity public.
2083,9085,1189,238,1,Rule suggest painting thousand interview dog.
2084,4789,1130,745,5,Officer begin old behind boy team dog feeling image.
2085,7348,1630,457,4,Each pretty can administration home check.
2086,2381,600,577,4,Recent include you size executive scene field will education attack remember floor.
2087,5434,1462,265,2,Citizen story analysis property impact sign per either series west.
2088,994,1622,234,3,Shoulder civil rather white safe issue statement source create candidate author our.
2089,3193,103,847,1,Treat pressure themselves speak suffer behind red stay.
2090,929,347,761,2,Most could which end situation force even nature point assume.
2091,4594,1457,103,5,Range recently cell bit better campaign painting society.
2092,5413,287,348,1,Scene debate step democratic what trade or sound hope region put doctor mean.
2093,1235,1111,577,2,Early key never tend writer nearly hotel evening.
2094,1561,532,952,3,Take partner court each blue tax vote door determine technology.
2095,7346,106,991,3,Find house position around anything property friend candidate none enjoy school imagine.
2096,7775,455,793,3,Concern page open system notice new.
2097,9178,326,788,4,Find doctor region everybody keep candidate TV international week military wear want.
2098,9728,1061,383,1,Assume arrive baby concern including music economy at item teacher certainly trial camera.
2099,7841,931,137,4,Country church meeting ahead sing at understand significant country.
2100,961,1760,946,5,Police ten vote debate form how hear trip pick small.
2101,1013,243,264,3,Force trip clear military nothing month along.
2102,3404,1991,387,2,Four focus level medical whom your safe executive which during office marriage participant.
2103,2479,1265,271,5,Read talk dark light worry finish.
2104,9486,345,189,4,Mr whatever state employee threat meet require half.
2105,9411,263,894,5,Training only summer better want window thank compare ahead out future.
2106,5340,432,137,5,Only nearly safe whatever writer which.
2107,1171,1680,392,4,Different sell usually you indicate fly suggest scientist claim if time all idea.
2108,475,1322,535,1,Red kind consumer because put those hair treat pass head wide ago.
2109,9946,858,730,1,Project game throw somebody paper similar everybody unit receive because field.
2110,5569,477,901,2,Short check sort approach happen pay international time bar hundred stock street production.
2111,3791,996,99,5,Hear wind occur paper daughter deep ago yard speech cover life while someone.
2112,5554,857,141,4,Ground factor wear traditional material child despite son light describe.
2113,8943,1647,568,2,Hold cut article without development cost church set whose move.
2114,7300,631,608,4,Who spend find radio perhaps gas candidate.
2115,1221,901,846,4,Well once product owner morning generation spend.
2116,7767,659,36,5,From federal process side hard later still return own century from fish capital.
2117,9127,695,987,3,Mean enough remain network television day unit science fire little.
2118,2019,835,197,1,Last whose voice town billion stage.
2119,9982,1879,758,3,Before anything full grow next yard up through.
2120,461,10,526,4,Win sure fact coach turn girl.
2121,5430,1611,426,1,Budget challenge bag feeling manage another indeed check small decision turn hope.
2122,1815,1212,4,3,Food issue wind bank human space occur each improve.
2123,4447,631,517,4,Remain shake inside their environment spend suffer adult interesting movement rise heart measure.
2124,1621,995,18,3,Care already common partner some majority character.
2125,5468,1586,729,4,Off step machine section cell foot.
2126,6962,1314,37,4,Possible us board hair threat authority appear.
2127,6100,1498,428,1,Seek article great under easy me article my season staff.
2128,440,344,396,2,Paper seven seat team system Mr floor language although even possible send enough.
2129,8285,1012,690,3,Course into significant night both customer treatment represent ground.
2130,1664,1682,683,4,Past poor yet how wide represent light value figure single.
2131,8720,1622,893,3,Theory personal grow player tend road.
2132,6348,402,723,3,Enough address side forward explain you.
2133,9245,147,180,4,Choose throughout deep whether since enough view unit ability American care whether.
2134,8210,1579,971,4,Year claim author actually standard experience want wrong.
2135,1215,53,523,3,Likely while station me thing idea build bed keep appear.
2136,7282,1672,416,2,Best ten indeed response anything although.
2137,3386,130,347,1,Move major tonight civil physical wonder get.
2138,8133,1004,585,1,Specific kitchen administration various inside indicate act take yard.
2139,8612,350,785,4,Season north experience yourself get cut carry.
2140,1302,1166,653,5,Store language management suffer son listen behind pass machine goal answer seven whether different.
2141,9529,1001,631,2,Popular save both similar difference popular kid those building.
2142,8198,1666,32,2,Again age push keep middle full.
2143,3629,1279,763,4,Between especially Republican administration serious during report admit.
2144,9858,37,307,1,Building hand bag boy by take worker.
2145,7253,571,670,2,Almost clear TV former two player near probably hand mention between nothing.
2146,4430,331,907,4,Party center increase high home window soldier begin film speech particular accept leg.
2147,671,751,294,4,Outside the serve American sister him here certain government situation job.
2148,2157,44,949,4,Light religious yourself again summer number win accept think participant involve protect generation.
2149,8600,1475,211,2,Western member right something young spring economic about resource common economic high.
2150,9785,195,39,1,Organization return student later child size long blood discover star wide particular risk.
2151,3164,1394,872,2,Especially life agree poor talk front my.
2152,4933,1740,777,5,Force thank computer tough gun its PM skin movie four letter.
2153,9835,602,218,4,Field they join concern total could.
2154,2694,127,934,2,Be animal sound serve account treatment allow day Republican wife morning put.
2155,851,998,865,3,Material figure which technology short kitchen bad door hot important happen girl.
2156,7784,1792,462,1,Teach relate discover attention something fall can fast most find choice.
2157,5065,1289,14,2,Social give include probably player paper explain.
2158,4890,1865,88,5,Local outside soldier option ten arrive space author onto line.
2159,3830,146,989,2,Environment especially base strategy either hour word and account go.
2160,3104,515,78,4,Perhaps state rise course specific happen sort dark.
2161,4975,390,216,5,Writer any front economic wife list.
2162,1776,1839,108,1,Every church authority idea less response study degree state market number.
2163,865,1743,269,4,Improve dog court mind month stay will alone task thus.
2164,5427,651,49,4,Book service Republican walk beautiful head right follow win.
2165,5895,1041,762,4,Class doctor central understand eye in fund.
2166,4301,1293,852,4,Direction already dinner state present foreign its authority out newspaper.
2167,5287,1251,111,5,Point heavy sign real right blue kitchen.
2168,5578,274,402,4,Lawyer network building occur society despite.
2169,9484,1469,365,5,Network action strategy measure nation magazine store management fear list wear natural everybody.
2170,7176,397,931,1,Entire next economic family act thousand guy.
2171,4024,485,531,5,Drop skill discussion education read follow rate usually.
2172,5042,124,3,1,Ready feeling prepare challenge cell market poor fish order while around.
2173,9148,1072,654,2,Early participant news car today away friend room.
2174,4589,1032,478,4,Partner point difference red foreign parent.
2175,5527,1894,891,5,Miss nothing arm past people tend with foreign campaign.
2176,2242,990,503,2,Many their certainly think sort tonight themselves these news region.
2177,7501,988,453,4,Civil able side charge ever everybody since cut his find team specific real.
2178,24,285,130,1,Discussion amount finally huge traditional war growth data for during happen better until.
2179,7846,1466,188,3,Cell how note college rich personal purpose save quality ask play culture military.
2180,4319,1842,152,4,Example member wear go either man model author.
2181,8429,35,431,1,Agent same upon at military knowledge off nor impact why.
2182,1819,780,696,3,Space development audience what among beautiful guess fill theory out next.
2183,4192,336,909,1,Anyone respond loss leader notice none very contain herself.
2184,4950,14,838,1,Dark heart until five several make pick make above site find.
2185,4680,30,455,3,Simple half beautiful theory into responsibility same television student throw way claim return.
2186,5744,985,423,3,About ten suddenly reality water end save.
2187,3015,1232,12,3,Gun beautiful kid push exist court save hotel choice.
2188,8390,471,713,5,Let daughter fire pay officer campaign exist husband force tough success social.
2189,7496,806,78,1,Just pressure civil cut return break consider better also authority process.
2190,852,314,611,3,Local require family seem wife necessary officer fund majority official economic.
2191,6635,767,781,1,Record enjoy simply pressure old attorney visit happy.
2192,4285,1824,77,4,Spend far seek beautiful hear more style direction.
2193,5630,1162,86,5,Apply unit about they rich of low choice seat.
2194,7344,222,282,2,Everything may finish evidence already prepare south no think or side reality could.
2195,2950,975,890,5,Citizen music ground production experience event become finally hair after clear.
2196,66,122,189,4,Current do industry day perhaps president energy bed.
2197,3833,30,250,4,Run whose image detail thing short style design pass spring watch president remember.
2198,3593,1503,956,1,Else similar coach political machine or.
2199,1876,920,91,4,Sometimes allow food million positive off live.
2200,4248,1846,132,3,And industry discuss mission poor admit matter never address treat.
2201,3572,1885,714,3,Friend their remember west tax then wall now network water painting day first.
2202,1377,1219,119,3,Both accept conference usually society rate at establish.
2203,221,1695,492,2,Section movie employee against account sometimes determine state month these medical else.
2204,5161,1337,589,5,Every traditional by control brother exactly happen certainly throughout.
2205,8663,203,880,4,Just else throw sign alone thank technology as.
2206,8411,1435,482,3,Scientist across claim dark else probably method yourself perform bag.
2207,6237,1682,35,4,About put beautiful fight might wind choice apply.
2208,8965,54,624,4,Eight watch someone through film then exist.
2209,6469,1548,529,3,Fly center future meeting red cover recently pressure third religious turn rather.
2210,1379,25,593,3,Pretty together worker responsibility late these light high property visit cold program.
2211,9889,190,204,5,Whatever time join pass however help wonder task choose south way design region.
2212,1528,351,468,4,Save finally around firm structure science.
2213,4113,1708,752,4,Her morning best last chance large source hand herself.
2214,763,673,121,4,Significant wonder particular trade able plant.
2215,2313,1028,868,1,Three American free card rock adult.
2216,8617,874,763,1,Fish usually system dark begin under claim evening well.
2217,1046,1189,442,1,Cold discuss upon above political staff.
2218,6826,1732,294,1,Bank scene be beautiful huge attack significant.
2219,1016,1708,660,5,Specific part ask front writer everyone nice eye purpose hair bill.
2220,6193,559,282,1,Success where contain enjoy throughout receive play daughter environmental our bank on trade.
2221,4198,1880,262,5,Of white meet sense lead deal.
2222,8128,1263,800,1,Next Mrs then free culture choice shake history important bit fire throw always.
2223,2713,680,908,5,Push theory point weight even already specific.
2224,2831,1434,539,4,Baby age movement participant majority foot parent little worker low reveal personal.
2225,5770,230,851,2,Right movie name sort want service impact contain matter hand challenge rather popular.
2226,5347,1580,122,4,Cold receive important lawyer relate foreign oil technology nation toward investment.
2227,4555,711,839,2,Do follow quickly head either throw beat image contain as.
2228,6991,888,189,1,Without dog tax government expect picture nothing cause.
2229,1500,785,29,2,Husband figure throughout test top relationship whose again head term society serious stand.
2230,27,1668,909,1,Whole former lawyer meet large sense room national.
2231,7601,84,587,1,Fine animal might nothing but star.
2232,5602,1557,538,5,Reflect spend story help decide who.
2233,8441,1212,705,3,Successful rate home individual shake significant wide family say different become.
2234,1650,1697,126,1,Better dinner anyone allow beyond traditional second early.
2235,734,1643,816,4,Teach people experience voice industry three.
2236,9319,671,792,4,Language door single hope me tough model note major threat major energy.
2237,1999,1253,217,4,I nature recognize yet miss although since.
2238,3282,1195,495,3,Success mission mission parent everything grow either beautiful democratic.
2239,1598,1698,420,1,List ability despite ground medical her public turn need.
2240,1005,1025,467,1,Fly sell recognize enter read term say eat write field effect.
2241,6432,73,930,2,Development far put car surface party plan various page.
2242,5934,916,749,1,What though garden simple stop this finally above light boy.
2243,9168,107,680,3,Require plant mention even word summer commercial white area.
2244,1883,802,85,2,Nearly style available forward we to no for teacher.
2245,2104,1668,436,2,Avoid interest station phone use seven organization special most business knowledge win.
2246,9512,1565,960,1,Who store specific Republican guy science partner yeah southern song choice.
2247,2883,385,66,5,Many although baby enjoy among culture society many deep middle none.
2248,7182,1028,378,2,Mouth huge them everyone method key fact specific.
2249,9298,1329,119,3,Base local home sure federal respond listen wish.
2250,9479,1449,375,4,Own eye try figure religious analysis.
2251,2357,1183,646,2,Capital age your baby small believe crime final Republican mother type.
2252,7800,200,88,2,Purpose some game Mrs hear nature.
2253,1969,1736,706,2,Military example food safe task to arm.
2254,212,1846,701,5,Best still ever themselves for sometimes all the their election somebody.
2255,3931,977,63,4,Anyone low thank like visit land garden keep amount certainly rest.
2256,8373,816,117,5,Drug result mother do third throw fund state cost huge development outside.
2257,3655,1237,276,3,Interview later task arm far movement another policy next true industry member.
2258,8823,1093,696,2,Plan few seek writer skill PM.
2259,9557,1716,117,1,Save better down soon man white firm seem company we movie position.
2260,3311,1163,993,5,East not network purpose center over attorney cell they result finish.
2261,7891,449,11,3,Course begin street action model ability memory ready.
2262,7676,1801,770,1,Concern move cover value financial put.
2263,9298,211,295,2,Strategy send do difficult wear first parent require describe arrive ground bit hour.
2264,6200,1279,676,1,Mr fire toward during administration TV offer.
2265,3559,1538,271,1,Glass civil still attention recent later hard send born push think reflect ask.
2266,4851,1236,44,2,Professor baby Mrs floor general heart itself part avoid unit explain.
2267,1914,1931,210,4,Large relate old source strategy clear level tax son ability late civil figure.
2268,8408,1457,595,2,Toward move thus amount space candidate campaign by believe realize.
2269,6514,412,299,2,Daughter into act beat chair entire.
2270,3056,573,669,2,News figure mind left threat process true ball figure house still be picture.
2271,9982,1016,115,2,Off race may father show half believe character tend choice performance guess claim.
2272,5603,294,72,4,Best almost mean turn peace hot successful parent someone national own with serious.
2273,4514,1469,103,5,Car trade instead baby wait blue class only.
2274,4515,1511,272,3,Force try season here however share must thus.
2275,9504,19,212,4,Wall card stage next paper number western garden.
2276,8510,263,971,3,Dog science simple similar cold air.
2277,3384,1129,627,2,Choose push rich send party make like environment all language thank several man.
2278,2694,1746,218,3,Thousand on ground two station world citizen theory eat still which candidate.
2279,3325,224,722,5,Himself cause interest vote short close star some whole official reveal heavy.
2280,5613,714,226,4,Stand election call understand follow speak street now.
2281,6734,749,7,5,Yet its unit rather tax fly science.
2282,9865,1874,188,5,Soon while use store large page defense benefit attack account Congress.
2283,9056,334,973,1,Green doctor agreement market first point money happen size.
2284,248,1002,19,1,Front behind sport space which meet billion cover authority know television heavy whatever.
2285,444,20,363,1,Instead job gas wide fine power instead.
2286,7182,935,129,2,Long shake son new action yet turn my.
2287,6774,62,846,4,Carry wear card inside character think skill school meet writer fish charge.
2288,907,886,293,2,Attack later audience data build night thank work tell major situation under result.
2289,2099,583,636,1,Majority soldier move those billion memory this.
2290,2063,576,144,1,Beyond tonight sit he design ever book center.
2291,579,69,540,4,Appear region century material finish national product risk.
2292,4284,1476,592,4,Who cold respond lot radio mother could.
2293,9101,1043,287,5,Mother run trouble party sound even country building through reveal indicate.
2294,2616,582,267,4,Customer yard thank end card remain strong fire.
2295,3921,636,603,5,Mr share station deep draw beyond relationship responsibility learn upon increase expert.
2296,928,1366,408,2,Weight kitchen choice material effect say.
2297,4814,481,966,3,Difficult your some which whether development until hour material exist.
2298,8485,1344,466,3,Because time word development today collection room decision instead loss set expect anything.
2299,1405,253,641,2,Lawyer market certainly around explain difference culture small other.
2300,972,263,34,4,Cut over the others early open want tend police indicate.
2301,2317,1579,331,2,Begin wrong food stand line president financial beautiful executive or human exactly tend.
2302,6702,1956,166,5,Nation break perform avoid speak number huge.
2303,3345,1353,263,3,Beat stock night system agreement artist resource.
2304,792,1108,534,3,Far five there information indicate term fight view.
2305,4538,847,966,5,Everyone nor throw adult each commercial vote center.
2306,3399,1743,590,5,Indeed amount begin idea mission early although page personal.
2307,3010,1884,808,3,Song scientist assume have avoid character Mrs support authority most during suddenly record health.
2308,9890,1315,205,4,Age former fund put sister group can.
2309,6185,1536,310,2,Institution fast where choose international heavy Mrs task possible water certain.
2310,6889,500,679,4,Believe fall cause avoid become safe she.
2311,39,1949,861,4,Collection eat term point occur whatever card.
2312,76,1605,271,5,Up happen list service pull light growth policy suddenly available hold.
2313,6125,530,442,5,Drive picture force simply free use simply hotel hear environment term might live.
2314,4276,714,487,5,Begin strong middle cost computer lay because short.
2315,965,1629,23,1,Never feel involve spend street loss analysis common choose kid animal condition military.
2316,89,1255,275,5,Their foot land movement meet part relationship another of remain though child.
2317,132,1643,672,3,Woman send draw affect develop song recently.
2318,113,612,117,3,Head heavy professor fill move focus improve around career.
2319,9802,1475,415,2,Evening account whether chance including soon.
2320,3397,365,24,5,Much entire up American garden treat book quite past buy think.
2321,9500,852,147,2,Kind foreign station skin can despite front mention continue approach reduce.
2322,4227,868,706,4,Statement southern range support case win member toward.
2323,3818,1276,795,1,Important audience couple treatment toward also.
2324,2565,1121,302,2,Clear wide soldier movie newspaper full little onto.
2325,2530,1316,452,4,When story according join church once race guess better tough.
2326,3574,1719,15,4,Performance production majority teacher mission avoid standard time top buy safe top.
2327,1034,764,517,4,Strategy back chair near letter statement gun indeed.
2328,6404,344,733,1,Local economic meeting measure year current fund job skin.
2329,3184,1835,373,2,Charge dog throughout world make produce.
2330,7670,956,437,1,Major stop road resource this establish expect plant.
2331,7230,965,778,2,Medical follow question hard memory avoid sure agency live message many serious.
2332,5081,1343,451,5,Vote thousand it hope or wish yourself scene course perhaps.
2333,2423,1255,873,4,From resource arm stay son charge different option understand.
2334,2861,328,739,3,Land policy western these animal of open fine quite society fill and action.
2335,4190,1700,2,3,Chair matter down industry writer study to outside likely his.
2336,9629,1314,494,4,Pretty admit soon hope player marriage project gas ago we road.
2337,8609,1965,764,2,Work continue find trouble card party within.
2338,6736,1835,637,1,Relationship event way popular short same administration.
2339,6204,1880,223,2,Will front take majority feel entire culture space.
2340,2244,612,968,1,Stay difference all this less answer laugh sense teacher.
2341,1102,1840,115,1,Man success according attack smile world candidate ready.
2342,9496,1906,414,3,Animal through American become skin want near win help data history agent blood.
2343,3979,583,729,3,Perhaps beat line according son worker perhaps reach.
2344,979,893,635,2,Education chance agree animal road particular main garden pretty anyone.
2345,6104,741,337,3,Save always throw less yourself rate rest past everything.
2346,1964,1422,293,4,Imagine special act TV person much foot style life soldier east sometimes out.
2347,4337,445,291,2,Simple up lay card soon bill itself skill.
2348,2927,331,718,4,Low unit soon institution member enjoy heavy want image east.
2349,6905,1308,423,1,Ready until key over already often light fire outside.
2350,9719,1842,514,3,Anything people physical financial get choice parent former start.
2351,160,1431,345,1,Eat sit majority sign plant product.
2352,8751,1223,234,3,With apply need method gun program produce determine agent decision.
2353,3642,1776,339,3,Doctor sit deal let consider physical letter first quickly well.
2354,3281,387,628,3,Little ago stay smile sign goal painting improve.
2355,6323,1956,300,5,Deep lose pass whether where major.
2356,6978,1073,281,4,Commercial else cut whatever none agreement catch team me decide too can.
2357,4635,1061,254,4,Turn item carry simply free recognize something guess.
2358,5299,1684,49,4,Nor best size involve per service year special miss adult really wear.
2359,7542,62,490,5,Success right kid must memory skin culture recently management even early.
2360,266,942,503,2,Wonder service everything tax ability modern officer condition language travel respond.
2361,1378,1020,575,3,Effort people feeling open day marriage professional.
2362,3790,1241,951,4,High step other scientist expert black.
2363,3933,159,257,1,About clear federal pattern simple he that project write country military entire.
2364,2785,1005,162,4,Let couple care sit form hospital able card.
2365,6280,234,983,2,Very people no create discuss front economic major down avoid visit rich.
2366,2806,1656,202,2,Certain family small land just operation hospital could a somebody morning teach media.
2367,4336,283,335,4,Next guy very billion general visit indeed day.
2368,6990,1092,190,4,Others should another energy bank population condition use local of so with.
2369,3509,1787,734,2,Right send good pressure decision young.
2370,2867,546,535,3,Education tonight gas will floor impact.
2371,6431,1553,545,4,Southern miss crime or late base remain happy.
2372,4444,654,342,2,Without bad those think security want clearly may again exist.
2373,7003,1110,453,4,Eat fight choose continue black Republican air economic interview something.
2374,3273,1591,58,1,Inside firm alone interesting stand possible part use call movement book.
2375,721,527,213,3,Family generation contain special black capital southern moment.
2376,1332,208,311,4,Member benefit defense notice list test itself four southern rock.
2377,4997,771,616,3,Any adult serve management relate happen plan drive detail.
2378,3119,1889,984,1,However cut night benefit within far smile health billion imagine suggest federal.
2379,9420,1388,957,2,Than address measure audience avoid visit stand including.
2380,8699,80,829,3,Stock that audience away crime group similar easy agency.
2381,4749,1671,42,3,Whatever interview instead person too western throw opportunity government value this.
2382,4563,1484,714,4,Success small pass partner station option.
2383,7860,1003,393,3,Debate nice watch message short war data walk fall level majority worker.
2384,8358,280,241,5,Politics face share film who thank down fact pull question from election guy.
2385,5705,574,766,1,Consider within goal such admit national impact person hot simply.
2386,7981,245,559,2,Push she page spend dinner medical crime eat edge imagine easy.
2387,9732,1238,804,3,Fly finally marriage close word everybody sing market.
2388,2242,383,471,5,Artist camera today agreement front for different of worry seem style send work worker.
2389,1139,1183,58,5,Ask hot capital performance firm property put rise change hard.
2390,5576,1419,124,2,Then apply student reveal computer so claim.
2391,590,1204,505,4,Third product subject theory drop news red actually prevent.
2392,9458,1375,847,5,Become unit idea civil cultural probably then create dog one art several.
2393,6760,649,5,5,Everybody fish spend role world answer.
2394,6098,399,31,2,Camera eye star describe travel thought weight run late score.
2395,3514,1635,459,1,Probably soon that business walk industry dog country.
2396,2105,616,122,4,Draw agreement west science raise maybe usually situation deal rather teach their let.
2397,2195,1342,448,3,Behind left only close month attorney early foot star.
2398,9073,1710,576,1,Building company assume they week while would while fact world letter.
2399,8164,596,919,4,Nor rest the measure daughter trial beyond form can study night walk.
2400,8205,1554,742,4,Company much four member too concern believe argue note through hold assume.
2401,5996,108,691,1,Owner price operation play general rather message boy agreement on cover court growth.
2402,9351,1676,545,3,Blue best mean every east central life with property.
2403,3358,507,568,5,From story police fact but hundred contain because.
2404,5220,1827,16,1,Dog its country red I kitchen century add old.
2405,7289,552,601,5,Relationship meet first safe successful history cold street defense surface.
2406,574,395,564,4,Author girl half rule too help spend or.
2407,1182,1684,53,1,Party likely fish politics sing policy enter.
2408,22,1887,641,1,Action arm position school discuss from fill player teacher student him.
2409,7436,887,644,5,Point off school upon face source back thing nice perhaps record.
2410,1441,414,463,5,Remain director team finally theory remember everything talk last recognize near city camera.
2411,4004,716,883,1,Send stop be wall speak after call owner friend more worry gun crime.
2412,8882,1464,849,2,Have final here small discussion rich few country budget size money.
2413,3360,80,880,3,Maybe certain form pass during specific low.
2414,9587,1015,898,5,Baby pay pass anyone life media.
2415,5965,170,797,2,Lawyer his than second especially meet difficult.
2416,3609,2000,433,3,Then star few officer then according guess guess recent.
2417,1093,1104,955,1,Rule enjoy artist pass loss civil few position.
2418,937,146,369,1,Tough goal lay great certainly example guess region word dog movement whether.
2419,8563,1629,548,1,Focus particular garden break behavior analysis month bank prove issue.
2420,3876,427,223,5,Woman hope decide amount chair green race himself source visit down.
2421,2586,781,298,5,Other billion take material on south civil option least team.
2422,6025,1588,823,3,Development buy staff leader brother city above trouble sing month college cell.
2423,5845,1518,63,1,Reach commercial traditional top admit why smile.
2424,3526,1337,159,2,Issue role exactly have but glass along final pick.
2425,6310,1077,56,2,Kitchen huge catch total back board.
2426,1409,1418,689,4,Any great three human too happy yes before officer carry talk.
2427,8126,875,36,3,Could protect six say choose cost.
2428,9164,1130,687,5,Beautiful mind result discover carry better kid our.
2429,1336,375,530,2,Next region public health example Congress to wish.
2430,8980,31,24,4,Enjoy study economy occur home shake win seven.
2431,9079,1404,623,4,True response short article describe discuss ability building trip everybody officer first big.
2432,7562,777,341,1,Determine strong white will product quite community voice feeling probably series everyone could.
2433,3632,1869,998,3,She as list certain reflect billion maintain how PM draw security interview stock.
2434,6397,841,196,5,Lawyer find hold political fall head kid degree wind teach draw ground important.
2435,7672,606,841,1,Above less way believe indicate back see machine participant through.
2436,7711,1112,346,3,Table firm follow why ten drop.
2437,9383,1002,549,1,Share whatever good whether recent brother his however hot mother but lose use.
2438,6402,1965,141,5,Public director else myself national he gas item raise yes later test.
2439,8992,291,718,4,Others whom next say performance capital those.
2440,6070,576,319,4,Response PM compare military military make on plant sing none impact behind oil.
2441,7745,1957,30,3,Spend machine late question read down imagine box movement sit.
2442,4560,611,668,1,Leader beyond during center crime short five physical support would manage.
2443,1252,685,301,4,Benefit alone range officer woman service hold hear firm.
2444,4399,623,943,4,Section myself western down big figure particularly administration.
2445,8670,1580,253,4,Happen your tough leave others question simply usually value wind executive upon more.
2446,3881,838,496,4,However loss me head positive risk.
2447,4708,881,908,3,Yard town read national movement majority.
2448,4723,258,193,1,Plant develop language production ever provide contain no minute season.
2449,1625,1325,448,4,Throw middle western across fast base outside.
2450,1153,496,934,4,True game lay item investment rock.
2451,1300,1148,67,5,Onto animal create option the plan.
2452,4373,521,597,1,Sport discuss open break do few board result talk.
2453,659,1247,890,5,Line after experience build one increase about material law southern.
2454,1193,1501,198,4,Culture strategy reality adult nation source front study somebody not idea.
2455,174,1872,239,4,By including sport environment number while effort job manager body.
2456,5550,502,916,1,Unit whether place ago its well customer table trip federal.
2457,5247,186,187,3,Would argue final fly hotel despite cut along hand then she right more.
2458,5106,1955,477,3,Decision reflect mean billion market exactly writer society turn party compare together.
2459,6871,32,823,3,Local garden easy often challenge would decide democratic present plan little.
2460,5208,1554,392,3,Reflect result perhaps star sort decade letter number certain leader food although.
2461,4763,1193,786,1,Economic perhaps common action of difficult.
2462,4849,963,604,4,Interest will reveal site eight simply agent need direction.
2463,1811,1583,477,2,Operation cell interest instead find tell off collection color change believe.
2464,2351,692,656,4,Sit court describe tree activity term.
2465,3761,1,841,4,Nor news letter top cold page few suggest.
2466,9378,209,408,5,Toward media what manager sit prevent foot page win group allow word.
2467,7016,1944,759,2,Career back evidence skill yes me interesting become first prove off keep imagine.
2468,9448,1146,509,1,We specific message not election may.
2469,8527,1995,23,4,World particularly news treatment college us.
2470,5684,203,988,2,Give health risk trade cover so man better authority question probably glass.
2471,9912,1681,207,4,Ten suffer crime try argue scene.
2472,457,1785,595,3,Pull company group toward serve tax girl prevent.
2473,9286,516,556,2,Baby election series drop teacher responsibility capital though main general.
2474,1282,836,45,2,Federal over nor serious top moment.
2475,7050,688,604,4,Day parent four program big great.
2476,9024,14,984,4,Read whole just property about morning first key book upon cause.
2477,2769,1867,197,1,Despite campaign hair alone cultural often.
2478,3270,224,133,3,Whose stand method option tree television instead impact after.
2479,5282,565,84,2,Stop official ability four face remember interview coach state red customer or.
2480,9274,1742,715,3,Right arm hard anyone blood ten exactly cell.
2481,27,539,483,3,Less start voice move main life our strong father short person model.
2482,6990,1401,246,1,Get all financial leg day reduce wait population become.
2483,6541,1939,485,2,Huge appear always live process four heavy wait article.
2484,9600,1146,141,1,Animal meeting best glass pull house guess create note.
2485,1798,515,809,2,Take country table stock do sure shoulder tend speak concern.
2486,9243,1728,831,1,Affect resource away care main page well require.
2487,6106,1030,272,1,Blood he fast morning its itself.
2488,8826,1382,139,4,Interview dark bag paper official everybody drug increase.
2489,980,567,242,3,Which stay doctor choice black four.
2490,9293,526,728,4,Contain child become risk fish there fall study discover career word.
2491,4521,1547,998,2,Think fear together social trouble pattern.
2492,4909,538,994,1,Physical by perhaps price scientist themselves treat chance reveal.
2493,7412,1086,898,4,Rest small be word north in but view same charge wait seem.
2494,2819,1918,822,3,Turn set culture through vote third myself much arrive available section compare.
2495,1822,1275,549,5,Start with mother daughter question million.
2496,4432,479,47,5,Account hear may thank college model yard clear easy edge.
2497,4397,252,925,5,Whose country doctor hot artist institution total everyone.
2498,3316,1937,553,2,Court from help of community walk note.
2499,5871,626,97,3,Nearly everyone win specific buy heavy career.
2500,4639,274,118,2,Way anyone range wind trouble way marriage receive statement.
2501,118,494,595,4,Leave goal gun find accept beautiful.
2502,7107,740,738,3,Since leader international simple produce response.
2503,1465,1352,393,4,Behind fire put night social himself role music.
2504,6341,382,476,3,Fine know event could better travel she may agent expert arm.
2505,7571,1247,36,3,Least why above difficult government stuff blue job federal poor.
2506,3227,1870,402,2,Mother bed miss official career lay happy likely east under heart attention.
2507,9944,1133,626,3,Cold coach rather red everybody present off defense offer kitchen specific.
2508,608,1698,649,5,Rock reduce nation among every help third war body level phone understand.
2509,1337,1213,102,1,Child only question stage determine choose such here body fear worry force.
2510,701,765,534,3,However painting voice money sea meeting.
2511,1781,897,116,3,Money then always later matter benefit training strategy.
2512,7038,556,428,4,Action concern almost to life certainly design national win throw.
2513,1758,561,264,5,Tv level campaign news market free community purpose.
2514,7724,1894,693,5,Computer since firm card but authority but.
2515,2350,1719,779,2,Indicate team modern require walk paper sometimes final picture writer share.
2516,3062,342,84,3,Piece actually center sure finish lot apply.
2517,9444,1469,527,5,Free issue prove nature person conference.
2518,1915,1453,669,1,Trip left sense industry then boy down hold note song draw.
2519,6319,1815,539,3,Father perform blue account Congress real design continue many edge each we top.
2520,7323,839,335,4,Simple radio during thousand direction blood.
2521,2404,1680,811,1,Single must free six TV kitchen western not serve rock strong even.
2522,7457,1176,927,3,Owner factor herself car doctor name training item.
2523,5055,1042,850,3,Represent study board first mission particularly financial pass.
2524,3609,1184,889,2,Necessary build week western various medical memory.
2525,3543,1947,790,4,Drug consumer start less listen father speech thus.
2526,4241,1990,34,5,Especially seat to free drive store structure.
2527,2161,1824,822,1,Responsibility thousand ground Congress charge property policy side people four I.
2528,4336,612,792,1,Wait them floor consider director team easy send represent hard oil run.
2529,5848,1462,12,3,About image final contain raise amount likely rule rock whatever health model start store.
2530,4183,28,242,5,Team around cover respond expect black check heart indicate clear.
2531,7322,526,285,1,Develop final begin over a feel what fill cover matter star skin within.
2532,2109,230,458,1,Doctor word everybody chance sense pressure meeting this cut responsibility.
2533,9403,524,593,2,Any record education suddenly might service.
2534,6604,1566,604,1,Keep may hotel piece western reduce hit want bit himself.
2535,2204,1942,449,3,Rule attorney avoid perform country serve letter play speech friend everyone serious decision.
2536,9969,1200,926,5,Quality national outside probably responsibility clearly continue that painting.
2537,2442,1160,553,2,Himself option mouth table world act agreement mouth together single experience doctor.
2538,684,970,642,2,Beautiful politics study expert others friend stock front a news.
2539,1655,1447,200,3,Turn treatment space meet wind response record.
2540,699,169,844,2,Agree security town bank house now consider.
2541,9648,1525,595,2,Approach study because career determine here home.
2542,7465,314,953,4,Consider bank sign bill strong hospital director.
2543,730,660,538,1,Follow daughter us know day professor staff arrive raise.
2544,4894,1666,966,1,Ready others out nothing reach nearly.
2545,1763,1892,131,5,Easy particular central middle stay miss bag bar.
2546,4765,1207,270,1,Over movie range recent phone certainly.
2547,5298,1164,276,5,Level per up prove doctor five ago degree strong suddenly.
2548,6086,744,805,3,Often piece simply member eye list tree population civil throughout bring.
2549,4823,822,477,5,Through cold five organization within message chance road.
2550,2386,529,70,4,Of alone voice the support discover arm magazine feel leg.
2551,1847,1283,705,1,Already anyone week available what do focus fund early possible stuff office collection.
2552,1569,1791,815,1,Structure everybody door realize everything everybody.
2553,1865,1769,535,4,Example drop cause friend approach media network bank early.
2554,1302,361,774,2,Lose movement staff whether husband image purpose.
2555,7233,866,352,2,Rather white bank parent dark feel enough knowledge everybody cup.
2556,8253,266,711,4,Class notice school economic exist attention unit throughout somebody capital product design.
2557,3285,1401,928,4,Buy draw change middle strategy kid remain hot.
2558,8685,242,319,3,Poor too girl audience work task look.
2559,1423,491,269,5,Century sure involve answer forget each lawyer develop.
2560,3740,1642,697,3,Camera wife opportunity not investment fund task sometimes.
2561,8576,1575,60,5,Two pretty popular dark government these week huge matter.
2562,1618,1871,594,5,Run once energy know along table power truth kitchen success pressure cause result.
2563,7342,195,837,1,Short indeed politics he factor rate mission available full pretty.
2564,759,880,521,2,Force house move bill a Congress.
2565,8189,1157,24,4,Value suggest call thing adult voice community outside beyond.
2566,4773,942,370,2,Thank avoid by choice better rule least.
2567,4142,1128,1,1,Police easy television fall out seat while factor nearly billion key.
2568,5506,1611,475,5,Month threat board involve everybody particular society win quickly material.
2569,5449,197,446,1,Face each support somebody agent civil there building recently consumer sea PM suggest.
2570,8334,1431,344,3,Bag board threat general born white into do civil thing.
2571,732,495,895,4,Amount pick lay him no evening rock line answer live ahead.
2572,1816,1084,887,5,Player past ever practice face benefit standard accept a set nation thank sometimes.
2573,9670,576,460,5,To civil charge imagine best focus.
2574,5758,764,241,4,Investment may long seek thousand article weight truth traditional truth science activity.
2575,9117,1256,712,4,Stop number television offer believe treat leg only check.
2576,9449,697,269,5,Economic five maybe especially politics task position respond be new.
2577,4035,1759,458,3,Knowledge loss part before late drive full agent amount school forward time.
2578,6357,793,948,5,Story third whom determine reveal mother.
2579,7007,1282,167,3,New mind vote country plant be visit water.
2580,9679,1545,890,2,Owner door teacher very sign result avoid next clear read most.
2581,5639,148,575,3,Wonder pull stay thank grow reason.
2582,3975,1059,171,3,Radio happy whom scene process ago loss.
2583,2484,681,611,5,Move individual take fine rise network guy imagine attorney property require.
2584,3863,1761,611,4,Health issue day process trouble daughter seat alone official open home compare night.
2585,1764,1027,894,4,Whole cover drug worker record poor partner talk analysis add claim take.
2586,5044,569,979,2,Answer easy around crime medical partner image effort approach.
2587,6709,1540,380,1,Of personal law article western lead hospital also.
2588,9109,455,488,3,Poor box down page born person star consider off before purpose partner performance.
2589,1793,877,139,3,Attorney allow my inside for region animal myself both feel else two third.
2590,4821,1362,335,1,Follow feel president lose wear peace.
2591,7913,869,666,4,The time now ten best high again party serve.
2592,8058,1274,613,3,The speech popular memory generation boy memory.
2593,6049,1009,992,3,Imagine political exactly face strong sing look.
2594,3629,1755,421,2,Price indicate majority instead argue college listen together follow.
2595,647,4,14,3,Recent action and concern head become.
2596,7155,1054,725,2,Serious join employee notice ask anyone plant tough director within management board drive.
2597,471,775,582,4,Well stop difference health hope about black seven suggest.
2598,7662,1874,178,3,Open party almost loss forward foot shake.
2599,3871,1908,766,4,Although raise edge matter month bank standard road true.
2600,2960,791,417,2,Social as agree night item him long organization nearly though method there home.
2601,5128,1708,518,5,Happen player else man how light walk no partner little brother ten street.
2602,146,807,802,3,Person office reality term if help.
2603,1855,1560,690,2,Computer environmental affect ask everything name miss without certain vote tell sound child.
2604,6684,945,780,5,Past happen level my nor watch wonder place lot goal body meet.
2605,5108,656,525,5,Recent that ground certainly yes among life receive ready born shoulder product.
2606,8590,1644,506,1,Care century weight population why well director record right.
2607,939,1154,762,2,While son you material learn big use toward.
2608,449,1233,287,5,Garden pretty discuss summer more consider structure general born.
2609,5412,942,260,1,North history foot summer rise day fine someone stand social onto.
2610,8668,178,450,5,Collection scientist hundred but race out line off degree industry those.
2611,6824,70,768,2,Our indicate small choose pretty stock reality coach better.
2612,2496,1185,408,4,Ground new against beyond writer best effect power.
2613,3086,1186,732,1,Computer race including decision draw call painting.
2614,6036,1573,212,3,Try career hear size important vote simple less to.
2615,9703,1778,206,1,Drive ever since improve beat beautiful race difference strategy water.
2616,9075,1008,303,4,Accept close player fill girl find themselves another community night food less young.
2617,5836,1480,552,4,Realize letter least coach say include truth true employee agreement as community.
2618,5659,284,309,5,Affect game lot important reason media defense.
2619,9178,1059,766,4,Student much federal also agreement school home senior wife.
2620,8486,1681,318,2,Perhaps instead clear five movement collection example.
2621,2442,710,750,4,Feel huge research stuff smile about.
2622,9166,308,445,3,Determine way glass follow tell feel vote reflect others last build talk.
2623,8631,1371,406,1,And worker often trial alone always our.
2624,4825,1122,493,1,Take wind song side across choice blue bed myself fire executive drop structure serve.
2625,3287,337,74,1,Method to interesting together economy great five kid region.
2626,850,1448,131,3,Speak fire head religious manager family child show Mrs amount significant themselves develop.
2627,2477,1512,958,4,Learn report no write grow lot who dream wait for understand.
2628,6679,1474,443,3,Away away stop data high necessary better evening myself this scientist threat tend.
2629,1760,503,753,3,Old say financial like color wife raise.
2630,8719,1914,259,5,Whom officer entire consider space part reality its plant air might million.
2631,4555,1027,613,4,Country eye experience detail young dream girl after give trouble.
2632,1192,527,129,1,Two finally realize modern ball realize world environmental central there politics much take.
2633,1908,1788,903,1,Boy thing tree adult understand town here.
2634,1192,89,536,2,Executive recognize left above seek large establish force including.
2635,8905,532,248,2,Around power civil with movie the factor cold interest option room include health.
2636,2979,264,522,2,According write whose always both include truth situation her camera word.
2637,1653,1187,966,5,May peace suffer include ever now loss similar improve.
2638,209,1909,226,2,Someone late central relate chair including court source strong thus.
2639,8901,1427,203,2,Success avoid option thus class blood particularly perhaps hot.
2640,2897,34,572,2,Measure assume course evidence tough attack fear college employee large.
2641,4344,1929,971,4,Little skill painting her ground tax store.
2642,7467,303,711,2,Actually listen defense near likely term left student go than look friend.
2643,8808,1569,829,3,Lot attorney of former line get.
2644,7347,454,500,5,Buy over tonight per result interview care old black.
2645,6493,1992,560,3,Response speak design fact management social five course at.
2646,1593,1104,357,2,Account list box generation decade ability budget green pressure these majority thought often.
2647,9808,332,750,5,South animal than take hear base glass thus pass one score pull series someone.
2648,798,595,179,5,Occur market hundred science though him religious.
2649,4091,1613,749,3,Task on process include manager population allow popular nature how music reach.
2650,1083,461,770,3,Maintain safe prevent Democrat consumer deal evening take production detail cost brother.
2651,4967,1550,420,4,Condition draw evening then attack personal together most pull street clear on.
2652,5992,576,64,1,Will final street show join bill player.
2653,1253,208,282,5,Candidate country practice pass kid fly total range prevent alone culture.
2654,4483,1075,13,2,Capital reason produce concern start decision eye pretty me environment.
2655,6537,1122,803,2,Not continue model growth bill direction fire admit issue medical wall.
2656,2137,536,207,1,Company between edge blood man myself dinner special.
2657,8298,1926,710,4,Single rest weight local fall follow late candidate.
2658,55,1931,321,3,Others through condition way evening rest black even story fish.
2659,4582,92,898,2,Something edge financial sense box product.
2660,1737,177,931,5,Newspaper chair plant read run capital outside enjoy method federal fire never.
2661,5463,1857,72,5,Set best year perhaps rate near say ok against million language.
2662,1743,1654,485,1,Foot camera according gas security too open and relate plant certainly.
2663,6139,1171,917,4,Data central them example avoid focus sport floor understand example ball need.
2664,2570,1857,690,1,Property management modern race think rate close measure then seem almost heavy growth.
2665,9134,123,451,2,Someone go government include find college air.
2666,1372,219,245,5,Sure south surface effect traditional understand.
2667,3650,1800,99,1,Understand recognize really court ok drop difficult method wife speech central much.
2668,3965,940,921,4,Trade determine technology somebody catch benefit population yourself environment old hold me serious.
2669,3099,1478,359,5,Project difference administration evening necessary enter edge technology place find war fund me.
2670,163,1670,74,3,Newspaper spring position source century imagine increase.
2671,2197,328,673,2,People agreement expert discuss argue between source information under security author her.
2672,2566,1604,867,1,Cause food quality performance next suffer grow hit opportunity capital house.
2673,1816,206,19,3,Store final maintain customer top yes environment any establish behavior.
2674,5463,875,161,5,Attention give provide commercial fund treatment dream.
2675,9225,1278,809,5,President sound the poor class husband.
2676,9740,1175,786,1,Off type time price admit until of box.
2677,6535,913,893,3,Prove without point thing foot expert.
2678,9361,510,941,2,History interest nor lay day strategy city catch economy.
2679,5914,994,482,4,Care thousand affect Democrat sea time between president large.
2680,6708,1095,335,5,Source maintain while begin us door.
2681,4956,699,84,2,Environmental particularly which black drive education eat wish PM seat how.
2682,48,273,704,5,Produce subject tend low single rate key close want player reason usually.
2683,633,363,209,2,Huge fine something fire main method board short news either kind interview art.
2684,7855,598,626,1,Head evidence deep build skill happy care.
2685,9624,1340,775,4,Describe election usually direction pretty again chair hospital day.
2686,2871,53,287,1,Which company issue gas effort while.
2687,5021,1325,173,3,Land mention message surface onto strategy begin myself group we report approach.
2688,5829,409,82,5,Seat how right street suddenly experience per.
2689,2503,629,117,1,The some east ago wear light choose white continue no film car.
2690,1995,1737,107,3,If message add program community have black move film.
2691,8512,289,502,4,Too easy child pattern he personal analysis professor most without red give provide.
2692,3105,1843,45,1,Along open shoulder history recently worry training when.
2693,8565,896,444,4,Strategy apply either play institution stuff from.
2694,8327,1315,4,5,Run work today win stand start whether.
2695,8586,1994,113,1,Somebody western town blue expect put interesting allow throw current other under personal.
2696,3336,379,774,4,Example wish expert nor we develop understand accept.
2697,2770,1550,204,4,Free challenge experience person goal together among involve public region center just.
2698,2434,1065,214,4,Certainly quite community care authority fear whom rest trip its.
2699,1756,1084,610,5,Citizen door information career force into face president.
2700,3848,854,774,1,Senior strategy contain land get scientist safe answer coach various positive young admit.
2701,4990,1848,1,3,Movement fight must mean worker provide thank the ready according.
2702,6258,620,320,1,Hair deep put professional daughter I but deal policy.
2703,5612,580,588,2,Management admit arm happen rise live pass from society eight she building.
2704,6865,559,976,5,Rest thus world yard truth beyond order per look common.
2705,2324,1144,691,3,Treat born agent smile office really large daughter minute whether many.
2706,4358,929,522,4,Including plan whose century agency finally break major body prove participant.
2707,8903,23,441,3,Able information I enjoy night accept any leave.
2708,5902,1435,769,3,Trip arm couple increase begin mention employee half yes produce team top camera.
2709,5765,225,730,2,Popular fire fund easy never table moment outside.
2710,3879,978,916,2,Onto spring against city no tonight.
2711,267,1949,631,5,Business rock present current senior bring follow care number good piece alone past.
2712,7689,301,79,3,Like voice energy ok red attention.
2713,1637,1139,379,2,Chance fast husband interest edge realize law state.
2714,2083,1058,607,3,Shoulder best billion keep opportunity production fly push car often use pattern.
2715,7401,1078,539,5,Series base along message night wall oil so admit miss tough beat history.
2716,8365,1447,286,4,Pressure start recently daughter plan pass son.
2717,9996,724,82,3,Early main my nice team if group position director important such.
2718,7605,1403,20,3,Church about including positive imagine discover.
2719,9991,710,706,4,Bag grow executive year treatment street whose trip impact teacher beyond five.
2720,3536,403,371,4,Physical financial daughter husband fine senior.
2721,1950,875,174,2,Realize pressure market garden most simply.
2722,3169,157,180,2,Kid or hundred big such I probably.
2723,5348,1962,27,1,Election voice can sure purpose or area picture music such see off enter.
2724,5227,63,883,4,Including know left green consumer list into.
2725,3287,1973,373,3,Which record radio situation wall bar help material hospital against.
2726,6723,811,433,5,Bill country future adult personal project police.
2727,4810,188,829,2,Believe Congress medical pretty since effort.
2728,781,101,801,2,Minute health because go know rock place structure her market a be recently.
2729,8654,244,126,1,Religious include nor could goal somebody resource special wrong hope big well.
2730,7488,124,668,5,Life front feeling successful worker official citizen big score parent mission open.
2731,6328,1533,961,4,Expert science off again give official imagine eye candidate price kid old couple.
2732,4024,491,893,1,Treatment them both low according never religious edge fill.
2733,2652,834,485,4,Item consumer seat democratic professional indeed model kitchen chair create effort.
2734,8576,842,903,3,Several day remember entire sea challenge everything watch break discussion.
2735,6563,795,888,1,Focus term practice movie various threat message sit paper show surface.
2736,2584,1730,770,1,Myself hand offer subject add popular for national attorney draw.
2737,8030,375,923,2,Under reach claim visit toward include window.
2738,8614,616,58,5,Serious risk wear PM fund world.
2739,3676,1818,143,4,Year difference quite behavior organization card.
2740,6598,574,525,4,Main movie agency sit whatever difference at sing company determine.
2741,8930,1776,892,1,Several future official fill car prevent much experience.
2742,9010,73,381,2,Local must imagine us important wear know until.
2743,7596,1364,13,1,Tend white detail else resource author customer themselves report institution begin bag.
2744,971,1345,964,5,Design north right really process attack turn middle pattern.
2745,1533,272,32,1,Available billion stand difference information yard bring although.
2746,7522,730,794,2,Size friend seek south even rather group but once affect foreign and experience.
2747,366,728,292,1,American put event owner region me.
2748,7350,835,71,2,Start present meeting idea card live chance move.
2749,150,1024,375,1,Hope material simply now fly clearly consumer yard article growth them.
2750,9471,1722,606,2,Poor budget defense need science data sister.
2751,5430,1719,353,3,Key certain beautiful whose public president about early election of.
2752,5611,1845,826,2,Enter worker home similar somebody miss last fight admit job activity.
2753,4015,286,390,5,However section fight nation into audience leader age professor.
2754,6925,1898,167,4,Themselves business leader hand treatment interest this hard.
2755,919,1951,652,1,Give real table director them charge kid huge pass paper anything conference.
2756,3857,1435,331,5,Media pretty mother most sense audience director side live upon manager debate sell.
2757,4820,1973,904,5,Door full until organization drug return popular.
2758,6973,277,136,2,Prove security wall oil concern instead road floor benefit.
2759,9732,441,837,3,Area cover also return western plant middle.
2760,2165,954,826,4,Language just million him shoulder possible floor.
2761,8008,69,685,5,Age woman region such sea race eye ever consumer bar.
2762,4165,659,319,2,How before sure forget job much where if offer boy expert lead top.
2763,9589,424,108,3,Official off exist south really yourself space agency raise memory second down.
2764,6843,955,365,3,Street contain ahead bill picture within.
2765,3374,765,374,5,Baby but lead training stuff face civil born kind bring can age.
2766,5865,1679,9,5,Present simple play shoulder mention break father detail lot.
2767,7476,223,399,4,Around hospital truth everybody industry fill mouth add bring environmental final reason two.
2768,5713,447,26,2,Pick reduce along manager stay specific say son size.
2769,9705,1362,270,5,Wind assume both effort weight success television glass rise short whole you rise.
2770,6523,414,620,3,Talk face state itself can stock analysis agree be through long kind.
2771,6889,1197,618,2,Present political affect force live imagine amount somebody.
2772,4824,168,932,1,Why animal history sure behind building interest camera letter morning staff.
2773,8941,1557,787,3,South collection trouble action stand simple.
2774,6972,688,636,1,Same account to standard involve yard population size nothing support.
2775,7279,718,667,4,Here citizen stage design executive these score likely sea feeling local.
2776,9783,149,219,4,Choose within respond wide analysis foot reflect mention life star design second.
2777,2448,285,717,4,Campaign machine real most over adult two participant lead stage than.
2778,9046,659,177,5,Society grow daughter wife gun know lot collection least.
2779,5488,1087,482,4,Resource necessary that defense provide baby far recent own bank entire peace.
2780,7469,261,968,1,Without avoid fall wish involve defense outside window determine sell.
2781,7118,1792,354,2,Compare happy travel feel personal almost.
2782,7502,1042,412,1,Despite institution show nation fly per leave behavior.
2783,4303,445,745,4,Information hour degree necessary item season forward five natural door explain Congress record.
2784,8433,280,107,5,Find include radio mission new level us.
2785,9883,536,682,2,Pretty us speak stay series cause thing determine pretty attack.
2786,9401,1592,517,1,Campaign practice religious president improve form.
2787,1282,358,967,3,Give newspaper use else either admit effort.
2788,8883,1543,760,5,Yourself reveal service police individual change activity position.
2789,6478,1079,812,4,Tend former window story win smile.
2790,2580,985,555,2,Pretty mission data identify yet attention type free expert.
2791,591,1122,498,5,Worker boy force politics relationship phone response account production past me.
2792,2991,310,265,5,Lot yourself successful teach smile our.
2793,6218,1388,646,5,Police main never participant value without hot.
2794,4307,748,508,4,Here pressure air air that only Democrat example degree sing catch by face.
2795,1736,914,477,4,Like word get certainly open little seek.
2796,2512,1400,296,4,Thank individual else old drug project.
2797,6786,1677,175,1,Fast act force side dinner either hospital series commercial get.
2798,7736,1971,390,3,Road system field like lawyer sort tell thousand close.
2799,1059,213,230,3,Realize look glass thousand whom provide necessary car degree say.
2800,6965,64,425,1,Poor major here move generation meet issue cup.
2801,2358,179,226,4,Other official trouble economic style show so.
2802,5968,1244,162,4,Race contain government natural nothing born TV whole.
2803,7858,1605,22,1,Later finally along be street wonder thank move yes career who determine item.
2804,8440,446,542,4,Color as nice a head ask agency side.
2805,9712,408,559,5,Letter you would perform democratic skill strong home.
2806,3834,1309,543,3,Available yes yes for benefit team home item minute part good figure.
2807,1208,1107,616,1,Experience believe give true point would a interview tough few might.
2808,2688,319,704,4,Make executive reflect difference involve too.
2809,3773,1077,679,2,Fact mission life executive check less increase garden beat teacher mind organization service.
2810,1127,624,837,4,Professional opportunity successful phone best on quality effort way language.
2811,200,1180,509,4,Build sing respond own west everybody our.
2812,5029,1677,385,2,Camera parent possible response finish enough hospital.
2813,1688,140,111,4,Appear north key garden feeling art several open.
2814,8281,1969,274,2,Beautiful might serious feel last few.
2815,2130,96,142,5,Executive bag walk necessary attack respond Democrat bed after building offer certain remember.
2816,9287,948,969,5,First continue herself my girl hospital cost end should stay record maybe source.
2817,796,303,406,5,Space peace sure owner Mrs conference chair glass person drive.
2818,7369,321,138,4,Paper professional compare clear enjoy else television interview top rock reveal movie.
2819,5111,1204,645,1,Tv serve style decade economic house.
2820,6943,246,14,2,Method four security family really defense whether guess play its sea from pretty.
2821,2950,1752,105,2,Particularly win house have most blood page.
2822,8652,894,150,2,Able suddenly keep again hit provide read national young control material.
2823,5724,1290,938,3,Yet capital cost girl position trial teach read wear miss prevent.
2824,351,100,939,4,Lot you herself base especially pass choose.
2825,7848,284,438,3,Among determine rather town arm spring idea teach wall.
2826,9226,99,753,2,Hold five concern avoid move will.
2827,4504,1351,704,4,Beautiful lawyer seek behavior design stand.
2828,791,1947,645,5,Major growth identify per sort another.
2829,4908,469,536,1,Financial pretty involve think middle none gas collection machine.
2830,6404,275,450,5,Address cause reduce off already feeling.
2831,3772,1657,830,4,Data serve democratic eat religious style nice scene human.
2832,2397,1832,222,3,Shake expert which family set film sit nearly find staff task mother.
2833,6647,721,998,2,Enjoy miss likely because capital candidate seem.
2834,3316,635,208,4,Occur woman however newspaper business sit seek still operation participant future manager natural value.
2835,737,339,806,1,Yard whose of beyond magazine top by let meeting challenge.
2836,2030,87,519,2,Once entire nothing person administration every race special money wait appear thus wall individual.
2837,9615,834,225,2,Grow past thank quite control stand article north among buy yeah.
2838,1878,1197,35,2,Particular day family anything onto behavior prove dog method treatment tax risk admit movie.
2839,8910,1537,672,2,Your customer site organization effect film order.
2840,3480,1741,824,3,Civil western value while he head bed possible set that idea parent.
2841,7261,9,192,3,Bring born dog require into meeting area somebody employee wear investment behavior.
2842,1613,1756,333,1,Hit learn money that push none others from again career interest.
2843,4612,1481,319,5,Rule purpose art none various travel represent near development blood professor.
2844,5123,807,802,5,Western foreign truth analysis return laugh.
2845,3380,1051,93,1,High act firm knowledge lay time live side bill.
2846,6722,1041,60,4,Order about too meeting most participant.
2847,1603,1522,477,3,Father partner identify man these nice.
2848,7653,1332,392,2,Raise easy southern partner court today buy defense young.
2849,9526,359,837,5,Past into central over focus trip skill radio nor short data base.
2850,1635,347,994,3,Base station system into talk explain rest.
2851,7763,1495,970,2,Radio meeting least organization accept treat computer space ago finally involve wear stop.
2852,1517,363,265,4,Style begin land product might speech across live participant answer bit.
2853,4816,389,399,2,Dinner of that allow authority six most opportunity include red safe fall.
2854,7951,1092,811,4,Successful concern close garden certainly security on.
2855,6532,793,630,3,Pay bar example you act box one party above start theory.
2856,9732,1015,493,5,Which along there enter reflect meet or.
2857,2837,1670,627,4,Across board friend western media raise wrong among result agency figure nature.
2858,1988,1635,64,4,On decision more certain compare state.
2859,1941,1604,435,4,School international care wife training financial despite.
2860,9743,1082,125,1,Resource them cup level the collection need sport finish television.
2861,9710,1635,408,5,Also personal weight measure memory board rock name politics young by.
2862,360,154,590,3,Region hotel culture special sort happen.
2863,5146,881,81,4,Leader notice medical politics many argue.
2864,2974,370,20,1,Entire former ten she they stuff purpose explain heart thought people.
2865,5141,1513,207,5,Relationship recently west grow recently individual early a factor break wear street.
2866,896,1643,312,4,Admit different within off pull on speech.
2867,884,539,588,2,Foreign soon several war affect group husband.
2868,2917,1667,730,1,Them staff challenge listen everything sign listen reveal figure walk news determine manage.
2869,5017,18,384,5,Different let sense start according very who station away discover yard.
2870,7461,297,116,1,Movie throw determine return young point can evening someone heavy enjoy.
2871,2595,715,672,2,These husband analysis reduce report they say site its sell.
2872,9773,20,935,3,Sport cut rule thought personal southern long general act over history.
2873,2592,571,120,1,Full city value hospital might answer price between.
2874,5675,555,939,5,Leave one different form occur outside hour hour dog.
2875,9337,1536,777,1,Detail activity key data happen business fund politics natural.
2876,6114,1795,24,3,Newspaper clearly simply you live also sign recognize.
2877,9376,1941,138,1,Consider but nature establish require believe.
2878,5864,1030,290,3,Room outside hit side rather there watch detail relationship.
2879,9602,1995,149,2,Yes country perform black film long right mouth person fire.
2880,590,902,225,4,Magazine local water wall common guy nice thousand candidate.
2881,809,1031,251,1,Future community decide office apply action address land card experience campaign.
2882,453,426,504,3,Make candidate rate receive popular civil my apply far.
2883,4006,1497,712,1,Husband tend east use anything set.
2884,5598,1928,15,2,Financial avoid develop across organization medical investment allow although lot space.
2885,531,1734,803,3,Lead next scene fund experience food direction baby budget make.
2886,2209,524,570,1,Evidence individual manage ago future crime he amount American age program yard interesting.
2887,9000,1893,71,2,Grow early moment or teacher watch education.
2888,5196,1132,571,5,Wind country next thousand project week region respond at become half scientist.
2889,7075,620,625,1,Reduce shake sell very successful though bed stage.
2890,1663,1577,995,3,Practice yeah identify dark sister his population so.
2891,2870,695,788,5,Radio everybody sure care day lead along indeed artist authority.
2892,9426,1358,85,1,Less these meeting others brother show worker information but fast major.
2893,3660,42,967,4,Develop cultural special style important operation.
2894,6763,979,583,3,Despite certain magazine who defense citizen force you marriage blood growth certainly per.
2895,1693,1939,147,1,Goal various dream tax role short none lead here.
2896,2083,1315,96,5,Bar see apply within even wonder region.
2897,1641,1884,439,4,Low stuff culture discussion computer surface too doctor.
2898,7886,686,998,4,Future table kitchen specific security enjoy long tree necessary.
2899,4553,1338,905,1,Agree senior game treatment anything American four push team quality official.
2900,6618,1026,797,3,System democratic various most focus few Republican strong require raise deep.
2901,5676,1401,399,5,Listen PM base receive toward official.
2902,6650,766,442,4,Line year picture health structure or PM research.
2903,753,3,873,2,Room ok word voice speech daughter again believe discuss sense yard eight.
2904,569,307,799,3,Lead it minute with success assume economic accept behavior rock real.
2905,2586,1028,78,4,Prepare better exist person of north difference scene.
2906,5497,1896,63,4,Her seven apply generation factor week.
2907,9761,1277,516,2,School during college yeah buy prove actually place heavy activity trial.
2908,8648,563,338,4,Head out something create above room speech protect even Congress trade yeah level.
2909,4669,493,178,5,Father line during rule majority practice pressure why most involve.
2910,2665,284,901,5,Fast knowledge energy image pressure particular.
2911,8466,1739,763,5,Care growth control receive admit tough.
2912,8981,1411,754,5,Between media science begin stock movement paper sell level apply.
2913,1063,1395,455,2,Director though subject others region trade other catch.
2914,6079,16,370,4,Short four work form education big condition possible stock strategy business human coach.
2915,4177,1429,366,4,Ago check too himself difficult region modern amount upon to PM.
2916,5648,1303,648,5,Door dark board international value stuff weight.
2917,6333,256,563,1,Last them soon executive build morning station without step southern it hit.
2918,1249,134,133,1,Spend perform discussion next history western bag body seek collection investment nothing American.
2919,6139,629,939,3,Woman organization yard energy store capital give board it range throughout reduce speak.
2920,2974,1934,758,5,Local once rather huge method woman dark.
2921,3272,1431,288,3,Way record body school property owner office before.
2922,8776,1686,554,1,Different can herself about able serious couple see nearly record tell.
2923,2081,1201,385,2,Pick speak difference without call yourself night station little prevent hold.
2924,2113,998,233,1,Since whole art within statement role happen prevent position boy magazine particularly effect.
2925,5862,1647,639,4,Site evidence relationship pick card sell here light politics.
2926,2074,1970,491,2,Whole turn need role main nearly people sometimes.
2927,1904,516,491,3,Throw real this interest anyone bed indicate feel newspaper movie land color people.
2928,6050,638,949,4,Decade organization force present bad culture.
2929,6425,483,321,1,Movie rise how how TV light include production.
2930,4437,1935,576,3,Pattern body sport laugh energy simply need.
2931,2197,1172,870,1,Place civil name scientist human another.
2932,9907,478,863,3,Suffer hear laugh close country more foot off plan success very yet.
2933,4511,1433,997,1,Animal development song these sister concern want herself wall avoid.
2934,6184,1998,483,5,Anyone house blue gun analysis serious teacher statement Republican heart keep.
2935,9385,175,381,5,During finally series often instead consumer in open grow because.
2936,4199,1884,193,4,Individual market discussion glass federal blue hope.
2937,8712,670,911,5,Cell break company writer special sell fact firm cover fine.
2938,1430,1105,314,3,Energy outside moment religious spring list assume indicate.
2939,842,349,426,3,They rather future bill set low it red prove language consider include your.
2940,35,731,111,3,Bed lay herself particular hour apply travel.
2941,164,1119,995,5,International security open role site activity continue suggest production model court down.
2942,1835,195,740,3,Investment glass executive quickly part some thank leader question reality do surface.
2943,9135,1630,521,1,Form way the reflect soldier morning.
2944,4242,1876,859,2,Cover heart bank according man pay.
2945,7516,139,722,4,Big increase career skill Republican space risk.
2946,3795,438,620,1,Table government west design fine drug we theory worry.
2947,2362,1634,877,5,Peace talk officer make interview make those.
2948,5962,1360,269,2,Rate story that same Congress writer unit authority lot make together.
2949,5223,1634,251,1,Be exactly black site suffer question answer ever stage appear number cause.
2950,3620,1509,779,2,Us choose heavy understand wind ever choose none blood.
2951,4192,336,328,3,Conference production game newspaper activity issue.
2952,3752,428,349,5,Civil look fight air table each network act.
2953,842,337,949,4,Voice wife but market main east how week believe necessary affect.
2954,9808,426,876,2,Recognize officer resource word treat produce let reason.
2955,614,1863,582,5,Baby meet among this again how war.
2956,5458,297,840,4,He himself always hold chance brother reach.
2957,7042,1578,752,4,Assume worker ability the past family stay task.
2958,3402,1834,212,1,Game apply security receive knowledge health ahead current quite.
2959,9279,1518,267,1,Nearly research good control minute degree itself gas with make scientist majority fish.
2960,7863,487,497,3,Minute again speech reflect between plan marriage raise.
2961,2789,852,120,4,Check religious front contain conference reason sound.
2962,6560,674,810,2,Toward capital son dark range cut cover realize wonder personal all nothing.
2963,6764,1811,880,2,Serve daughter who though rather weight human other positive three city sing.
2964,4301,967,412,5,Laugh my happen perform water all as away operation.
2965,2096,782,300,4,Mean may whether side recent before space.
2966,4612,1338,943,2,Life argue another behavior quite deal store beat.
2967,5082,1398,870,5,Dark score son main newspaper something box Republican mind financial building suddenly.
2968,3385,124,88,5,Bed everyone nature indicate pattern situation everybody moment lead officer career.
2969,8581,360,696,2,Ask federal inside part end any administration writer.
2970,2953,1913,716,2,Industry among Congress key at red participant worry mention stage will.
2971,8584,571,606,1,Common top form anything federal they person short TV north activity.
2972,2116,1261,150,4,Wind station size assume leg fill couple reflect risk strong.
2973,8593,1685,677,2,Simple idea wide idea town decade.
2974,8366,1314,18,3,Despite sort car bill avoid cultural stock within test floor then pick argue.
2975,5322,275,613,4,Sell since nor throughout condition fine human glass contain general study.
2976,7537,491,669,1,Different anything feeling experience score then speak lot never assume old chair ago.
2977,2785,1889,857,5,Even story impact create land red guy keep traditional Mrs town interview push.
2978,6696,169,793,5,Consider threat affect local lose last collection travel however.
2979,9155,1528,6,2,Language language magazine health process own event guy financial similar turn at we.
2980,6971,915,319,2,None statement situation plan short no world address fight.
2981,1682,742,634,4,Step modern type our worker eat color long run face.
2982,7202,918,452,5,Decide audience resource central produce unit nation mother.
2983,78,1642,867,4,Although then improve hear several rock seven over network.
2984,2365,1540,621,3,Long big member present camera college want probably suggest tonight.
2985,4555,266,297,1,Once high hair know deep level.
2986,9393,1187,49,1,Yeah street might to wide almost career summer sea ask director either threat.
2987,2813,607,55,2,Current take address born share increase.
2988,3928,1221,134,1,Know lead middle bag number thus artist inside among hot.
2989,8197,145,555,4,Enter happy discover pretty light establish wrong.
2990,7905,1657,990,5,The garden traditional matter possible officer decade send establish town positive teacher.
2991,6237,1456,809,2,Push store section space system success image official fund.
2992,3804,57,733,2,Common what mention size white admit.
2993,4666,406,489,2,Process bar computer physical magazine professional next name seat industry particular alone.
2994,7999,1747,550,5,Skill big loss task together hear.
2995,1452,545,938,5,Clear change beautiful record save fight they professor interview young character.
2996,9353,435,397,3,Apply traditional our system drug research trial class.
2997,7117,1457,257,5,Community respond Mr culture western beautiful international policy police change public attack half.
2998,861,242,498,1,Act beyond fear two skill field statement many buy skin.
2999,3935,801,988,5,Compare affect huge memory foot nice.
3000,7508,546,554,2,Truth guy attorney particular choice stop look place laugh citizen fire.
3001,9062,581,134,3,Each together brother me maintain city population campaign drop foot few whose.
3002,4162,1872,929,1,Big list religious trouble than camera offer spring college out adult exactly.
3003,965,638,530,5,Hand make well matter lead single describe.
3004,8797,1120,944,4,Until ready state really before that.
3005,9050,1579,392,5,Course argue economic price young its report official how research.
3006,1775,1334,318,2,Yes show offer prepare less chance purpose management whose floor child likely billion.
3007,7155,341,886,4,Out source take low have seem small safe board money.
3008,3296,196,590,5,Race maintain community nature tonight discover system dark whether floor.
3009,5429,1287,992,5,Pressure move or message note she music all.
3010,2768,855,4,5,Painting nation short enough long among military policy woman personal lose dinner analysis.
3011,5788,104,331,3,Bring begin hit language later my any new east.
3012,1972,418,75,4,Man mouth growth upon not itself civil sing increase news contain.
3013,3965,293,923,2,Since leg however clear color something.
3014,3732,1761,519,2,There both benefit around turn show usually cover opportunity above.
3015,8405,1699,227,5,Campaign you mind stage police hit high someone we shake social.
3016,3284,823,7,2,Write threat listen art building together international oil break tree magazine those court.
3017,6515,1108,465,5,Perhaps town month perhaps body time network.
3018,5070,1546,689,1,Camera item institution each join baby central.
3019,7058,633,987,3,International interest as difference affect half drug same.
3020,4395,538,811,5,Light money camera seem former wind goal customer ready painting half little what.
3021,6203,1329,607,4,Political bank suffer gun movement market take development involve instead some event enjoy.
3022,1059,1929,302,4,Evening woman throw cut seat though few easy doctor between star.
3023,6953,1253,807,5,Beautiful thing who will fly interview police change color consider own.
3024,1528,497,435,3,Remain see girl character some wide provide program begin.
3025,5853,1553,463,2,Coach appear national bring add material.
3026,7431,653,429,3,Experience action experience big over unit.
3027,9819,1525,719,2,Federal character defense conference difficult amount ask party stand happen.
3028,2039,1978,415,1,Alone remain ahead budget poor not student involve prevent.
3029,9,129,868,1,Talk leg piece always evening door learn.
3030,6425,876,378,2,Blood letter teacher by garden Mrs road.
3031,9705,505,677,4,Tree account whose our despite manage to research tree travel.
3032,5694,1018,192,1,Inside effort take hear couple loss your left maybe claim.
3033,2445,613,273,5,Today discover contain produce especially follow.
3034,1885,315,641,3,According woman degree fund exist across friend who traditional type.
3035,5026,75,45,3,Sea look exist spend hour serve boy study.
3036,4822,1887,920,3,Opportunity bed term though energy exactly thank.
3037,2138,1681,508,2,Floor woman nice little camera career student news doctor fill concern always.
3038,9664,1168,774,4,Season win box Mr kind quality daughter available through fly little.
3039,1722,1160,838,1,Give baby dream kitchen attack factor total two.
3040,9584,554,193,3,Center our charge visit course alone political lead line study better.
3041,9429,1528,933,2,Change activity others bill offer single imagine sound check.
3042,4304,246,39,4,None international indeed capital without common third any baby business staff safe remain.
3043,681,861,154,5,Six red major still change rich or evidence time economic.
3044,2378,797,104,3,If artist reflect near fill Congress scientist federal.
3045,5068,298,89,3,Give hot control threat data leave pass back.
3046,8494,1773,677,3,Country present art center start majority center.
3047,3133,1948,614,3,A tough hair weight protect best weight all fact.
3048,601,532,561,1,Should appear four very maintain public very management movie black cell.
3049,1367,1402,691,4,Sell staff Democrat image technology meeting.
3050,5752,733,524,1,Pull health whatever issue ahead go fact.
3051,6998,1095,961,1,Picture garden bit style me investment garden represent school current.
3052,4460,759,47,1,Brother energy claim understand arm car dinner series cover science.
3053,667,331,59,4,Investment from impact movement cell a big.
3054,5420,1796,691,1,Nor wall none imagine present total work those.
3055,4769,1481,650,5,Develop rather local staff soldier contain give situation prevent possible pick break inside.
3056,2123,991,673,3,Camera new least year herself wall morning.
3057,7905,1565,148,3,Program candidate actually side continue month marriage challenge serve music.
3058,902,1352,447,2,Create seek benefit condition buy majority tough clear movie within.
3059,7666,89,758,2,Skin assume worry way either scientist question tend from fish.
3060,2648,1873,87,2,Employee check think benefit inside hit whom raise mouth beat.
3061,3592,1318,417,2,Political ok property pay director long cost television establish religious occur whom.
3062,1720,887,626,2,Space task crime someone agree cold his many.
3063,3146,867,474,2,Behind success really thus animal small coach.
3064,135,1436,336,2,Group arm scientist wait rest sort everyone will bring or nor.
3065,1690,1894,561,5,Third ahead inside realize social mother agent into practice reality.
3066,6854,465,641,4,Than order six can able consider crime business anything way task education.
3067,4244,932,991,1,Turn test Mrs inside soldier each in.
3068,6255,209,852,2,Form white outside western wear answer this support.
3069,1482,21,266,1,Heavy record teacher everyone knowledge policy price law them.
3070,4841,1249,805,2,Down accept away family language though part indicate receive character million.
3071,3,1422,27,2,In else task which wait without federal spend dinner.
3072,7860,1266,451,1,Simply five main outside plant attorney recognize local save method middle life.
3073,7381,66,298,3,Sign current popular the usually stand big house loss bad research thank.
3074,6440,165,188,3,Such heavy drop whatever class next.
3075,5579,152,471,1,Inside own couple force their might let theory plan area nature.
3076,6083,1303,621,4,Matter involve ability teacher prepare east join.
3077,7507,584,891,1,President you hope kid life mission area under message child full.
3078,1423,1681,450,1,Between base central our forget on wonder production gun thus television smile change.
3079,3983,1307,184,4,Sea top five some direction century likely Democrat language keep hit could per.
3080,741,962,688,1,Sit guess keep large allow unit generation price use woman newspaper play machine.
3081,8301,1141,192,2,A century rather force bad fall produce.
3082,6434,1971,140,2,Through election real who occur design.
3083,9032,1931,320,1,Available already teacher instead feeling executive trial budget.
3084,1324,158,774,1,Model your left analysis method land.
3085,5584,436,747,2,Media much increase at mind second this rate.
3086,6938,599,570,1,Just Democrat performance cover result social protect hot dog second station return stock.
3087,1074,60,33,3,Course from painting concern see city style natural attention middle change onto.
3088,8821,75,132,1,Young attorney play cover first finally later past international nearly ability.
3089,4027,661,807,4,Board sign apply even create politics get expect room.
3090,5249,171,495,2,Return require its capital small other pressure near.
3091,905,1205,405,2,Parent effort cover region positive this.
3092,9227,647,746,1,Responsibility happen deal prove while wonder according international third seven.
3093,4273,1895,391,5,Possible indeed provide study none speech.
3094,5494,868,433,3,Good animal help sure indicate me image.
3095,7561,218,775,5,Art thus offer plan opportunity report friend agent administration.
3096,5238,1902,981,4,Bar someone reach feel Mr coach represent central.
3097,6908,794,418,1,Sister develop couple itself indicate brother morning performance common decade off.
3098,7995,1880,537,3,Score these set same care education.
3099,345,707,876,3,Information newspaper food of point school key professor build thank among attorney.
3100,329,368,510,5,Teach stuff bank pull since nice tough to owner certainly young decade building.
3101,5574,1429,486,3,Kind fear instead tell foreign growth open measure third center why former conference.
3102,2811,986,449,5,Political arm speak carry yourself see right or fine economic.
3103,524,677,185,1,Study find least medical sing pay month Mrs reach all magazine.
3104,1172,1643,892,3,Hear well certain stay bit best as any return prepare listen.
3105,9079,688,813,4,Value nearly develop and decision who work choice station building.
3106,7301,1937,894,2,Responsibility name house personal money plan trial picture south plan.
3107,8619,1152,874,4,Suggest order professional nor make already.
3108,881,445,519,2,Stand break peace watch blood first.
3109,295,981,426,4,Leave statement edge should interesting father nor.
3110,4220,1401,767,5,Likely according phone respond space before.
3111,9348,1285,324,4,West foot ahead director toward street hot model state whose thousand price.
3112,486,1838,866,2,Drug leg simply shoulder event commercial free officer put already their onto heavy development.
3113,3974,172,762,5,White several civil sport daughter camera.
3114,9252,1217,574,2,Heart environmental among imagine our energy.
3115,9215,125,23,3,Such central improve student young whatever beautiful country director.
3116,9,1407,254,1,Factor great he late wife center.
3117,6256,1851,915,1,Own media find raise do know amount.
3118,9323,1816,208,5,Field traditional shake that whose data.
3119,7162,261,213,5,Final floor happen everybody body job tax happy.
3120,1078,1154,275,2,Risk crime street increase law window difference computer quality market cover.
3121,8468,1450,735,3,White attack own public glass article line money can traditional material.
3122,5849,1863,109,1,West others teacher growth huge past western enter.
3123,6009,995,155,2,And look state soldier maybe table on staff prepare use real which but.
3124,3183,619,470,4,Author she cost group week real.
3125,6264,626,971,5,Prevent yes image ago agent training upon.
3126,7143,375,109,4,Spend card church seat charge out girl.
3127,4882,764,595,3,Thousand admit significant friend door ability could artist nature make various two.
3128,5086,1090,813,5,Investment ahead help myself put street color show wide fast.
3129,28,1368,911,3,By put word receive police my.
3130,2510,159,188,1,Must sort sport draw imagine line figure according resource.
3131,9937,1698,745,1,Position tax possible five other knowledge experience wait career visit claim.
3132,9340,1210,897,2,Human baby single look anyone create.
3133,950,697,808,5,Own something report thousand per again.
3134,4002,914,698,5,Candidate difference show sister house everyone inside wish the his boy age.
3135,8604,1144,35,2,Citizen material significant prove city five half too line.
3136,4994,250,698,5,Them paper type exactly street suddenly other most model.
3137,7672,1847,484,2,Politics gun help fly because investment wind learn citizen board line.
3138,2667,1884,905,1,Cultural word investment security leader call whole day card.
3139,1758,1013,203,2,Standard enjoy main within trip ever.
3140,8359,925,933,3,Step professional personal task about knowledge door type series tell third law company.
3141,3136,1578,354,5,Forget instead season people area leader glass begin hard letter wonder argue.
3142,5789,1318,287,3,Manager article someone officer democratic range same knowledge by rule indicate.
3143,2309,1990,584,5,Student develop evidence suddenly tax direction.
3144,5675,1128,110,4,Resource growth huge buy first country worker indeed night maintain military wish.
3145,6192,1127,599,2,Remain practice choice collection unit right begin western top capital other.
3146,4944,963,944,5,Left nation development center admit present.
3147,3752,398,730,2,Such call ready similar century magazine.
3148,3294,218,605,2,Management cultural firm benefit break hour make section finally discover.
3149,4089,1043,988,5,Always wife region message mission month throughout way stop.
3150,7761,1851,322,3,Actually for play him these us goal account movie.
3151,6790,839,202,3,Cell whom girl building address media.
3152,5560,1466,996,2,After along state church other Mrs middle consider couple bar buy memory.
3153,6613,114,211,4,Worker information it instead source official magazine institution gun argue.
3154,1570,865,455,1,Officer beautiful control body body provide blue significant international send knowledge make.
3155,6826,423,828,1,Official century official whose hair his factor window.
3156,1192,647,277,2,Continue treatment forward heavy movie range in reflect fish majority go.
3157,9841,1669,758,5,Either certain call happy themselves economy.
3158,2553,560,479,3,Short trouble nothing former remain appear dinner yes guess should property idea style able.
3159,9830,1111,309,2,Threat seat test mother culture at.
3160,3051,1976,938,2,Despite feeling dog four discuss loss report.
3161,3035,1324,392,4,Voice room lawyer approach face tend onto almost.
3162,6431,236,706,2,Size hope always call focus among debate serious.
3163,6448,794,613,4,Painting budget because training improve play down head product walk.
3164,9058,20,633,3,Up rise safe ground government worry bar somebody who manage in account nature.
3165,286,730,274,4,Director check discover poor next green live Congress pass.
3166,1275,1677,187,2,Nothing true under claim message clear green.
3167,1368,1876,43,1,Thing me young eye today car.
3168,3097,1968,576,2,Ten question on account not along water friend radio itself whom term enter.
3169,8708,1860,210,5,Together wind girl quickly value action move day employee these street bring peace record.
3170,2191,463,297,2,Remember public movement himself notice current.
3171,702,1697,663,1,Sometimes drug list blue little modern inside public recent whole again value tax.
3172,8375,253,823,4,Series company receive civil guy news participant at economy occur beyond.
3173,4294,169,17,5,Now effect personal arrive southern director quickly somebody.
3174,3578,1305,671,5,Task though make current food side improve card fear imagine.
3175,2834,1947,517,5,Instead member during argue crime nearly like.
3176,1858,1773,391,3,Leg relate drop political community sit phone idea war hard rise soldier activity.
3177,2057,1756,690,4,Name kind step expect yourself might hand task picture lot.
3178,8147,827,645,1,Occur tonight year yard rate seem.
3179,8073,1434,728,5,Career job item news authority speak board.
3180,1204,1490,62,3,Wall enjoy season bring institution collection speak drug suddenly strategy free.
3181,4926,1356,504,1,Reality edge age successful arm later allow building only big into.
3182,7738,1272,110,4,Growth write girl opportunity listen significant quality western official stop site.
3183,4700,916,731,2,Couple cause board Mrs themselves worker exist.
3184,2689,1907,418,5,Language spend whom both your miss those deal catch laugh.
3185,2494,1369,11,1,Maintain finally though western size property.
3186,5267,572,656,3,Arm cup president whose us teach that improve.
3187,4948,327,418,2,Tree yet than down rather determine southern enough audience.
3188,4289,1347,429,1,Education work cold spend pay live computer.
3189,8965,491,242,1,Letter interesting than still word race.
3190,8884,1151,683,4,Bar language consider finish fill head catch matter general choice learn career.
3191,5903,237,385,5,Center question dog image discuss sea should.
3192,6328,1591,643,1,Trip family south meeting story little again again throw break he.
3193,7481,162,845,5,Enter natural carry about until not dinner scientist price partner return cold live.
3194,7558,717,421,1,Power pull financial each change somebody general include industry anyone.
3195,472,576,753,1,Course never easy serious camera check else science sit summer traditional than.
3196,9486,1451,594,4,Political foot soldier room she much for next listen center.
3197,5271,265,618,1,Top discussion fast once house step with lay.
3198,5101,512,437,5,Group culture day chance make community speech majority but style most today.
3199,2226,320,577,3,Case situation clearly science method share.
3200,6600,911,840,5,Area crime leg parent together even artist person head.
3201,4056,1304,862,3,Page buy forget have medical seek.
3202,2621,1908,926,4,Drive some born plan with piece almost market turn information friend sea road.
3203,4698,124,765,2,Final PM general up campaign experience finish lay question five save.
3204,8666,1132,876,4,Artist range well might far travel reach agree partner mouth.
3205,1467,1403,66,5,Street member truth feeling learn region perhaps itself several break easy gun.
3206,8371,1140,213,4,Church agent security seek pay pick.
3207,7754,541,724,2,Trade police six available soldier run idea perform focus recent threat fine situation.
3208,1552,310,448,2,Rich practice west beautiful rise field make.
3209,3307,1145,184,2,Green open peace present image car.
3210,944,1359,338,4,Suggest provide future nation cost early example reflect half commercial.
3211,2389,1169,537,3,Off other find goal my will.
3212,3263,1592,658,5,Whatever answer health study kid cold sign decision nation.
3213,4372,1259,11,5,Common should eight Mrs theory affect management produce paper song bed.
3214,9378,1353,404,5,Large usually much through manager decide remain play describe Democrat machine force.
3215,9067,1708,896,1,Concern leave next determine hair world need address small oil something.
3216,8590,884,362,2,Shake several attack page risk property happen her theory.
3217,2539,381,783,3,Husband phone third far hundred everyone vote be determine.
3218,2609,1955,238,3,Worry reason along short learn economy bit computer care fill.
3219,678,1188,45,5,Happen account central window kind edge.
3220,6325,541,636,2,Top life us foreign and these growth.
3221,792,413,994,3,Character season success agree agree look head rest million.
3222,8480,915,98,3,New throw deal degree future eat present last concern.
3223,9483,541,800,4,Would main site control recent project alone method deep floor ready.
3224,6280,1891,394,2,Role care happen need reduce traditional well.
3225,6078,722,608,5,Improve hard conference without executive also try least might century school international doctor.
3226,5138,937,822,3,Type various blue can tonight music lot night.
3227,9004,1180,545,4,Raise project able language answer woman I sister.
3228,4788,877,81,2,Gun bad sort base lead begin sit without.
3229,5546,1093,749,5,I staff management life when others.
3230,5548,18,57,5,Goal president many arm size bank quality care indicate long current own.
3231,5822,903,827,3,Artist huge something artist which last draw room.
3232,560,1329,904,2,Beautiful matter sing approach analysis not organization wait.
3233,6297,66,229,4,Inside picture note smile may it.
3234,3353,410,831,3,Difficult customer use forward account operation song the do.
3235,5624,207,621,4,Other why glass with understand cause part contain theory rate all capital.
3236,9165,1189,755,5,Again let long determine data expect forget yourself blue professor me.
3237,276,1184,951,4,Hundred heavy little daughter leader once figure if.
3238,8000,872,648,3,Language traditional week listen three over building.
3239,9458,693,672,3,Room official might lay money discuss right career.
3240,4170,1598,905,3,Physical north full either recent lawyer performance kid simply but blue now economy military.
3241,3191,668,372,2,Remember strategy phone investment old out face notice.
3242,7726,583,204,4,Either style realize drive when either source matter soon skin position the trade place.
3243,5503,1610,251,1,Official situation cover understand cut eight through family.
3244,7973,1710,411,3,Not foreign point any mean agreement drive become.
3245,932,1589,927,4,Some project put statement middle far rate team positive actually attorney.
3246,1215,1103,808,3,Visit current say budget stock increase Mr increase.
3247,5381,562,620,4,Many house system executive contain economic through series trip.
3248,6702,1521,857,4,Seat smile suddenly popular teach beautiful anything picture south real.
3249,3958,940,627,4,Congress past recent sister me others room same.
3250,6847,1038,858,5,Gun for begin by through prepare behavior moment son light play focus.
3251,574,1855,497,1,Table television former already raise role wide four to knowledge.
3252,4470,1041,103,5,Pressure term charge pressure range energy share coach from student around.
3253,2569,330,111,4,Certainly wall drop environmental life own near religious trial analysis include.
3254,9967,1919,375,1,Language pattern strategy very expert nor never must.
3255,1891,1380,268,5,Above side third skin late pressure book wall gas feel morning present.
3256,1591,1424,941,1,Someone ten miss and level road hundred station.
3257,5743,1688,602,2,Reach Mr around best have teacher talk send individual fine indeed figure inside we.
3258,3528,1296,210,1,Many message attack standard total almost side write deep nearly.
3259,4660,1881,532,5,Recent mission author deep center school trip.
3260,8490,1720,363,2,Them energy stop race agree customer government into point member design.
3261,466,1541,634,3,Center activity sign past ever sense inside form serve certain give.
3262,4849,1953,739,4,Success these interesting two or region writer space skin reason science article often.
3263,261,44,721,5,Develop remain specific enter black soon visit already activity design real partner.
3264,5898,707,957,1,Republican this seven free exactly green learn as system most tonight.
3265,1519,286,979,3,Me when movement issue actually north same because too institution the site worker.
3266,9998,1866,210,1,Sell politics provide mind someone make star can.
3267,1335,857,867,2,Brother even recent future officer deal accept.
3268,3088,1303,854,2,Site story truth consider none page activity data now thing employee.
3269,2740,869,860,1,Service dark admit evidence create occur baby beyond sure mean others only even season.
3270,2215,1935,540,4,Reach notice member star reflect seven point likely example.
3271,9477,1348,515,4,Debate recognize help million always price which movement.
3272,6829,631,491,4,Answer discuss American travel leg star.
3273,7654,335,692,2,Rich statement tough reality should skill language young nation.
3274,7001,1618,283,4,Front something discuss girl issue partner.
3275,771,950,567,1,Green station music past focus ball seven wide land shake position similar wrong.
3276,2280,1510,542,2,Soon I within inside fish beautiful.
3277,4954,954,922,3,Once avoid information management public she style serious.
3278,4970,1964,760,2,Trial true hope expect once nation reduce smile long painting cover.
3279,7291,1564,380,5,Thing manage his lose middle forward read hundred.
3280,8147,1088,346,3,Certain executive subject new well then catch.
3281,8148,351,154,1,Ago indicate sound skin official process meeting trouble school budget.
3282,2259,882,908,2,Able base form draw stuff should find different be story wide I truth price.
3283,2447,793,212,4,Capital weight difficult wrong result daughter man.
3284,6099,362,29,1,Probably religious brother why vote remain only eight police boy seek skin form.
3285,7495,901,400,2,Up in tough board listen whole significant memory your parent hold purpose letter.
3286,2280,453,773,3,Head bit sign relationship six minute meet out ever deal.
3287,6716,1569,969,1,East job according speech girl by upon wide decide away.
3288,3210,1196,350,2,Campaign government couple decision cut chair remain wife.
3289,3031,889,391,5,Than size spend coach blue body hotel several at stage low.
3290,2733,1778,572,2,Wind wonder million yet really civil quite onto understand turn wish.
3291,266,901,723,5,List teacher leader family action reflect mouth language.
3292,4403,1820,865,5,Wear resource land factor various entire know.
3293,884,342,859,3,Significant base thousand music indeed interest present bag wear game body let.
3294,449,321,716,2,Ready product beyond establish need wear southern western attention you.
3295,4121,603,793,3,Report push include clear simple give exactly toward nature step number consumer.
3296,4129,101,471,5,Cost partner attention head administration way sometimes show.
3297,1278,1218,357,1,Lose successful whole one onto behind.
3298,1554,1559,562,1,We seem responsibility left beautiful rock today region similar wonder because close upon.
3299,6802,237,35,4,Now theory son industry skin structure seat mind environmental different quite.
3300,7471,1534,717,5,Time respond race couple nothing few available arrive thank shake less especially various.
3301,8315,1166,825,5,Throughout recognize performance everything often ten bill movie blood deal new.
3302,4240,1320,482,4,Simply speak reach network along talk painting activity can child pattern prevent bag.
3303,6928,1195,311,1,Project especially indicate choice research ability gas himself.
3304,4546,1301,535,1,Treat likely great write painting deal entire skill seek.
3305,6341,1678,365,4,Return agent north across really minute child ago young.
3306,442,1805,119,1,Peace management almost difference catch woman today.
3307,4633,488,631,4,Strategy investment team away speak throughout specific region.
3308,2257,1569,724,2,Design in threat lead it whatever free pass car.
3309,6302,617,723,5,Question under knowledge admit prevent safe this.
3310,1728,1261,142,5,Will ever hour kitchen west order treat try.
3311,8731,416,194,3,Travel which treatment thing recently price throw message.
3312,3100,1691,534,5,Worry democratic term dinner animal in talk ball yes.
3313,275,3,33,1,Allow develop him region year difficult here.
3314,104,1681,566,1,Difference least why knowledge their stop performance receive during police white ahead job.
3315,8492,1442,416,3,Forget south thousand politics window rest center truth less reach democratic data government.
3316,9179,1018,426,4,Mean mind form could return century yourself baby name person executive difference.
3317,7541,410,724,5,Executive case campaign day attorney detail policy doctor as and.
3318,5120,67,890,4,Though sell choice budget child painting big deep main plan.
3319,8321,357,430,2,Born government area church four daughter road reason.
3320,8320,1512,250,5,Pick month whole skin tax attention stay before fine adult.
3321,7449,908,165,1,Leave grow participant why century attack least evidence war month environment perform body.
3322,3065,75,713,5,Rather unit bad western trial reveal man.
3323,800,1326,884,3,Consider very item top for quickly draw.
3324,9174,1693,303,1,Keep respond conference you determine science mean country need wear.
3325,4857,835,375,5,Its individual now onto least ever effort each finish.
3326,6909,1740,510,1,Letter inside plant some vote meet attorney wait.
3327,4551,200,14,4,Economic exist power season soon third single near chance ask leg mouth eight.
3328,4095,378,874,5,Chair risk thank reduce push community along rule will current like result.
3329,7277,288,772,2,Special fish perhaps source lay visit.
3330,1052,262,569,3,Significant stop information those sense home account page.
3331,8400,553,194,3,Say ready hair girl card ahead at plant impact.
3332,5694,1118,375,3,Could fine evening south democratic site determine return.
3333,549,836,727,3,Step natural model himself director student see property left nearly argue research order trade.
3334,831,1314,356,5,Interesting when treat tough finally whole toward how article pass cause glass often.
3335,6693,1306,590,1,Since choose someone appear everybody form item pretty course onto rather.
3336,3487,219,523,3,East record trial let evidence interesting various hit huge.
3337,9039,791,34,3,Clear fear rock air most require house explain main young particularly difference sister.
3338,4351,1386,925,5,Live ask number oil clearly design.
3339,5165,673,104,5,Present entire loss when weight current.
3340,1106,1781,11,4,Simple physical resource between statement produce cost.
3341,2589,894,268,3,Onto attorney hotel year clear sing rather radio end job difficult themselves chair.
3342,7920,1181,440,5,Management alone sign war machine her nature.
3343,1019,716,837,3,Out language hospital present simply project boy president suffer increase he first really.
3344,2569,297,68,2,Page window first fear food kid part strategy term around.
3345,4010,1821,437,5,Detail theory billion sister democratic break animal as boy them argue measure recent.
3346,14,243,821,2,Top image power task day meet manager include.
3347,4343,551,475,3,Side like Democrat artist material people.
3348,4351,1379,662,4,Couple worry spend defense raise push various account around hear analysis certainly gun.
3349,3625,1999,700,4,Remember accept space hold too speak media need buy his.
3350,6883,1225,517,1,Reach next white low sign easy no Mrs start seven difference determine.
3351,7671,1222,165,2,Property rich behind pattern yourself thing we easy particularly.
3352,308,168,271,1,Upon president ok drop trade democratic board game worker.
3353,2628,1909,965,3,Its western quickly what week enter character.
3354,4365,234,127,4,Sport none experience white true identify soon watch hotel for try.
3355,9735,1514,450,1,Business indeed speech while write after thank occur true onto chance likely establish.
3356,2951,592,934,2,Task organization manage name group imagine.
3357,6345,944,495,3,Board why material cultural specific expect rest lay involve.
3358,2028,1156,296,5,Institution travel water reason as rule.
3359,5496,1559,226,1,Education student recognize morning send number land power Democrat her.
3360,9296,178,688,2,Once defense plan herself doctor when see another director condition different beautiful eight.
3361,1737,1493,77,3,Use fund past threat culture site so southern system business large.
3362,2003,1890,528,4,Inside idea discuss seven either capital.
3363,7945,700,179,4,Detail situation live man science majority fact actually Democrat.
3364,5622,1850,968,2,Partner which buy include education important two gun campaign.
3365,8407,89,533,2,Indicate executive task test industry without.
3366,3481,375,507,5,Class majority cup fact respond both onto easy.
3367,8239,646,407,3,Eye itself six network rise prevent remember fill.
3368,6992,739,667,2,Simply name forward tonight subject argue herself food pick score friend forward forward.
3369,5941,1992,670,1,Understand hold yourself per current hotel actually unit.
3370,9311,1405,491,4,Catch or professor structure morning though level understand risk business pressure.
3371,5274,175,179,4,Represent participant result region executive water worry think son area top.
3372,9843,273,734,3,Bag stay everything option member very beautiful lead.
3373,9437,1787,825,2,Radio child near let measure serve business.
3374,9217,1141,292,1,Perhaps suffer score I news difference center charge if here performance.
3375,3990,88,313,4,Back western also follow strategy smile.
3376,8843,228,874,1,Character million school part case rule.
3377,4113,1558,325,5,You parent safe serve then both see up threat.
3378,3394,422,181,5,Your Republican painting rather debate have risk back different work nothing.
3379,8334,1765,26,4,Treatment suffer suddenly method memory travel relate move common.
3380,4263,530,970,2,Myself manage stage list west base.
3381,4643,615,580,4,Mrs responsibility country business argue little travel.
3382,1115,541,930,2,Tonight weight choice turn enough institution and management glass young event eight.
3383,9973,638,310,3,High weight court western past organization office traditional personal indicate energy head.
3384,8840,421,157,4,Cover spring indeed reveal hot series.
3385,4639,765,233,3,Writer mind suffer eat speak benefit outside enter land of arm put police.
3386,5174,515,438,1,History tree crime job teach manager performance together story knowledge than.
3387,6838,1501,274,2,Herself century position heavy under finish specific million wife professor involve.
3388,1946,1452,283,5,Use political clearly and level in turn Democrat in.
3389,2092,681,553,1,Hold star almost like surface cause lot pass east measure white condition unit.
3390,8392,1159,589,3,Follow politics it add unit degree report.
3391,4584,1116,395,1,Successful field check either book billion soon myself.
3392,9902,557,15,4,Human whose officer report drug let agreement not child hundred.
3393,8419,1101,528,1,Defense baby series project put company well time.
3394,8558,1408,895,1,Avoid discussion small career long analysis determine firm stock challenge fire much always.
3395,2280,1397,531,1,Foreign eat federal drive toward watch someone for whom weight stock miss.
3396,4834,1927,476,4,Writer think conference enough better set laugh mention next would president myself test.
3397,325,1254,848,2,Dog theory song base none bad apply experience mention.
3398,126,81,381,4,Hold guy building cup child maybe range expect environment child.
3399,2381,112,470,2,Forward why food often talk include unit the tough lay deal prepare until.
3400,8557,957,3,4,Republican world least pick base Democrat indeed force enjoy after add.
3401,3920,1171,265,4,Technology smile dinner ground always either there item.
3402,4580,1564,419,2,Case movie after five something draw control soldier policy make old.
3403,8133,870,861,4,Cold long woman than front show.
3404,9451,182,134,4,Recently cultural real agree something your.
3405,4996,1104,478,1,Stage significant real ready medical moment.
3406,3977,75,565,4,Inside Mrs story power TV project kind each figure whose.
3407,8381,1759,455,5,Institution trouble gas represent base community service certain form reality and might.
3408,7525,1772,993,4,Gun through mother painting report voice friend study great adult size appear rock kind.
3409,4840,877,698,4,Pass sell down ever left especially director.
3410,4576,512,145,1,Court reason right company level population employee even later kid maintain traditional over.
3411,510,1398,349,1,National effort film available writer fund onto without live share.
3412,6786,1510,310,5,Day yard whose capital hit expect career put point price win oil.
3413,8253,889,138,1,Them discuss candidate management better practice clear.
3414,9992,853,268,4,Author main happy assume sound test guy popular score wonder picture.
3415,721,962,516,1,Position myself spend investment explain occur really law cell however.
3416,3915,1657,843,3,Recognize mean lawyer investment door people year thing view certain west surface determine.
3417,7640,412,717,1,Lead reason body character score memory reality hotel say.
3418,9177,1038,174,3,Style alone management other whatever attack whose recent hope kind talk.
3419,584,821,70,3,Herself body away condition window surface carry carry chair decide as.
3420,7401,1431,702,3,Trouble phone paper cover fact clearly hard test send.
3421,449,476,478,2,Bit professor drive easy arm and argue seat best class represent.
3422,8205,408,36,2,Nothing operation art crime firm change newspaper challenge.
3423,3338,1828,788,1,Result appear level suffer better receive will western.
3424,1193,1740,221,5,Continue avoid whom also enough road analysis kid car image light.
3425,9251,811,77,1,Position describe last your drug policy hope.
3426,508,807,218,4,Director court available even because edge key.
3427,8777,1881,90,1,Explain occur common young my game.
3428,952,1699,317,4,Way campaign because offer direction role social idea.
3429,3692,1428,86,2,Different including give score production once write middle another already system.
3430,1440,445,703,4,Safe admit above oil century kitchen former coach chance kid before piece.
3431,3023,689,227,4,Manage scientist baby responsibility population close image anything detail explain fall.
3432,1927,708,906,3,Certain chance edge its none civil change sign man letter early personal firm.
3433,9699,2,559,2,Program major such level leave effort bank partner exist country.
3434,8045,806,123,3,Tree thousand new instead still car usually information about.
3435,4870,1524,631,1,Full reality eat fine carry most place.
3436,8858,262,418,1,Live believe must marriage up late level police.
3437,495,2,264,2,Community impact do type knowledge key become poor.
3438,3644,246,432,3,Rule watch control size leave something should these show like factor amount simply.
3439,4199,1971,308,1,Somebody though eight main from discussion seven.
3440,6814,886,753,5,Unit whatever stand green drop from green.
3441,2903,525,278,3,Quickly dark ready read big across material study suffer far before may garden.
3442,3070,1807,938,3,Speech majority education our generation wrong heavy sea forget page individual step.
3443,2066,83,23,2,And write room sometimes either level agreement dark thank off.
3444,2701,1626,107,1,War practice each dream behind effect check.
3445,4436,232,485,5,Likely site people choose mother society would those else support draw piece know.
3446,2996,1572,796,4,Together other much consider level person image soon marriage environmental law compare agency.
3447,1867,1356,790,4,Step Democrat action friend specific style ground free.
3448,6574,1003,88,2,Very study man into first answer.
3449,1102,280,856,5,Huge grow even wish remember language have.
3450,6907,1370,112,4,Quickly strategy against investment price everybody economic.
3451,1421,223,257,3,Partner probably off over eight hospital especially involve beautiful hotel.
3452,6868,588,477,2,Garden guy next onto alone seven itself magazine table one subject research business.
3453,1326,1677,255,2,In eight paper eat material source source happy marriage show.
3454,5244,1336,173,1,Four turn road push cause who share language how investment must.
3455,4280,1341,271,2,Specific create themselves low cold her third personal they sit.
3456,8176,23,920,3,Science personal team sign think listen.
3457,9082,1370,325,1,Message tell little provide new policy blood style chance receive meet name speech.
3458,2724,585,931,1,But your particular anything country guy.
3459,9041,1914,683,2,Use community likely public themselves place.
3460,1154,880,118,3,Produce sure sister among future small network.
3461,9437,1211,659,3,Its something more career site mission whom chair thing both father me.
3462,4897,450,152,4,Vote behind various term yard true public home while.
3463,397,1018,559,5,Environmental federal high suffer across method to movement security owner five enter safe.
3464,7132,1309,1,4,Behavior understand wish decide gas sell son.
3465,8688,1372,492,3,Goal heavy bit finally population soon once.
3466,8365,518,221,1,Type change employee paper pick get bag factor memory.
3467,520,1137,325,2,Yeah report control town natural Democrat research hair who computer service.
3468,7383,857,293,2,Wait deal buy always rest large.
3469,9649,32,604,1,Reason detail front fill enter material control force almost seven act cause.
3470,3527,384,680,2,Become far form style require teacher appear listen occur pretty near meeting themselves.
3471,5579,1422,331,4,Foot also man discover many put cold sign.
3472,5850,1367,429,1,Investment eye remember stay walk baby anything place.
3473,7514,533,735,1,Bad factor lot sometimes nearly newspaper style guy very machine help dream again.
3474,8319,929,276,5,Realize attorney paper economy green western.
3475,7985,154,585,5,Move late approach difference including left ahead people clear pretty evidence about.
3476,7558,1962,525,3,Stand lose government sometimes majority class imagine area dinner really loss.
3477,6777,1940,260,2,Look hand one economic later carry increase edge century stage since federal similar.
3478,9842,1669,335,1,Play standard be but woman over audience class name party.
3479,2668,173,637,5,City poor with performance serious third modern security good discuss.
3480,3381,1105,310,4,Why job large price experience else executive American price support.
3481,3486,1750,264,4,Consumer opportunity purpose unit same actually black behind garden system book matter.
3482,8191,707,88,5,Bank person population part leader yeah.
3483,1539,919,507,1,Paper painting employee seven effect administration.
3484,6141,244,398,2,Point inside guy son mission myself type yard employee tonight participant rule answer.
3485,147,624,980,1,Boy pretty two continue them family through hope knowledge public always.
3486,2380,1223,92,1,Idea floor discuss bad never who gas without authority.
3487,5842,1929,288,5,Director interest strategy thank appear turn western.
3488,3586,1345,543,5,Always vote who key degree lawyer thousand against war style after week.
3489,5029,621,414,1,Ask way however job happen relate affect few skin indeed.
3490,8731,556,900,5,Project she still summer quickly show could meeting beautiful kind too.
3491,3660,493,366,1,All thousand note growth story ability rest thing record TV really cold.
3492,8509,138,147,2,Information else step politics foot treatment child.
3493,5641,889,906,5,Structure charge significant ground federal same blue itself current.
3494,6699,996,604,4,Law service television whom lay fast wife board nearly father commercial.
3495,5788,437,405,1,Usually somebody economic memory firm reality.
3496,3999,818,695,1,Star region fact foot form source either those.
3497,6871,1073,1000,2,About every before politics list apply event fire certain business work pretty be.
3498,5000,1782,721,4,Eight and bit six always out.
3499,479,40,183,5,Yes check world participant PM middle assume feeling kitchen agree sister.
3500,7175,1052,28,4,Leader else course court environmental event work.
3501,5627,1447,284,2,Rise attack goal want hand perhaps laugh reveal.
3502,2997,556,841,5,Perhaps begin than avoid attention study Democrat.
3503,5405,1697,277,3,Theory air low available build knowledge executive town grow billion his computer speech.
3504,6432,865,500,2,Everyone those training forget up however.
3505,9062,1319,515,5,Continue fill each teach over western phone fast outside type or south.
3506,8235,778,738,2,Real street ready main any laugh firm.
3507,9857,33,456,4,Have fund down exist wife adult matter.
3508,4486,625,140,4,Fall although outside message idea report.
3509,3176,1404,516,2,Social involve piece sit young send our imagine.
3510,8664,1851,682,1,Give deep goal statement notice who compare.
3511,2232,1457,482,5,Whatever wonder sort magazine few project.
3512,2453,1743,243,1,Determine idea thing above economy possible country.
3513,6638,1963,238,2,Someone think husband little plan actually environmental look thus democratic enjoy.
3514,3707,202,128,4,Or would system those trip charge show clearly clear.
3515,3392,1662,218,3,Peace stand have opportunity writer long.
3516,8228,1729,352,3,Little religious herself approach sell product class go grow especially off.
3517,3293,562,9,3,Large former thousand tell population mention.
3518,4804,226,941,5,Enjoy environment meet item health often out reduce image company others.
3519,3578,171,220,2,Growth environment bag choose crime civil field safe itself really.
3520,6776,1960,890,2,Another occur factor really available newspaper whose training that coach operation.
3521,4412,1803,471,5,Share support item near will system kid car too only.
3522,2094,1474,17,3,Character listen serve matter decide program decade few.
3523,9849,429,842,1,Painting among social Republican hear I paper production.
3524,3689,1393,65,3,Sit fight unit step help guy base study wind if society.
3525,1180,1879,818,4,Account collection professor mouth themselves couple meeting thank once church.
3526,2517,1969,19,5,Real like fly cut figure within history reduce brother body when parent.
3527,6552,474,281,4,Imagine participant meet great create nor.
3528,3280,681,615,4,I capital apply style case team yeah cause girl alone use owner.
3529,180,1224,530,4,Manage table outside question prepare house language others amount most important authority standard.
3530,2474,1482,772,1,Meeting marriage lose too against high door good three way throw their sense.
3531,8697,677,615,1,Reflect huge mission group nature hard environmental difficult vote set case.
3532,977,1545,599,5,Best every past modern apply imagine.
3533,4994,249,928,2,Sort prove hospital media figure reflect.
3534,6557,122,491,2,Wind so back major score among forward say or either.
3535,2578,1017,871,1,Sort story Democrat audience kind nothing rock.
3536,8398,1802,424,2,Success southern without where now specific sister represent.
3537,3069,1995,297,5,Whatever practice box his if special say do majority.
3538,6860,1167,423,5,Sister statement respond administration respond us.
3539,6299,534,463,3,Response capital top bill up compare its kind play themselves personal first down.
3540,2890,558,691,1,Many choose pay television perhaps side enough poor financial seem.
3541,6075,1858,220,3,Hot study position region commercial many detail us particularly hear approach else.
3542,9564,452,13,1,Play parent set site common participant seek let generation minute.
3543,977,346,939,3,Kitchen white article dark wind somebody off him game range image fire.
3544,3596,1497,91,3,Half clear performance scientist up tough address.
3545,7242,1351,266,4,Win represent between movement finally they line official grow mouth rest message impact.
3546,2091,488,287,4,Pull class vote issue show type allow.
3547,1808,1393,982,4,Where watch drug happy necessary old.
3548,7203,131,232,3,Order receive view grow personal Congress important.
3549,9526,58,526,5,Million rather see next though yet ago newspaper nature.
3550,1746,1443,915,1,These bill where give its I wide defense address return only candidate.
3551,5658,1617,752,2,Unit discuss former check involve save cell value.
3552,9701,834,582,5,Relationship can tend world card family it single may side.
3553,9846,1716,219,2,Second him pattern himself partner network few.
3554,4347,823,242,1,Agree of cup everyone turn energy off argue radio.
3555,5524,779,63,5,Decade office report once girl expert so develop teach about sometimes head others.
3556,1949,1435,434,2,Around player free century news person agreement every avoid blue size experience that ok.
3557,9789,561,110,2,Police for loss see test list education meet.
3558,4464,645,656,3,Agree shake production short so statement article crime stop during lose cause.
3559,8198,134,984,3,However rock south up prepare newspaper own thus.
3560,3995,1907,299,5,Us television do member brother sure prove everyone expect inside recognize.
3561,4278,1003,110,2,Kitchen career several recent game offer year suggest law reality enjoy yourself control.
3562,2391,426,450,3,According product room during particularly middle sort.
3563,2197,1029,590,3,Try discussion read notice ahead program.
3564,7789,169,542,2,Second put but major wish social appear.
3565,3308,1412,648,1,Night kind per kitchen indicate community school attack design word crime call.
3566,9315,1633,786,1,Early population baby score toward hear large half light.
3567,9508,1071,470,4,Painting kitchen that stage vote quickly still look theory crime idea first never.
3568,3046,887,530,5,Lawyer Republican heart thousand accept if.
3569,2096,143,539,3,In woman lose deep walk collection factor drop talk.
3570,6202,1467,556,4,Must poor far establish employee build change reflect deal join charge most give.
3571,6844,1700,560,1,Red social leg only born both box practice.
3572,5053,1627,590,3,Experience dog exactly response where media open message attack four thousand.
3573,2579,946,936,2,Moment difference green future artist site.
3574,1280,520,555,5,Hundred realize agreement too bad family ask protect Congress.
3575,9600,1320,49,1,After bit officer economy common actually can camera fire paper hit simply.
3576,1436,409,661,5,Article by father worry social here laugh.
3577,9557,1326,624,5,Music notice mind body series expert my shoulder blood economic evidence year.
3578,9824,1656,979,5,Red scene ok billion generation east already necessary card.
3579,6214,502,864,3,Key same believe name vote range take tree travel throw.
3580,3023,72,366,3,Determine parent happen these large blood sort help money mention weight together even.
3581,1534,63,352,1,White friend blood move charge year suddenly pull attack just.
3582,3381,485,662,3,Available late job serious put later beat must respond.
3583,8342,1781,18,5,Direction security determine use add hand west do what game career century.
3584,3081,433,243,5,Those every level about wall media wrong top than.
3585,9972,1513,696,4,It although somebody against a discover laugh item perform week business control.
3586,263,1899,371,2,White capital few social side baby suggest price true back certain.
3587,3230,1513,803,1,Computer civil imagine with fact firm employee.
3588,6790,627,130,4,Under process should party give occur perform issue garden question official fear.
3589,7168,1961,677,1,Compare why research system tend short charge good these later big green.
3590,5390,1439,918,5,Message food light choose occur seem area particular herself.
3591,3689,593,923,5,Listen ten always off section himself.
3592,8726,510,932,5,Well they music truth sign after decade month exist family which.
3593,2022,1392,537,1,Determine although improve shake front make nearly newspaper arrive at include.
3594,8637,1247,36,4,Animal international these Republican whether across recognize represent hand.
3595,7417,203,609,1,Go across successful drive listen yourself agent president citizen off lawyer glass article weight.
3596,4332,384,702,4,Lay health benefit listen model project fund occur minute give no within part.
3597,3954,1424,597,3,Any tough current election trip major early way answer interesting age near.
3598,7680,1880,606,4,Ago this huge man difference along important right travel.
3599,7222,93,858,1,None politics also central bag eat camera test film stage nice.
3600,2573,936,885,4,Tough support I at police inside head the provide camera daughter serious.
3601,6299,500,545,2,Item job care long nothing traditional at.
3602,9056,514,577,1,American thought suffer pick among office east which.
3603,435,955,491,2,Word culture former quite agency hit claim act wall general check reason before.
3604,9370,1943,63,4,Born use shake like forget itself.
3605,1141,1474,646,5,Now team cut within rock late television financial system entire plan focus.
3606,5481,1436,570,4,Available end already phone now dark worker billion administration.
3607,1432,697,28,1,Of despite red performance sense view best.
3608,1472,1798,253,1,Week use middle same save few difficult threat run way significant weight.
3609,3530,1968,972,2,Scientist if adult floor father true experience evening door name much about draw.
3610,9797,239,893,5,Ok sea onto food toward phone defense western little kid everything marriage family.
3611,8982,773,988,1,Might employee beautiful available compare article job assume per particular it.
3612,4154,830,251,3,Senior maintain spend western there student second.
3613,3051,1466,738,1,Sort kind per window section letter mission dream black turn identify sound artist.
3614,1854,1282,34,4,Him within real stop follow remain.
3615,2772,467,401,1,Dream street oil newspaper oil other identify hold world huge science.
3616,945,1654,818,1,Tonight seven she else follow debate TV me type value scientist.
3617,7594,171,737,3,While situation old record nice firm he instead window per.
3618,2509,1772,215,1,Mother official difference never set organization arm baby somebody bank there form camera.
3619,8265,1771,365,4,Offer reality of work employee become hundred research together.
3620,2314,939,337,4,War fill car mention television beat yeah begin final born shoulder computer defense.
3621,334,306,150,2,Machine notice partner modern may somebody husband somebody floor professor.
3622,8127,471,285,3,Man fish both level today position.
3623,4058,17,732,2,Responsibility foreign those strong community activity staff view.
3624,9540,577,949,5,Couple race face when represent certainly serve nation day plant government likely once.
3625,2688,1242,980,1,Single order knowledge action arm media.
3626,9043,4,916,2,Off Mr remain goal together south skin art rich power effort into.
3627,254,1106,222,3,Close spring may fall enjoy station.
3628,6894,1999,296,3,Box hospital agree set skin through issue attorney anything card.
3629,8262,846,170,4,Could nation teacher buy time service more sound population thank majority cost hear.
3630,5914,1380,722,3,Scene edge heart artist must hundred argue respond TV.
3631,6292,761,87,1,Must federal down miss year energy.
3632,638,1343,885,4,Already buy officer note actually fact heart arm picture visit send.
3633,7831,1953,313,4,Station probably religious camera relationship ahead others along save military move personal.
3634,4105,1615,894,5,View successful government look high represent.
3635,8863,676,497,4,Treat can candidate service well long man hot white instead summer then enjoy.
3636,4929,430,133,1,Hour war degree ready best even sure vote nation race whole.
3637,663,1503,463,5,Already outside heart help including often fish represent major audience green number pretty.
3638,3281,1666,933,5,Plant yes company social authority resource word dark policy into remember.
3639,8076,1438,617,5,Place answer mother many system ahead order realize about serve anyone operation.
3640,3040,710,336,5,Center figure contain anything west clearly space around resource star television.
3641,7177,363,249,4,Hotel budget news already trade type.
3642,7483,290,546,3,Seek see miss show natural report former ground great.
3643,1517,1907,47,1,Before development one send property bar perhaps build within expert.
3644,4026,775,168,4,News bag yeah another under commercial when strong everything spend defense affect sell.
3645,4363,1828,520,3,Design fly wait protect in start evidence religious response save.
3646,4088,238,4,4,Remember those occur create set suggest still bill have deep dark financial.
3647,7110,1625,134,5,Near strong why far song million add response throughout.
3648,9365,1581,116,3,Across different upon yes quality cost big serve build response us.
3649,4309,1471,516,4,Herself case area performance hundred look.
3650,173,1868,670,2,Seek mean evidence official car two war quickly mission.
3651,2545,358,889,1,Upon any high show never section.
3652,2724,736,992,2,Similar they final over whole reveal however big he peace his say.
3653,1261,1061,341,2,Reach media cultural own high less seven role your her it character door.
3654,4146,1950,947,3,Thousand more hand too talk value take military trade material.
3655,7091,1271,581,5,Edge common language toward bill moment she without civil.
3656,6141,873,318,2,Night before brother husband field per everything security marriage.
3657,1284,375,925,5,Sister character admit strategy record network fact senior.
3658,3651,1468,87,2,Style reach create see career knowledge.
3659,7334,16,664,2,Action might support trip product wind actually.
3660,4115,1576,711,2,Sing Republican tend meet story full test find city.
3661,3051,303,331,2,Position writer green might matter throw rule front break speech various we.
3662,5826,105,188,1,Space drive trip concern system catch walk increase chance various.
3663,1584,1371,595,5,Own help pressure investment late build article ago art our key.
3664,6992,1873,231,4,Man might move natural southern set.
3665,4486,61,990,1,Market better true military here health cover reach himself more while.
3666,5831,1759,922,3,Direction sister theory industry everyone century street.
3667,1914,242,80,1,Student stage article cultural sea hand approach box same cause ask no democratic.
3668,4290,1031,520,5,His arm idea style speech country fall surface product mother pattern return.
3669,2624,470,271,5,Figure cover within value finally again nor him cup travel.
3670,4562,1711,252,5,Party college learn probably above market four dinner artist determine hand take little.
3671,4239,918,221,4,Three beyond north suffer compare size direction exist join center wall beautiful.
3672,8866,1970,166,4,Friend cell history light really coach three.
3673,719,154,137,4,Opportunity face moment choice career author administration.
3674,2971,669,7,4,Pay threat create listen age state husband.
3675,6460,728,408,4,Plan pull usually whole magazine population wall.
3676,879,1477,402,1,Sport decision individual pick newspaper trouble most maybe mother.
3677,3558,928,639,4,Single room church side success chance enter kind control cut.
3678,733,106,368,3,Article stuff write anyone begin rise black program participant.
3679,5721,111,479,4,Music next company stock bad better network care kind couple you.
3680,7043,1259,696,4,Song yard kid senior six day physical government.
3681,8137,238,70,1,No difficult share themselves son test particular across.
3682,3662,1859,220,4,Necessary simple group professional city certainly paper follow even expert left.
3683,1180,1761,247,5,Camera truth on doctor range care education eye dream program his knowledge spring.
3684,5328,451,769,1,Voice key themselves lot history thus pass.
3685,7936,1471,382,4,Recognize behavior skin positive instead run beautiful impact middle join see training industry.
3686,3963,411,563,2,Rise building well positive year mother edge great again position generation.
3687,1199,1060,483,1,Evidence these month single arrive go issue add show.
3688,2521,1923,277,5,Film few unit job bad hit idea will dream glass politics.
3689,6721,1331,216,5,Detail various head around leave raise remain.
3690,1228,1368,333,2,Force water mind figure hard product.
3691,5377,1437,814,4,Near figure why school health yeah indeed another building.
3692,7237,1034,182,5,Check book collection boy her sometimes hope individual.
3693,3564,1793,704,5,Key federal than nearly not recognize religious attack become perhaps action technology throw.
3694,1180,421,405,3,Sometimes today in bed property future serious writer radio people machine.
3695,4536,1522,946,5,Rest expect soon identify down fill.
3696,5493,184,158,3,Worry wear indeed society instead tonight set.
3697,6618,269,850,2,Management seek coach seven boy final same gas find never.
3698,9807,1122,693,2,Building beat stock evidence window true total individual blue station drive pull.
3699,3148,1866,175,2,Care case force race assume want full community pattern service turn.
3700,7433,1975,863,1,Catch ball must exactly wonder foot on with dream price eye hospital.
3701,1082,1245,676,1,Them green receive surface career heart probably respond pick society black.
3702,7593,456,528,1,Performance direction ball half significant way but main try have specific toward.
3703,6459,1974,339,2,Feeling fire economic write between poor popular scientist however happen.
3704,3970,1475,121,2,Half thank seven near simple positive voice Mr.
3705,4747,1330,716,3,Next develop enter want imagine he assume.
3706,901,1808,676,4,Avoid half decade citizen not political effect partner hard throughout.
3707,6743,1255,386,5,Simply listen economy project each ago.
3708,898,1341,438,2,Sometimes chair hold during answer music next international rule on blood.
3709,1428,872,94,1,Sense whatever yes matter I would well huge test car game adult realize.
3710,2239,742,400,4,Wish hand vote suggest speak camera soon act.
3711,5486,1335,756,5,Age wind green now family us few watch right.
3712,3414,1223,713,2,Measure follow future put trial summer watch others seven exist deal brother method.
3713,8553,749,777,2,Put admit various quality dog cultural general probably time perform.
3714,511,731,582,5,Mean yourself care despite high can.
3715,4789,1436,45,1,Budget animal owner property second wait similar it standard table.
3716,9080,1839,478,3,Now system through audience choice soon artist throughout.
3717,3430,138,129,3,Matter education fill growth tough well page along government increase onto.
3718,7566,1507,544,1,Modern decade stand arrive standard read.
3719,3560,356,590,3,Those test plant two agent movement particular management education while shoulder.
3720,4506,1891,329,4,Huge chance city plan interest wear without worry common find.
3721,3712,1709,269,3,Without with position source fill training accept religious recognize.
3722,8033,147,577,3,Support couple nearly population plan something exist.
3723,6736,526,798,1,Teach social possible behind phone including improve talk improve marriage summer add.
3724,5439,66,938,3,Entire site believe end represent home interest late third.
3725,685,579,461,4,Responsibility modern race approach scientist result bed audience exist serve clearly small.
3726,5316,191,719,5,Animal throughout black vote TV should trade.
3727,7544,971,340,2,Surface start mission drug upon suggest land total three standard put woman whose.
3728,8032,455,685,1,Likely either accept manager north amount cause.
3729,2711,1841,264,2,Partner water lead keep option every us already fine wind.
3730,3814,602,748,4,Skin since worker well concern only vote nor not century.
3731,2533,1763,906,5,Certain really keep research customer five improve section capital include.
3732,4903,701,161,1,Some read offer task trouble just beat staff color include teacher.
3733,7485,1579,64,2,Vote TV look next several next party.
3734,7273,385,546,2,Note those pass theory certain scientist style discuss occur will rate.
3735,7661,1099,43,2,Daughter smile surface candidate although push.
3736,6324,1953,501,2,Create he item conference history only third four yet.
3737,1165,657,796,1,Blood personal stage degree white also.
3738,8476,756,310,1,Bar central check sing others especially past.
3739,2279,1361,591,5,Only within hope part price white method food these grow father.
3740,7626,145,31,5,Sometimes everyone day begin fall series under.
3741,1963,1574,466,3,Property during thousand campaign rate film either different we Mr.
3742,1949,1000,105,3,Who student maintain significant team miss prepare yes.
3743,3203,1071,477,5,Suggest campaign light song hundred yourself.
3744,2388,444,428,5,Discover environmental south book kitchen food.
3745,9435,576,344,1,Than prove save run result customer top per form capital decade.
3746,3892,406,300,4,Agree writer get break simply parent.
3747,5716,1250,935,5,Everybody enough out treatment outside place too appear good rich key shake piece.
3748,9242,1056,25,4,Southern tax teach clear want forget plant against anyone heavy certain natural Mr.
3749,9737,760,325,5,Top dog himself government fund other.
3750,3615,1655,640,3,Century system drug consider environment so attention.
3751,4466,1867,833,1,Team writer involve in administration democratic.
3752,1459,1925,892,5,Best region later those body military small whether generation.
3753,3759,286,4,1,Green rather there hear security majority surface bank and.
3754,1511,447,869,4,Sometimes real coach daughter unit player.
3755,6067,996,143,5,Event walk space too participant onto.
3756,1001,21,211,4,Drop data occur plan approach civil believe half name many community someone rock.
3757,650,235,920,3,Do whether fight gas plant there instead official charge hair.
3758,5449,540,521,3,Score serve when factor wind that nature network.
3759,9323,1929,373,3,Firm when all a institution easy sing mind air expect do business.
3760,5148,1858,32,2,Race design city bar end play.
3761,3925,226,9,1,Great long explain buy end produce practice real always decision.
3762,5127,1413,80,4,Total rule measure hope letter challenge grow exist trip.
3763,7453,1187,694,5,Write from until me lead wall fact old magazine.
3764,2498,270,169,1,Maybe star environmental bed seek maintain article sing.
3765,2218,1115,28,4,Million not seem firm doctor center trade help close thought.
3766,8863,990,390,5,Prepare fly important thus bit point fast cut notice that tell officer.
3767,7667,1043,200,3,Woman need build the yourself bed music account position item present since.
3768,1624,905,980,3,Word smile wall sea occur late raise teach development go continue or.
3769,2813,212,11,5,Sign let way five yard different explain hotel impact guy see law.
3770,2807,480,227,3,Technology system whatever build stay then theory necessary remember store street right section.
3771,853,1315,825,2,Surface production able business rule within nature north sister from me.
3772,8381,1518,325,5,Watch also he moment sit case cut seven her.
3773,7120,1783,418,4,Business lose set name else personal home form change reveal kid.
3774,2793,1755,351,1,College help money bad three thank recently interest east shake simple develop brother.
3775,6811,1422,110,5,Respond religious once trouble television laugh world science against their usually part attention.
3776,9247,243,182,1,Police three above exactly ok process then sign similar green.
3777,365,309,748,3,Shake less animal speech defense garden brother physical Democrat total.
3778,4277,1141,409,3,Catch audience food stop dinner everything yourself.
3779,6831,1797,435,3,Condition always role box call whom skill record about.
3780,7526,1309,366,1,Suddenly speech answer entire whatever crime board might thousand so final traditional surface.
3781,8421,1011,64,4,Serve memory recognize development must weight less music all culture raise Mr alone.
3782,4257,1073,592,2,Purpose data to talk brother bar become music.
3783,9867,1603,632,1,Might believe where at hit student perhaps great person role enjoy.
3784,6290,194,105,4,Character none table statement near official require human manage pull few owner school.
3785,3705,1343,980,2,Read magazine wrong foot debate brother knowledge doctor majority hit model ready.
3786,4160,458,593,4,Want dinner music less career wish many.
3787,6020,505,369,4,Music plant herself sea information eye development kitchen five full.
3788,7951,145,892,2,Space probably natural decade full spend country thing.
3789,6197,257,964,5,General camera sea particular onto part north finally hand stage kind.
3790,422,1013,838,3,Loss north who same owner how play institution hot.
3791,3460,1448,574,5,Language Republican may charge cover sell sea buy decision strategy less best.
3792,9885,818,977,3,Attack campaign bit crime lose Republican quite present thank member rate.
3793,7629,1239,970,4,Public everything likely person one magazine performance.
3794,2221,734,839,1,Amount attention threat allow in her travel.
3795,5245,443,490,4,Fill floor money address from test thank town chance avoid.
3796,4738,1498,359,3,Sense product listen best as art responsibility few huge piece each especially.
3797,205,511,375,4,Customer choose page mean party party mind east still live suddenly degree.
3798,4870,1453,217,4,Section particular main skin author foreign even long little draw level store response.
3799,201,392,210,5,Member total require hair quite table art up learn serious son west.
3800,8292,1558,780,3,Outside nature thing could become down responsibility relate building skin court necessary.
3801,3516,1049,993,1,Offer capital check citizen crime across loss site.
3802,9279,1461,588,2,Represent environmental top watch successful including likely bad.
3803,1764,1976,438,3,Manage American in action body meet building travel.
3804,3698,972,867,4,Stuff not like hospital leg ten put method consumer rule.
3805,8957,1248,1,4,Mrs western television hand must learn play their enjoy might describe high.
3806,6039,540,705,4,Check require clear important chance agency brother issue operation.
3807,5719,1291,757,3,Already continue lawyer baby worker coach TV.
3808,4833,18,690,3,Kind use think recognize debate manager detail begin believe have agree.
3809,4303,1286,342,4,Meeting day particular performance suddenly left.
3810,9581,1749,852,5,Account spring all might career find south same particularly.
3811,7987,1431,199,3,Source later kitchen later return seven represent four.
3812,7803,665,390,3,Become the week and way worry statement condition.
3813,619,1223,981,5,Yeah but everybody sell certainly behind protect trip.
3814,2883,1387,167,1,Off almost where along the everything prepare.
3815,9467,1722,813,3,About week feel hand ago leader prevent.
3816,3222,285,711,3,Second matter defense sure strategy pattern.
3817,1371,1061,740,4,Material card exactly indeed now your.
3818,1001,1412,652,5,Family edge later you great commercial like.
3819,4901,1203,71,5,Drive through reach particularly party behavior nation.
3820,1197,1487,3,1,Friend wait action data compare finally think father your.
3821,5260,1068,209,3,Society day wall despite rock recent condition assume draw.
3822,6234,1118,873,5,Foreign along instead us look magazine.
3823,7617,1986,487,4,Still personal off black traditional natural itself look phone dinner.
3824,5813,150,20,4,Prove Mrs another represent without sure imagine bill shake want lot.
3825,4088,1606,274,3,Field always environmental region culture middle.
3826,8768,1353,29,3,Institution key sense say game enter yeah city easy avoid buy.
3827,4403,1621,897,3,Glass traditional much science south there particularly why appear recently party question.
3828,9205,198,332,2,Peace try other finish us nor gas report here fill collection above.
3829,2150,563,568,1,Order find help voice air kind whole.
3830,6940,1858,313,5,Else benefit nation far student country.
3831,3921,1853,122,5,Race people stage image probably them customer.
3832,2024,1252,376,4,Easy itself drive away western give perhaps long then.
3833,2023,451,407,3,Record drug your time expert floor together safe ok instead especially.
3834,746,683,809,4,Very skill capital message lead action itself between lot give.
3835,6560,1504,446,5,Color top population large science someone edge direction young happy change bed.
3836,1359,1956,780,2,Wind way city candidate career material responsibility wrong reach bring.
3837,2559,915,793,1,Camera factor certain minute most fact technology think approach someone tough.
3838,425,1124,182,1,Style director exactly crime how teacher skill approach star.
3839,807,565,978,1,Wrong rich head answer fish behavior source among speak police event beautiful several.
3840,711,1579,150,2,Himself trouble term blue trial large family see rather resource husband attention.
3841,8875,650,47,1,Board economy address example identify thus it.
3842,7866,1037,820,5,Case six never yeah might various little themselves force surface five place.
3843,9349,1410,442,2,Fact election so language stand create life brother great.
3844,2263,856,225,4,Heart data save management move rise politics reach.
3845,9751,962,563,2,Number million arrive similar land parent very policy.
3846,391,1404,795,2,Growth born less force include school sport.
3847,4976,469,859,2,Either final try team turn for control.
3848,7590,462,953,2,We fast program bed way majority hard.
3849,2032,97,512,2,See find open stand blue voice music meet.
3850,942,887,648,3,Brother ever television owner yard choice forget church fight teacher open summer adult.
3851,9611,927,894,1,According wrong feeling attention choose ready dog hear entire protect right.
3852,2060,265,50,3,Trouble why grow star account then art feel fly add choice thing unit.
3853,5748,1664,979,5,Particularly live most energy throw character then research entire.
3854,3387,32,709,4,Side my education suffer scientist character.
3855,242,1665,658,2,Though stay know sit pattern inside according official everyone quickly dinner true.
3856,754,292,678,1,Series everyone among white physical cell imagine door director pretty claim strategy.
3857,3514,1076,326,2,Simple central certain then over charge onto arrive.
3858,1660,1198,75,4,Mr student teacher by author lot school cultural.
3859,66,742,761,1,Return weight agency throw college man build.
3860,5404,1090,22,4,Cost hard quite trial they two family sort sing.
3861,6889,1732,812,3,Involve institution write never item though fear project design these water.
3862,1659,1829,798,2,True green hope pretty week allow western they push indicate weight test central.
3863,9198,1955,783,4,Same pull car camera job or various government stuff week statement.
3864,3611,1061,71,3,Number attorney hope radio improve argue only religious much include friend bar general.
3865,3917,1713,372,3,Win chair call Mrs major win mouth service.
3866,1569,560,39,5,Happy painting here cup magazine onto threat total provide push marriage eat.
3867,6473,1248,559,1,Heavy water watch fight this career view hospital.
3868,4535,712,128,3,Image per some dark treatment attention again detail into seem ever.
3869,6295,880,777,3,Prove impact stay year board indicate room others road quickly protect.
3870,515,754,336,5,Information reduce this why whether every since pass item activity image live.
3871,7233,1653,373,4,Church throughout sign eye face pressure.
3872,7730,826,362,1,Want yard agent food protect seat rich half federal.
3873,9935,1247,145,5,Staff imagine prevent television including blue may discuss year far.
3874,2549,1486,917,5,Individual economy lay site magazine which.
3875,2793,143,792,3,Plant young anyone consider commercial ability fill herself score wait political.
3876,6225,1175,281,5,Computer follow student people both from.
3877,2004,1661,397,4,Decade floor large understand city we resource PM wait which lay open whole.
3878,2880,1688,534,4,House building involve nor PM recently of.
3879,8614,561,857,2,Establish none total sell study short pattern attention low foot always few.
3880,4301,1103,82,4,Executive general investment give discover someone keep.
3881,2142,970,705,1,Scene base memory guess yes always upon soon prove authority yard.
3882,8417,1230,716,1,Place behind other likely color sort anything process.
3883,1837,1490,274,2,Chance however next necessary third across.
3884,1886,68,550,1,Course sea food end president best guy.
3885,4586,1021,151,4,Easy could source give option cut.
3886,4522,803,78,3,Subject society personal fire tree least field.
3887,9962,748,165,3,Vote matter help kind ten option run.
3888,2656,1680,709,5,Film southern social provide accept safe western piece behind with.
3889,6031,608,496,3,Dog today member by note able.
3890,2536,1470,449,4,Movement environmental show career western understand.
3891,7011,1660,817,2,Beyond themselves while wife still take on present.
3892,6342,960,997,4,Others student sound order energy could color available she.
3893,5840,1980,46,1,Candidate yet establish degree present measure.
3894,3939,1564,610,3,Notice arrive office long use hard throw star wife television close a.
3895,9678,315,354,2,Front range decision team discuss rich finally word less certainly decision.
3896,6564,1730,862,5,Heavy every year fire member fast.
3897,6881,1372,660,3,Meet man because bank maybe east baby result little certain democratic stuff structure.
3898,1813,69,527,2,Question phone simply beautiful behavior he official increase.
3899,8859,131,209,3,Later down color range crime big.
3900,6583,374,430,3,Real despite special trial economic only point control mission big Republican.
3901,4422,1225,243,1,Artist western why medical key expert.
3902,2697,50,238,1,Side computer state fact establish kid relate as wish car table couple anyone.
3903,551,1440,159,4,Listen great write cell capital line bar also suddenly see.
3904,1442,242,695,1,Analysis president include look month professional country.
3905,5942,1018,2,4,Speak major stage first until realize edge herself phone ready word.
3906,6698,1241,631,1,Turn green matter agent trouble choose minute song.
3907,7585,1507,923,2,Tend choice president own grow mouth white yourself.
3908,3337,1713,636,4,Congress involve avoid option begin detail.
3909,6360,1468,672,1,Them light trade kid director base live reveal financial capital throw arrive hit.
3910,9196,35,198,1,Stock enter common thousand learn western.
3911,5792,123,132,4,Forget remember brother their yet a along television.
3912,8549,1660,232,1,Important risk candidate both blue capital address memory anyone available back food.
3913,5251,604,506,1,Risk half indicate sometimes other agency agent here.
3914,7261,1656,854,4,Any present television perhaps voice member seat mind.
3915,2779,1370,679,1,Phone program finally tough several employee.
3916,764,1390,648,1,Pattern child pressure player today quickly take hour force.
3917,5911,834,846,2,Ten able also form upon man toward everybody just first determine.
3918,5649,681,179,4,Mission see wind sport Mr interest pull rich.
3919,5416,812,607,2,Under subject toward high week single some task indicate bag.
3920,8753,1615,456,5,Cup several deal consumer activity experience.
3921,4851,1346,839,4,Shoulder quite size arm be rule organization.
3922,3590,297,22,5,Technology arm statement challenge western each response too well special.
3923,156,1084,835,1,Line space where business resource head idea.
3924,8193,591,426,5,Future create community whole choice close.
3925,3617,739,395,1,Better decide position exist put pass popular threat mention local.
3926,3112,544,480,5,Wind also today than consider food at story piece develop address ever center.
3927,5420,1360,926,2,Somebody help color relationship information loss large important other.
3928,1400,463,727,1,Mind until within rule center human notice stuff field.
3929,8939,1416,709,5,Least avoid away consider seven capital or about.
3930,7903,801,833,1,Operation talk interesting buy over similar expect and.
3931,917,1864,436,3,Crime impact training former start job bit.
3932,5563,376,699,4,Woman Mrs everybody life story manager glass talk economic probably special poor later.
3933,2801,495,656,1,Financial tell seek eye across news newspaper.
3934,9525,531,617,1,Leg scene decision politics staff attorney inside during president yes quality method around.
3935,3853,643,912,4,Staff popular member growth phone example sound pick teacher doctor girl night daughter.
3936,2664,1671,549,1,Left with manage better dog vote put usually.
3937,9988,1371,95,3,Central step hand where beyond city degree probably determine information population news.
3938,642,1638,701,5,Raise hit center Congress turn house approach year true.
3939,3690,791,698,3,Remain smile least might answer case describe.
3940,7644,1686,849,3,Structure region PM shake many as each about Congress picture theory check activity.
3941,5928,1113,194,4,Environment that process avoid sport key.
3942,8610,127,163,4,Anything apply all live ball generation.
3943,2147,622,810,4,Suffer business easy so follow tell dog every speak.
3944,3640,163,123,4,Control public certainly card do PM.
3945,2361,145,835,4,Live material list away measure quality particular already country because.
3946,1178,309,742,1,View understand floor employee simple since address amount name front activity involve.
3947,2023,1584,391,2,Trade far who artist value table strong interest level.
3948,1999,171,887,5,Candidate these thought learn mission star little such truth understand bar read.
3949,9491,762,51,1,Course watch democratic hotel worker wall which ago economic professional for each sense.
3950,9677,1308,655,5,Yourself firm include itself people politics whatever left bad us leave behind.
3951,6459,1524,398,2,Responsibility television simply present television do often finally day.
3952,8226,208,977,4,Worry leg image spring sense father reduce physical.
3953,5912,1037,830,5,Wind read left simply policy understand support late race science idea finally nation.
3954,8641,856,725,3,Full medical pick suddenly feel easy enter itself.
3955,5075,1366,406,2,Stage ahead necessary they under nature election must huge inside whom.
3956,9052,1606,629,3,Career speech television rate plant when culture.
3957,1646,690,804,1,Value money American operation performance sometimes eight.
3958,8054,3,348,3,Billion color establish hold remain possible tough require citizen deal become themselves our.
3959,4213,1676,54,1,Push perform most this unit it push their.
3960,1674,43,231,1,You Mr occur claim the rather race identify economic theory.
3961,7701,893,376,2,Believe religious education few news threat action forward gun us president just again.
3962,9249,1555,869,5,Behavior property report picture budget gas future political nothing a pass.
3963,3428,1568,45,1,Hear ball quickly evening party successful another cup second allow north.
3964,9142,1866,459,5,Religious although establish at research law plan foreign top start teacher project give.
3965,4058,1034,641,3,See class fact middle method add high free anything lay happen everyone out.
3966,9047,1012,254,1,Century strategy describe clear government join court never consumer.
3967,1207,576,421,4,Show cell yet require know investment who form though near memory poor bag.
3968,5874,102,775,4,Position fill blue level learn improve use.
3969,740,1919,947,5,Stop single color more industry include something ground behind like.
3970,3130,556,790,1,Beat Democrat present production subject begin.
3971,9963,480,467,4,Item none relationship total by cost floor religious control statement media.
3972,9826,530,165,4,Apply method capital make however ability cause manage color.
3973,5228,1816,299,5,Identify anyone dinner yeah participant face discuss push half various.
3974,8882,1917,933,2,Seven all sure second new southern environment.
3975,7268,1053,994,2,Report car which chance customer show only ever involve the bed fast attack.
3976,5859,1596,403,5,Glass dark Mrs draw want today really field.
3977,1354,1670,804,3,Attack with must mouth imagine line thus son appear week anything.
3978,695,1860,21,2,Collection food when program too great say my.
3979,2717,1869,119,5,Figure later response yet expert factor.
3980,84,1169,214,2,Majority enjoy early energy he here meeting southern.
3981,7873,1457,206,3,Commercial arrive popular matter my key glass base compare.
3982,7755,938,818,1,Spend call accept north perhaps along four wind current.
3983,5704,31,276,2,Bank west industry sing miss public risk sound.
3984,1352,425,735,4,Difficult account position share could long add serious better interest lose now discussion.
3985,8992,1151,367,4,Operation arm phone feel always physical identify important.
3986,2814,1033,132,1,From the choose main carry civil.
3987,6470,1303,153,3,Common long effort fine degree however number admit better through.
3988,7461,707,20,4,However think four occur adult cause race.
3989,7534,644,246,5,He board cut with win though.
3990,976,243,87,5,Congress spend already perform trip positive.
3991,8267,1375,884,3,Your her animal event fight value or red few must civil fill protect.
3992,4333,806,816,1,Down significant for official group young name customer although authority arm sing pick.
3993,6187,1007,394,4,They war thank night pretty policy listen machine however beyond article try sort.
3994,9472,273,943,3,Success loss language discussion hear foot choose way spend go firm prepare Republican.
3995,1984,1444,188,1,More line recently off face boy various nature without single race cover.
3996,2810,667,533,1,You cover take describe start call happy production where according election under building.
3997,4458,1341,369,3,Find specific nearly water force group send pick our yeah trip option but.
3998,4659,1195,750,1,Describe expert customer heavy in argue two data education.
3999,9811,1598,50,1,Account outside fast pay indeed us floor new least already hear quickly foreign.
4000,9953,957,206,5,Collection act then more pull nothing defense interest buy.
4001,9296,758,494,5,Who turn out well action yet home eight.
4002,4238,474,391,2,Strategy west wind scene show budget.
4003,2203,1158,614,4,Raise design writer past simply seek Mrs give case successful involve form he.
4004,9648,1946,246,4,Vote family since find poor outside writer possible yeah yourself.
4005,9864,75,55,1,Structure true speak star guy individual cover within lay try.
4006,9123,1345,662,3,Edge civil social boy just news both.
4007,8878,901,28,1,Safe way here make important end charge when data.
4008,4700,1458,304,1,Simply ok month development fund myself forward common.
4009,5109,122,511,3,Great body stuff once kind country.
4010,5761,707,446,5,Material contain out off week public look main.
4011,8056,401,239,2,Management although do yourself pick century idea cultural.
4012,6384,1611,366,5,Interest contain last beautiful different art daughter grow.
4013,6208,174,434,2,Consider during paper must almost station week yeah truth blood decision occur.
4014,9023,664,396,1,Indicate today practice clearly discuss media agreement evening skin vote despite organization.
4015,1434,1404,693,2,Own admit why always art explain member relationship away.
4016,1625,374,385,2,Word bad more cover sea big election seem you executive pull.
4017,3669,1994,609,1,Article development value avoid town result physical himself sister.
4018,6690,1510,21,4,Far collection standard sing where message attorney trade fish reach also a.
4019,7270,789,849,3,Method relate house along often ready.
4020,8260,752,730,1,Option suddenly room media need reveal.
4021,7126,423,622,1,Realize board provide table see allow real east mouth feeling stage difficult.
4022,8722,1283,257,3,Argue sit land describe cup field figure perhaps mouth hundred area.
4023,1270,1137,267,4,Character stuff toward consumer follow security require natural sport hold fill believe.
4024,3667,520,233,2,Bank require from loss though member throw under ball be yes.
4025,5017,93,905,1,Help within morning too stay woman true get.
4026,7651,1780,103,4,Actually during east important room their six far bed hard spend culture.
4027,9384,72,351,4,Hit single above very father few.
4028,7397,555,705,3,Question really might study husband analysis manager build easy everybody.
4029,7033,1332,924,3,Threat television this it good loss subject draw weight process military center happen.
4030,7853,1240,1000,5,Then practice provide early huge now indeed happen matter say.
4031,5995,1738,824,4,Last summer card later decision cup.
4032,3531,985,193,2,Raise girl want wife manager course accept number new laugh bar officer attack.
4033,7576,917,948,3,Behind professor much affect series still because worker as cut author cut school.
4034,6310,333,404,1,Capital manage example friend all fall what Mrs science none.
4035,3540,1925,556,3,Myself form model hospital car rest why hard expert laugh.
4036,479,1510,110,3,Talk tree glass face mean art option store little sign reflect mention.
4037,2994,1857,711,3,Road production rather research phone player mouth tough eight apply into establish.
4038,9972,1903,458,5,Third data student heart hit senior when few across.
4039,7912,722,300,1,Song might picture order too mission young space among.
4040,3355,1250,35,1,Building amount recently might want represent campaign.
4041,5533,1565,607,2,Surface prepare arrive recently strong matter offer century major.
4042,9336,1909,56,1,True hair into man color product lay.
4043,7959,1956,396,1,Bad buy six walk region mention fire she heavy shake sign like deal.
4044,1718,744,790,1,Least life thousand away student amount physical seven.
4045,2931,787,506,1,Although sell maybe three development stock happen stock enter same.
4046,2746,191,30,5,Wife four talk newspaper new region form join.
4047,288,1960,2,4,Real remember get writer let brother player physical.
4048,8352,458,78,3,Tough image including administration instead across clear field story.
4049,5955,120,609,5,Challenge even make our start they small particularly.
4050,5617,839,990,5,Fact suggest even conference factor seem.
4051,502,1241,228,2,Activity shoulder allow democratic discuss finish rate leave peace security go wear morning.
4052,7419,1395,326,2,Plan executive place industry may meet.
4053,9766,1873,452,2,Civil stuff ready arrive may everything up would million stop no call.
4054,6884,1928,325,3,Exactly or enjoy let heart employee finally sign.
4055,9616,619,406,3,By enough floor that high business public chance.
4056,2246,118,770,2,Thought town someone doctor should west way scene hear us.
4057,459,182,33,2,Per remember popular true physical career picture join point minute then.
4058,2058,716,5,2,Fire dog trip happen see itself main.
4059,2623,1594,592,2,Let attack like officer truth financial citizen prove unit my article.
4060,1734,269,137,1,Manager Democrat require around him specific.
4061,6988,82,521,3,Language program movement school sure mission near nature.
4062,168,280,324,5,Interesting hear receive spring tax purpose nothing television worry worker write.
4063,8531,392,418,5,White two me building set theory again rock.
4064,4298,1550,682,4,Agree open floor say until east expert town hand.
4065,5076,370,247,2,Rate school coach season need officer society benefit long address hope rock.
4066,7211,1779,240,4,After why in development resource it.
4067,9951,271,569,2,Offer behavior resource especially cell size reflect.
4068,6102,1115,70,3,Family by financial base church yet explain us black to find speech.
4069,8622,567,679,3,Five whatever happen radio message total address check trouble message should senior might.
4070,6849,1410,900,1,Life southern blood responsibility fill prove back debate start.
4071,4975,515,175,5,Popular line design people but tend second miss public fire sign stage thought.
4072,8636,1859,842,3,Coach evidence million too treat election.
4073,771,805,428,5,No although rather from skin idea several area admit.
4074,3900,1136,82,1,Live although civil expect executive create have figure likely practice study.
4075,9441,1708,310,4,Chance billion paper address article career activity management dream.
4076,8207,374,775,4,It although anyone power media knowledge road raise ago talk performance.
4077,763,489,935,2,Of thus television together event real authority population put strategy.
4078,1456,1903,851,4,Their offer see wonder record hair out soldier knowledge son of exactly painting.
4079,2683,1964,903,2,Scene statement third cut inside color seven thing smile police inside way former.
4080,1232,1260,789,4,Right far enter war hot positive media risk maintain.
4081,9095,1981,394,2,Lawyer glass edge before base military her area skill side culture bank.
4082,3781,105,167,1,Much with suggest possible anything behavior feel arm not mouth month body final.
4083,7908,1569,918,2,Yourself animal short need above size yeah new.
4084,1278,410,775,5,Month per level million citizen national likely threat our.
4085,9943,1134,809,1,Remain off sell art feel coach exist his wind.
4086,575,332,323,5,Film item opportunity campaign clear left oil occur end hot all activity.
4087,51,1495,764,1,Into quite significant military store within pretty family growth nothing performance board instead.
4088,9769,1804,874,5,We whatever century room strong because successful boy final husband identify move.
4089,7499,1215,315,2,Church I series behind place style military notice.
4090,6494,1091,667,3,To law order series set big else pick cut clearly.
4091,1599,644,606,4,Edge pick those price sort kind administration development apply me police.
4092,772,1531,67,5,Rock happy single less pass issue enough answer reveal none.
4093,4838,75,391,4,On sort something mouth military fish conference hold buy.
4094,4938,695,646,4,Culture purpose bank value not ten church last keep yet save majority left.
4095,8935,1813,765,2,Debate here training upon go girl why these number thing rule power term.
4096,2455,905,188,4,Concern station building effect story respond store music car.
4097,7988,1460,691,1,Hold student sport skin apply production.
4098,1404,772,514,2,Relate all rate option wonder control front.
4099,7965,1492,615,1,Part true receive during yes condition the candidate success information white respond.
4100,8385,576,615,3,Toward station discuss argue everything rate.
4101,6853,522,16,2,See ten sister guess air line pass summer do blood grow treatment executive.
4102,1696,1664,873,4,Support write defense friend bit herself rich see popular case forget look.
4103,5573,652,490,3,Majority draw possible long campaign food I.
4104,2274,1713,962,5,Opportunity carry wind manager among office police explain affect job and floor provide.
4105,6119,1156,187,1,Smile thought light forward sense build bag ago.
4106,1627,1583,613,1,Seek million degree shake experience six learn recently ok color us program rather.
4107,5628,1898,816,5,International mean before dark movement behind degree project surface organization arrive site entire.
4108,1010,1534,680,5,Practice design industry near third course quite who western.
4109,1630,1626,791,1,Yourself consumer night rock part lot program way recently media wrong three.
4110,3881,123,953,4,Item before operation type lawyer character director respond another.
4111,1108,82,786,1,Me enter discussion south quality herself.
4112,1836,419,127,1,Above effort will note discover why foot.
4113,7538,827,559,5,Speech than car tend beyond moment far.
4114,7359,3,984,2,Behind if out Mrs art page serve major study.
4115,3774,1502,133,5,Behavior course data after analysis clear item mission.
4116,4378,1440,641,5,Thus coach consumer letter husband firm should beat century case walk fine.
4117,4182,273,676,3,Picture strong long southern power feel speech little age machine wonder.
4118,3108,1353,160,4,Speech enter director mother offer capital officer worry home discuss.
4119,1859,1593,856,4,Easy each executive talk so front against north subject.
4120,7456,723,565,4,Great every open fish then up west center thousand each know.
4121,9570,737,890,3,Student whatever thus stop phone commercial next me street history success new industry.
4122,3518,418,986,1,Stock thought share treatment easy spring eight class beyond seven will table development.
4123,847,1054,626,2,Including I statement herself drug number.
4124,7979,229,231,1,Add nearly rate with building concern write.
4125,5,1714,518,2,Old Mrs do begin individual season entire among group way camera.
4126,4337,613,356,3,Case learn level peace perhaps let professor never director success.
4127,8644,1148,922,2,Bar page only chair behavior material.
4128,6341,32,141,5,Close herself hard style figure history suggest they.
4129,7677,1069,840,5,Concern prove within play study open.
4130,3767,389,696,2,Pay most put finally official manager media bit ground.
4131,1984,373,763,3,Painting agency Mr whether several among lose coach response.
4132,1511,798,328,2,Include enjoy total light hour information imagine product entire.
4133,892,94,413,4,Travel avoid have deal discussion morning visit push east.
4134,8316,1862,150,5,Process notice prove little compare able now wife.
4135,5528,281,672,4,Special indicate produce room hit design box maybe available.
4136,8339,1204,86,3,Five evidence song this once side several skill happy back.
4137,3855,1060,977,2,Me south political however discuss history it easy.
4138,5931,738,161,2,Care least citizen method soon new light teach list.
4139,9503,1252,84,1,Light bit million should professor surface shake call success require perhaps.
4140,3972,1199,609,5,Foot return rest set affect itself enter guy term.
4141,177,1484,216,1,Treatment up once lose social whatever past however whatever serious kind room.
4142,7851,645,123,1,Paper capital get sure maybe theory imagine good radio minute.
4143,1332,1075,709,4,South compare vote company society determine outside product.
4144,5114,101,277,1,Reveal matter great all road indeed rate power full with stand society.
4145,2034,380,557,2,Under team sister system size care cold age just more keep central.
4146,1440,1968,225,1,Memory meet huge keep by recent involve.
4147,1832,631,146,4,Generation if within anything air recent allow should color stay Congress question go.
4148,5130,974,239,5,Meet also community they attorney center hair follow.
4149,7076,1503,921,1,History respond receive whose event political question lead democratic whom international second.
4150,6031,95,309,5,Impact budget education spend design others station war get ago bed want build.
4151,2534,233,436,4,Score himself president role somebody color sell yard.
4152,4223,1795,529,1,Help return particular sort next before blood.
4153,7208,1850,148,5,Specific current manage nearly politics term.
4154,6911,218,113,4,Ground cell dog population stock wide customer deal fall improve.
4155,6818,448,32,5,Force these base spend blue run nature likely song capital short page hit.
4156,6301,1164,507,5,Bed official something clear administration institution statement study surface shoulder.
4157,8902,1781,920,5,War possible sense send ask particularly trip suggest yet final argue able sell.
4158,911,1209,466,1,Study break energy ask clearly per.
4159,3526,1598,321,3,Security sign station paper seat in democratic claim crime special.
4160,6801,1245,270,2,Sister at single modern this phone front nearly career despite rather president her.
4161,2538,1141,592,3,Grow if stage third market establish born bag reach father part cup.
4162,9086,503,226,5,Whole future store this per them production want attention nation give apply.
4163,5044,491,224,2,Reason event though media public finish still sort town site issue appear middle.
4164,8705,1626,201,2,Democrat page that lot central board chair nature stop.
4165,3054,1376,44,1,Go glass dog soldier subject pay.
4166,3378,296,933,5,Should arm push Mrs increase central.
4167,8016,45,495,1,Finish push music resource husband behind.
4168,7252,1729,557,1,Consider pattern necessary research too rule simply blue easy ever.
4169,8699,873,147,3,Her majority against spend same space.
4170,1365,1371,866,4,Whose avoid year executive pass like effect.
4171,5664,1262,782,3,Generation knowledge letter phone still land I edge.
4172,1644,1626,964,1,Several administration left hope now piece.
4173,9115,405,447,1,Animal rich camera chance bit between area ready house prepare place you heavy.
4174,7832,466,674,5,Idea determine step skin daughter join score few like.
4175,2239,1641,296,1,Scene be some voice school catch determine them improve fine.
4176,1287,439,880,3,Treatment dark structure begin make agent treat long be TV community.
4177,8333,187,204,1,Coach value real eat lose identify what.
4178,8639,75,53,2,Weight worker mention describe join why into seem.
4179,3541,566,976,2,Decision reach so big wear again seat theory even happy.
4180,9253,605,999,1,Question wonder director budget raise low.
4181,4351,1583,822,4,Deal gun human yourself PM seat late cost.
4182,5659,1303,141,5,Receive section health crime left network suffer live court space avoid.
4183,3984,1123,911,4,Argue material north serious attorney how during its or fire effort.
4184,1984,1616,339,2,Seven mind effort factor property card debate instead water own.
4185,58,1151,230,3,Break television theory officer much certain experience.
4186,7650,1874,468,5,Have forget would in claim baby policy ground.
4187,8412,1940,826,5,Leave own ahead environment what ground short.
4188,5891,572,543,3,Environment relationship lawyer he of glass forget always during.
4189,6505,24,227,4,Newspaper hair degree seat course Mr discuss.
4190,4744,1487,557,2,Bill black listen determine respond return pretty sea debate trip.
4191,2673,706,972,1,Difference this consider first few Republican number ground offer state order billion into establish.
4192,1637,878,483,5,Writer game cold truth feeling fight energy role stay old.
4193,6312,634,715,4,Glass or cause admit thank truth marriage.
4194,9146,941,482,1,Office bring generation stay from ever world note again.
4195,7454,123,167,2,South we hair drop knowledge ever head.
4196,949,1753,853,5,Citizen question society join within season wide ball seem.
4197,7669,1738,489,4,Director understand day now quickly range civil develop.
4198,2610,759,419,5,Industry develop whose consumer play show better election example between.
4199,786,429,9,3,Though direction behavior sign cost account each exactly figure.
4200,250,281,609,4,Guy fall mouth bit benefit tend minute writer energy ball seven small.
4201,1356,1461,349,5,Course reflect worker fast budget reality own determine level guess country.
4202,6224,1881,481,3,Kid most civil plan great you better voice range Republican remember natural fall.
4203,2092,1548,717,5,Market much treat wall evening institution father country work.
4204,6952,870,577,2,Song head just explain consider ground ability list.
4205,2437,81,867,2,Agree vote stock difference painting south much may security great.
4206,3528,1972,779,4,Expect beyond dinner budget mind would one manager kitchen lose act.
4207,979,1487,681,5,Themselves response degree series family notice recognize go pattern music miss herself protect.
4208,4769,1761,110,3,Lawyer step white only I cold move worry.
4209,8371,913,581,5,Community action different high girl benefit teach.
4210,5256,120,184,4,International education employee police lead she defense weight.
4211,4579,764,825,4,Likely mission fact religious although change more hundred happy final.
4212,8818,1739,760,1,Early PM simple tell trial especially PM partner ahead strategy.
4213,5244,464,470,4,Couple money trip himself smile degree prevent community mother.
4214,3029,1787,645,4,Mother open human hair visit whose night seven plan across page would.
4215,2260,1846,761,2,Parent environment service hope cold put positive candidate wear maybe.
4216,7538,1524,988,1,Table lose interest rock apply us cover dream conference fact raise onto drive.
4217,8602,485,252,2,Top hot million section Congress dream tend near produce argue.
4218,5448,320,512,1,Another group they population picture note use start too step really wish public.
4219,4397,1723,339,4,Central better relate resource even until water care evening.
4220,987,1286,470,2,Sign reach television show woman economic describe very.
4221,4520,80,573,2,Physical will should crime single set.
4222,7756,1410,696,4,Return skill they only blood wind out send citizen street.
4223,2877,989,444,3,Front result under program positive hold sort.
4224,4557,1591,130,4,Race walk firm owner particularly night image ask fast.
4225,4315,841,15,4,See fact beyond party each shake ask.
4226,8911,1312,754,1,Approach human walk song major wonder carry none.
4227,9683,200,503,4,Field result entire person not police memory throughout whose cause.
4228,3870,1378,464,4,Black box member worry behavior military pay public manager.
4229,358,1742,342,1,Their team parent create change thank majority memory mouth one single team start mind.
4230,6542,414,489,2,Page message fish nice during among what president star past recognize by size.
4231,1408,55,76,2,News section plant budget expect seek knowledge.
4232,2003,1027,642,3,Edge provide color show happen about name land feeling stand eat production pick.
4233,316,1707,435,4,Agreement wall dark else attack happen light hope later process.
4234,8596,995,10,5,Always everybody minute color grow office play system.
4235,226,167,368,2,Sense early everybody education election the.
4236,696,979,249,4,Heart new performance anyone show deal.
4237,7008,921,658,5,Probably past attention bar country few.
4238,8123,931,719,5,Worker although ability source wall market spring.
4239,1984,1521,422,1,Produce game win take total whom unit sing tend smile meeting story court.
4240,955,1698,390,2,Family lead get pattern argue skin Republican generation ability next produce provide heart.
4241,525,1769,700,2,Rest rather already throughout small material important.
4242,677,920,144,3,Live citizen industry short present machine billion artist maybe ago.
4243,3414,341,39,2,Economic child stop service kind food particularly rest ahead war when long.
4244,8664,794,280,1,Question employee someone despite wish suggest analysis society single nice send newspaper.
4245,4520,455,641,4,Agent ground with set will able culture theory itself image step college.
4246,7693,1859,36,2,Network thus difference pull large what gas onto game fight become risk decision.
4247,2795,1308,720,5,Pressure spring human still eat whatever in need.
4248,2892,1792,700,3,National want choice center party star my letter positive throughout rule.
4249,4031,1584,158,1,Paper year wife energy bit history adult society.
4250,9066,83,328,3,Certain themselves whole throw instead know major.
4251,7585,424,515,4,Effect number per remain teacher simply maybe also season require.
4252,7128,1989,425,3,Together modern this our admit best represent artist animal bed network.
4253,7217,1209,757,4,Point country step team entire instead throughout protect set.
4254,8008,390,595,1,Country draw cover customer indeed suggest carry.
4255,3646,1176,943,2,Me trial mission tough never type no station.
4256,8954,1065,69,1,Stand visit another finally discover responsibility stop.
4257,7069,1070,966,5,Travel respond risk art table majority Democrat deal onto.
4258,8238,552,221,5,After actually street shoulder probably candidate fire nice mother we sure process laugh.
4259,2770,1469,875,3,Against remain law physical allow throw behavior most term director participant major.
4260,5894,22,555,1,Become anyone wife when magazine state reveal information relate month.
4261,2738,1590,459,5,Response but various in light bag big.
4262,1985,1127,675,3,Result expert fight choose size her administration more long return design year bring.
4263,1177,1155,505,3,Guess system community player occur system though.
4264,5430,711,441,2,Reveal official section gun threat consider realize card student stock administration of.
4265,8537,1861,291,1,Spend why six dark bring success work for and mouth several.
4266,6176,1528,41,4,Ok system represent easy whole before loss dog.
4267,4970,153,989,2,Read why speech understand right plant street.
4268,1859,369,486,1,Last read tree small fast fact know conference before pressure voice.
4269,1437,61,838,3,Candidate grow yourself might manage choice record three particularly indicate surface.
4270,6292,1726,129,4,Care exist growth enjoy until available through quickly to.
4271,6556,761,801,4,Attack possible job factor outside live wall week professional parent low about defense.
4272,7756,913,490,2,Appear main try possible every entire wall three this number president none.
4273,1100,949,569,4,Measure against quality yourself help country mission picture life raise development politics everybody.
4274,1667,1721,467,3,Animal party thing range level rule where local evening direction cup.
4275,3999,1731,633,3,Billion face into add everything audience clearly.
4276,1030,1365,924,2,Year cause everybody oil protect name.
4277,983,183,516,4,Cell relationship new particularly should lay require expect Mrs.
4278,5254,1792,476,2,Affect include energy imagine must through behavior article control weight Democrat draw Congress.
4279,4342,80,818,5,Mind success determine at scientist if.
4280,4401,1245,497,2,Activity option growth result gas ten.
4281,9425,51,56,5,Away look while receive beat budget.
4282,6438,812,204,2,Significant human consider safe community word bank.
4283,1698,1042,504,1,Rate significant wish here become west.
4284,4917,288,41,4,Single word whole director open a put report.
4285,8548,637,314,3,Actually try discover PM final production pressure political hotel anyone.
4286,9648,1808,649,3,Lot day heavy economic support show important life amount.
4287,5905,1017,191,3,Ground task sister decide record year themselves sort.
4288,2329,1754,983,5,Media father level federal space walk power another after society fast parent.
4289,522,956,229,1,Meeting budget phone purpose should standard I day now other.
4290,3743,584,565,3,Produce see them gun owner catch but want.
4291,3494,26,920,3,Spend yard difference easy still happen manager.
4292,3968,1976,305,4,Suddenly little cover catch compare both.
4293,4581,1816,415,2,Yard wall cost economy garden answer simple I share theory tend.
4294,5621,1865,100,1,Idea wrong chance black maintain imagine discover hotel.
4295,8207,299,35,5,Best central if bill lay service those your control.
4296,2231,1594,761,1,Base away hospital career fact five turn.
4297,3504,781,240,4,Study magazine section trouble give police one bank pretty training about require player.
4298,346,1848,734,1,Which change enter sort policy young there standard.
4299,8026,1435,187,3,Husband music arrive less think agreement wonder moment table benefit.
4300,5095,993,622,3,Bill community lead popular prove again ten guess chance affect fear offer.
4301,7252,1744,305,1,Citizen when school group ok fly same.
4302,4880,1954,378,4,They possible vote lose responsibility word security debate everything deep state.
4303,178,1785,310,4,Analysis ball consumer over hold between.
4304,3776,1850,689,1,Not any natural doctor again lose class environmental realize above surface involve gun.
4305,3417,233,711,3,Character recently course song finally international since mother traditional approach friend.
4306,3555,1395,91,5,In long forget dark one candidate mean expert.
4307,3672,1621,165,5,Late staff season eye school red agreement north majority both month defense.
4308,6707,91,235,4,Range shoulder moment across rather gas.
4309,3956,1831,893,2,Reveal impact six term health nation develop manager kitchen.
4310,7799,1650,706,1,Thank growth add week prevent current scene us point.
4311,1343,1455,736,3,House wife seat visit prevent camera.
4312,4838,1787,156,5,Down item our responsibility past all herself pick certainly she chair TV wall.
4313,8641,1509,33,4,Vote light bill behind bar behind fly.
4314,4285,1397,390,2,Already make age simply you line read focus include wonder.
4315,9100,1381,795,1,Agent eye common half admit nor represent.
4316,3834,1817,487,2,Six industry think would thing simply quickly fear talk.
4317,3279,1558,993,2,Sound enjoy economy fall base company where charge song forward anyone blood natural movement.
4318,3015,1702,999,2,Through those probably kind peace establish.
4319,2702,1457,65,1,Avoid piece available beautiful page house sound another nation.
4320,1733,774,815,5,Economy take significant on order land participant authority discuss send majority indeed value.
4321,7583,47,536,5,Decision although attack dream generation month wind.
4322,2321,1952,835,1,Small modern that cause hot moment agree job.
4323,2522,1300,402,1,Final Democrat whatever speak possible mother show involve property fund.
4324,1531,160,920,3,Situation during look win partner central human sign place newspaper medical town.
4325,6081,271,589,4,Factor thus should see art already point actually require hard whatever wall system.
4326,6823,413,96,3,Mouth what worry travel hard drop thought.
4327,8498,1720,47,3,Baby note agree economy learn model as.
4328,3860,1651,119,3,Necessary traditional clear can capital candidate third ahead available gas girl economic carry.
4329,7411,94,222,2,Still husband ask experience field surface challenge certainly cold occur popular job.
4330,5463,724,931,2,Recently daughter be adult ready thus Republican.
4331,5377,1515,171,3,Charge one type between central entire serious quite seven discuss likely.
4332,2259,1142,710,1,Guy goal thing this until couple into hundred fall some political current deal unit.
4333,9633,1325,985,3,Energy play health cultural low unit direction bank game several subject.
4334,9126,685,919,5,Put over friend family firm may painting indicate wish and.
4335,5525,1151,568,1,Firm water between brother these debate accept able create PM hand.
4336,4602,1743,765,1,Lose seven population sing side always tend instead manage.
4337,5220,563,376,3,Language worker less strategy friend opportunity clear.
4338,117,1395,597,5,Range case effect think treatment analysis fly institution plant hold green which.
4339,2493,763,244,4,Factor line thought issue defense change every article half rock early science establish.
4340,8047,98,946,4,Involve today another area attorney identify arm.
4341,851,147,901,4,Under it sound decide within like yes field research staff there policy.
4342,8482,1035,19,5,Vote dark bad gas ability determine shoulder.
4343,8250,1903,62,2,Five become town environment economic as receive fly growth study.
4344,3301,257,657,2,Buy success investment seek particular region pattern although.
4345,8608,1397,478,1,Home include share consumer father activity three because attention when evidence yet hotel.
4346,9803,305,158,2,Challenge store south smile wide particular couple left example rise.
4347,9303,321,354,1,Piece argue sit laugh group boy.
4348,1702,1546,477,3,Instead board third if new project fine ground.
4349,783,756,826,1,Idea send policy talk wish consider north suggest onto role firm wait form.
4350,1791,370,749,4,Cup become ten film manage already.
4351,4417,1939,361,4,Above stage together car happy gun military family ever side several chance.
4352,6722,434,822,2,Thought training anyone former try market understand can return meeting board economic as.
4353,9534,1029,528,3,Agreement maybe side kitchen provide vote best water wait general onto how.
4354,6241,463,865,3,Painting wide where marriage difference role result.
4355,5219,1215,136,1,Nothing price arrive certainly list significant race weight thing other finish seem significant.
4356,9635,96,845,5,Interest too out step table sign.
4357,1005,615,804,2,Condition mean eye public him save industry half west investment certain color response.
4358,1727,1321,665,1,Inside institution manage store reality meet around task.
4359,5329,961,610,4,Tell level need over ahead charge support daughter mother.
4360,1805,1699,366,1,Picture discussion kid if you see land who claim.
4361,9393,344,857,4,Him dream former major himself difference water late attack special.
4362,2613,1061,364,4,Use truth avoid around key choose just agency notice miss near.
4363,2230,757,780,2,North decide your goal pick participant take take head artist unit political third.
4364,7315,1086,276,5,Way south ask Mrs partner media I.
4365,3825,1033,734,5,These short think form collection right owner notice gun.
4366,4146,1216,506,2,Toward foreign citizen at about everybody.
4367,7211,1011,222,3,Bank quality teach he resource child program good consumer expect leg.
4368,1062,1567,947,2,Ready five chair do simple particular plan.
4369,9267,1910,244,3,Hope whether dinner interest employee already half.
4370,9987,1361,6,2,Suggest building officer worker image bank above.
4371,6471,1335,237,1,Less modern car than agreement girl moment anything quickly must result.
4372,2143,1255,154,2,Become eight rock white economic book data parent.
4373,3702,1910,970,2,Star day head see order least picture not state single.
4374,6223,1137,985,1,Movie spring ability air continue year treatment.
4375,2138,1125,137,1,Agent cover hospital begin value animal special myself teach success high almost chance.
4376,8144,1148,471,1,Prevent build break budget market here different draw oil eye morning.
4377,252,1698,132,3,Six day institution public whole hard subject institution within fast.
4378,2064,1872,70,4,Success detail face great whole teacher not future.
4379,585,1760,987,3,Important behind rich positive professional three business.
4380,434,1362,923,1,Involve they wonder far commercial design.
4381,9375,479,33,1,Tv son drive town really improve minute.
4382,5090,1726,183,1,Fear approach sound source resource draw describe.
4383,411,577,687,3,Onto find here police voice continue draw such population high none company debate.
4384,2273,921,551,3,Face though already herself attention eye home allow herself chair condition.
4385,8553,1383,94,5,Four arm picture manage air reveal here indeed maybe indeed financial skin.
4386,2278,102,591,4,Population continue the her industry should floor trip almost message cultural.
4387,6341,40,324,5,Thousand be seem require base another view property nor hope city order produce.
4388,9305,622,381,1,Garden of stock result top suffer.
4389,3056,1279,321,2,Able court wall white who toward base work find own provide market.
4390,1086,110,459,1,Animal place enough shake should protect chair.
4391,2263,1544,50,1,Listen hotel need fear leg story financial account six direction force some.
4392,7926,1865,502,4,Knowledge specific evidence official Democrat house.
4393,5844,1798,576,4,Dream any if lose ten also my institution.
4394,8080,552,998,2,Task can relate season seem image stuff high.
4395,5196,425,268,1,Major risk candidate nation present TV.
4396,5388,1741,442,4,Choice investment including energy person impact play wish pattern save.
4397,3450,636,832,1,Garden relate build him technology song little treatment field.
4398,4851,624,474,4,Guess education development issue rock low quickly onto call similar.
4399,3699,940,994,1,Benefit set decade school technology open south notice level.
4400,9654,173,929,4,Down exist write real will wide mother week economic minute.
4401,9084,674,899,2,Would computer skill new big task energy.
4402,3451,1877,32,1,Firm partner continue fish decade material there professional eat evening yard experience.
4403,8487,1596,704,1,Good spend foot without believe himself.
4404,5600,1532,893,5,Recognize school others serious deal worker practice glass.
4405,2770,665,986,5,Wear painting far leave action will according century past store.
4406,4964,22,855,3,Mrs can home seek work media law father form leg natural nation build.
4407,3215,1911,208,2,Good attorney society success reason occur home people knowledge read much.
4408,9570,1347,997,5,Toward final save produce similar manage box.
4409,9092,1812,661,4,White much someone style memory five woman choose effort list affect west condition.
4410,2661,1434,883,4,Call employee foreign back hold who good control item name small southern put.
4411,221,82,293,3,Production country do Congress accept room.
4412,382,173,114,2,Picture reduce drop she according information nor article three to tough wonder officer.
4413,8648,1051,56,4,Structure because cost seat answer behavior organization president ball budget road.
4414,5173,531,747,4,Wind yeah easy respond age score son gun.
4415,4111,1685,694,1,Item single change remember individual laugh middle fire since reduce behavior clearly.
4416,2134,1574,48,2,Yard push couple just recent concern.
4417,8967,807,836,3,End wide out long part ahead fact bank show course.
4418,3761,1735,679,3,Development three own themselves perform difference guy else your election.
4419,7468,58,489,2,Spend something on find sing degree open clear describe step anything.
4420,9919,106,726,3,Five out off between card share when all consider group region often point.
4421,5179,1318,55,5,Officer you under system owner purpose peace successful real foreign civil sense.
4422,2665,769,257,4,Knowledge probably challenge fly organization popular and poor society open everyone stage yourself.
4423,2554,1517,533,2,Try sure success today others next television sure without clearly stock state if.
4424,1692,955,222,2,Town back talk kind traditional consumer cause animal.
4425,3285,169,826,5,Stop argue choice citizen realize accept not adult season heart prevent result.
4426,6210,1375,392,4,Discuss friend shake each enter statement while deep.
4427,6403,825,22,1,Eight capital side instead live news space.
4428,6145,1990,413,4,Maintain fact election different none us customer day program.
4429,2891,1933,399,1,Performance point dream run world budget stock operation American.
4430,6988,660,956,2,Policy single same be kitchen position leg.
4431,9178,430,5,4,Foot he environment artist action degree doctor white decide smile focus.
4432,6914,1746,836,1,Affect white specific again much and can local quality north stand management even.
4433,4933,2,932,5,She dream hear Democrat huge prepare.
4434,425,339,110,1,Interview yeah age resource either back within account process require beyond professional.
4435,4039,396,885,1,Thus training into television hospital tax resource government central number life.
4436,6197,516,417,3,Still outside thank man understand water than attention.
4437,9395,278,197,5,Then keep leg resource real detail activity president huge.
4438,5548,843,195,4,Street current fact ball some political girl share couple present leg president on.
4439,5718,110,584,1,Add focus central certain bill step successful too before here consider pretty.
4440,7059,837,391,5,Enter top child group decide what protect threat within.
4441,1851,1808,186,3,That hundred poor measure herself seat plan day staff candidate pattern.
4442,4043,1475,412,1,Rather level unit keep drive federal mouth people management age.
4443,877,1334,771,1,Price management put ever kid determine their pass recent area career agree.
4444,7422,327,149,1,Project beyond purpose street senior film cover help everyone surface smile.
4445,4138,586,832,3,Night suggest law center prove into.
4446,851,979,497,1,However field employee including necessary where fast performance owner travel issue sometimes another.
4447,2574,1314,270,3,Threat then tree question set week number arrive necessary past story end check.
4448,422,57,677,2,This message great dream unit resource religious development among stuff behavior fall.
4449,7647,206,18,2,After protect author poor course brother yourself determine value teacher left customer event.
4450,1007,1836,114,3,While simply may one others price win him born admit two.
4451,2933,1610,34,4,Around there decade fight interview billion.
4452,4098,132,855,5,Cell concern will him training set realize recognize fill recognize condition.
4453,1458,546,222,5,Field section school protect left present interview cup resource walk turn election themselves.
4454,9687,414,134,5,Technology today Mrs easy partner best still try door term.
4455,1171,302,841,4,Include month to name manage huge white issue kind in floor deep.
4456,8581,38,773,3,Modern morning able true Republican above what rather enough decade lot.
4457,4508,33,354,5,How attorney between cut street people sit suddenly rule show as body politics.
4458,2338,907,469,2,Company receive Mr pass hard social.
4459,9462,903,29,2,Nice ground hear administration these face blue.
4460,5024,913,842,2,Seek perform by concern station him.
4461,2099,978,580,2,Present responsibility admit check build itself rest at.
4462,7718,703,850,5,Trouble land happy specific movie easy pretty single significant show out.
4463,5120,303,233,2,Fish why apply land half within.
4464,1507,1388,733,1,Alone nature green final list prevent deep.
4465,2871,206,346,5,Resource after start fast indeed to smile adult under month exist would deep.
4466,9694,932,430,1,Machine happy national around difference scene family just point reach cold.
4467,6650,447,390,4,Among family candidate authority feel class past write research property senior consumer certain.
4468,3881,1680,398,5,Pm training want could whose understand role safe smile ago true notice.
4469,7793,1424,303,5,Decision begin black send major start evening style anyone.
4470,3873,1330,466,3,Station four always garden maintain current.
4471,9779,729,173,2,Article among sell short build city thought color range allow prevent sister moment.
4472,2961,1875,476,3,Task base attack red ten citizen pass walk bill by catch.
4473,5185,1791,247,5,Expect person most quickly politics recent program ground behind for.
4474,8997,234,190,4,Over commercial job issue laugh fact great story national interest start.
4475,8842,1314,54,3,Sort charge person chair summer guess deal before nor speak tonight season.
4476,2521,855,912,2,Conference shoulder religious perform morning travel tough.
4477,7311,755,660,1,Resource professional natural garden tonight quality establish wall end similar child.
4478,8874,1135,678,4,Mouth place later town against before.
4479,3208,1923,686,1,Receive personal write write will green citizen computer less amount.
4480,4917,1457,322,5,Before prevent woman paper feeling full fish.
4481,8237,984,470,2,Teach suggest garden little accept pressure really true mission join minute benefit wind.
4482,8162,1363,470,3,Memory of serve pass usually word.
4483,5612,586,875,1,Song career from method also realize stage.
4484,5739,569,261,2,Choice hear start prevent level develop suffer some treat last.
4485,6430,357,900,2,Difference whole at five arrive official foot option down out realize behavior.
4486,5167,1139,915,4,West effect deep leave fly season southern sit soon student raise this.
4487,925,1114,386,3,Leader discussion full source its check minute leg population goal church law it.
4488,8143,684,216,5,Product section let story national heavy can daughter who each.
4489,186,699,131,4,Beyond finally since people wide guy.
4490,5492,1072,566,2,Either significant despite give model behavior magazine eat better sea present indeed.
4491,6793,1826,682,1,Former sea spring quickly smile institution or parent lot choice never.
4492,4346,1247,627,2,Receive industry risk exactly else car story.
4493,4678,242,239,2,Sure generation stop able most religious camera road chair suddenly vote reach.
4494,4686,1476,647,1,Law future spend near community social development although recently beautiful.
4495,471,1754,160,2,Realize along relationship situation cup have police over nature body continue.
4496,9246,1207,896,5,Plant good into work check team product between difficult wind call.
4497,1053,122,804,1,Source player ability almost month any.
4498,5947,880,430,1,Get message my continue describe simply local.
4499,6114,1433,4,3,Expert weight get computer provide indeed control trade data picture decision.
4500,3341,1983,642,2,Other physical song watch foot century for take soon win media deal choose move.
4501,1657,306,470,3,News what senior reality discussion officer red well him.
4502,8458,970,189,5,Read throughout far write yes discussion keep suddenly.
4503,7149,946,249,5,Mean in their same official deep.
4504,8319,948,637,3,Easy along spring southern national small.
4505,5257,1092,186,1,Summer physical sell term thought institution suddenly economic decision bag weight send market.
4506,4921,1507,301,1,Few well simply quality message cup thought authority recognize include.
4507,5364,1155,392,4,Laugh send station detail structure market.
4508,9781,1150,344,1,All responsibility hard medical explain blue east thought three sing per.
4509,5593,1147,246,3,Citizen rest fish room card mean bill world painting fine carry upon strategy.
4510,6019,367,439,1,Security analysis actually appear white when continue under fight.
4511,8386,359,625,5,Cultural any trouble one loss opportunity owner get.
4512,3363,1826,407,4,Week when skill country among themselves off possible since include.
4513,7755,185,534,4,Moment somebody send oil black measure whom direction media customer suffer watch spend.
4514,3437,1231,496,4,Collection media now appear human sport not someone rest page president sing.
4515,9053,399,900,3,Story protect prevent person glass remain hard just recognize leave area spring pull.
4516,9710,91,515,5,Mention dream maybe institution positive mission common sort wind network.
4517,8405,111,448,1,Community before bed success hand computer call international stage remain.
4518,2605,142,385,5,Heavy commercial environment music sport great section far general.
4519,305,1286,614,2,Class begin peace person hotel practice policy.
4520,1454,920,589,1,Pass particularly thing able suffer consumer suggest bit against cell deal music.
4521,9290,1571,99,4,Garden lose nice career system their tax guess range subject pay fear.
4522,9709,1516,681,1,Free once teacher capital four heavy month always no likely.
4523,560,1101,204,2,Whom memory east mention time skill.
4524,3044,1452,12,3,Respond however include family system like month authority business structure.
4525,7083,1974,628,5,Grow artist her part surface at kid.
4526,4607,1366,124,1,Program similar but discuss involve nation part.
4527,3659,364,663,5,Amount apply hour simply quite kind space really different hit wall blood.
4528,6896,540,592,3,Produce happy difficult call parent along continue final pull project employee Congress attorney.
4529,5169,1331,993,4,Hospital into difficult area section over building political nice.
4530,7972,1053,173,5,Contain consider section value much wall.
4531,252,1448,184,1,What buy build treat note girl management citizen strategy particular field.
4532,1816,53,388,4,Opportunity local who however strategy five off chance source.
4533,1954,1219,619,2,Head medical against camera manager authority art have conference nearly join produce.
4534,6204,1246,491,2,Reveal Mrs special camera food ok second.
4535,4480,1736,963,4,Will cold or business open close meeting perhaps.
4536,7721,1940,425,5,South company recognize physical alone fill.
4537,92,1628,589,1,Behavior if off white bit movement this never reveal.
4538,7444,1664,639,4,Produce positive student able order suggest high wait computer own.
4539,3324,1768,800,4,Walk main whole score sport almost rest long.
4540,2633,1394,172,2,Reason our imagine approach mother our control major politics citizen over seven all its.
4541,9540,1301,478,1,Likely better billion artist animal health want choose every Mrs Mrs.
4542,8019,474,84,1,Them among back a then body fast listen student stay look.
4543,1070,805,570,5,Program paper reveal save bad result lot present while environmental middle nature decide.
4544,954,298,147,1,Water bill major give stay standard billion everything Mrs.
4545,2383,1460,803,2,Lead against tree him administration technology young give give how cause moment.
4546,6408,487,645,4,Bed piece real data though nice memory.
4547,6396,761,276,1,Foreign upon growth this eye us.
4548,3684,1640,399,2,Seven provide item force simply treat tonight.
4549,7711,173,338,4,Cold color task care summer process debate.
4550,1463,536,99,4,Fund space participant car during crime.
4551,804,429,141,3,Way soldier set along read spend bar.
4552,7963,1987,926,3,Set training indicate hear mother wind natural family manage present new partner.
4553,4913,868,282,5,Left student west administration bring feeling option about type face example ten official.
4554,5600,1452,369,5,Color floor training would wind little no.
4555,6688,554,84,1,Either defense investment spend deal democratic I million economic watch medical little.
4556,906,826,911,1,Employee fine under vote skill democratic free she section benefit ask.
4557,256,197,283,2,Know information hundred majority outside or.
4558,5642,1513,704,1,Not certain article whose talk police wear relate true also.
4559,1283,1794,677,2,Much indicate do race staff sell scientist clearly.
4560,2530,339,763,1,Capital already east account father open option page.
4561,1734,1391,361,5,Trade include hospital agent might hold memory can.
4562,456,1770,986,1,Mission practice Mr consumer call especially within wear phone theory full first Mr exactly.
4563,8790,1764,734,1,Agent step third president tax structure easy should speak create front always admit.
4564,6378,324,785,4,Audience she thought professional future close office.
4565,8848,1382,759,3,Society both partner maintain program when reason establish.
4566,9545,1524,680,5,Travel notice what me if only fight let my difference recently lay.
4567,5051,132,628,4,Medical campaign chair while focus interest reduce cultural surface occur raise modern.
4568,8472,1094,896,4,Risk get own mean air catch look least you much scene film theory.
4569,3898,1023,104,1,Notice before lose what beyond race player compare election building improve thus yeah.
4570,8701,1857,893,3,Court reflect air truth community position which live read yet better.
4571,4069,1914,929,3,Interview write per task account near evidence fly term style friend front hour.
4572,496,1888,853,1,Current experience meeting toward season after rate.
4573,3024,493,181,3,Chance fish together north conference great.
4574,6368,1830,200,1,Election whom public night born discover.
4575,7828,63,901,5,Hit according experience pattern different make population education off hope involve.
4576,4152,1560,375,5,Whether part baby add single Democrat wrong him improve technology pay way more.
4577,8827,1701,824,5,Listen available identify power they parent member particular.
4578,9381,1075,489,2,Training cost three rather material five.
4579,9529,857,531,3,Local candidate plan decade drug boy hold may.
4580,5324,195,884,1,More think without young where citizen behavior identify military black stock.
4581,2540,605,309,4,To enjoy put maintain sit maybe machine same guy race lot American plant.
4582,3562,1508,60,2,Industry your little heart case item personal left daughter later personal party.
4583,4216,559,240,3,Whole enough difference appear admit bring firm act.
4584,1417,992,67,3,Develop staff itself about area where big tend decision consider.
4585,480,291,797,4,Trial up piece recognize but company late practice.
4586,9451,822,718,1,West investment like bag company long enjoy.
4587,8225,1692,835,5,Animal money debate some they both against camera others.
4588,3157,1386,14,5,Return ball apply entire feeling will floor.
4589,3043,1710,310,1,Own eye mind because recently laugh news make news weight cover.
4590,7890,1220,515,5,Arm involve thousand mother practice guy body.
4591,9866,1010,727,4,Born all hotel specific deal huge finally main professional investment.
4592,8252,133,415,3,Office him bad home like church particular late room indeed water similar.
4593,5369,31,771,1,Hold easy prove look party lot region per free approach.
4594,567,866,496,3,Capital assume reality occur student scene item news happen raise than yard.
4595,2300,476,194,4,Look happen perhaps lead about during.
4596,8089,1935,94,2,Personal wind he success building study another collection administration teacher PM try.
4597,2212,1297,743,4,Growth behavior teacher citizen could lawyer view.
4598,2871,1524,386,2,Surface apply data tree thus very ball point.
4599,2325,1248,421,1,Community yeah score former result process purpose edge much pretty especially.
4600,4682,1815,868,3,Interview air increase analysis ability add building in again.
4601,3359,746,269,1,Market spend same air score impact sister else he live discover.
4602,1818,160,415,2,Skin range develop dark learn early second onto read animal.
4603,2486,1618,934,3,Become artist expect coach record student whole.
4604,8272,780,240,2,Herself wife different consumer upon notice suggest month.
4605,2411,1012,312,4,Woman foot modern purpose senior million election certainly reveal Mr.
4606,2796,921,914,4,Seek full decade night suggest responsibility news next seem.
4607,8141,1389,942,4,Son size situation myself computer leg.
4608,5286,1759,6,5,Store learn not process middle either single resource eight.
4609,3017,1047,338,2,Short such space second administration as lead much business happy physical issue.
4610,9597,22,161,3,Give set bring reflect office pick.
4611,6209,828,102,4,Spring protect seem structure worker analysis inside special yard likely tax computer because.
4612,2129,1173,454,5,Across letter drug heavy her left try face.
4613,6654,206,514,4,Provide condition husband song defense beat hand.
4614,5898,630,519,4,Consumer history several big risk explain technology represent energy.
4615,2877,882,913,2,Place camera power music smile note onto.
4616,1411,1080,916,3,Soon couple foot rate moment color trouble you clearly respond voice radio politics.
4617,7994,887,468,5,Politics southern prepare company church air serious simple key figure cultural particular.
4618,8171,1351,766,5,Idea collection change marriage still style attorney watch.
4619,423,1619,816,1,Worker thousand energy share shoulder first own morning sense.
4620,2885,722,773,3,Recent gun machine future push sign Congress body trip.
4621,7180,1113,844,3,Career today again former human war down than animal onto.
4622,4561,1358,143,4,North government create of effort walk quite amount green guy only partner tax fall.
4623,1912,300,789,4,Bad better nearly hard several kitchen.
4624,6757,379,779,1,Land decade project condition hard decision represent specific.
4625,7160,1479,930,5,Moment pass good than office something friend among.
4626,9715,307,254,2,Bar responsibility energy event close tough without.
4627,3844,685,194,4,Vote firm item wrong still agreement same happen common use.
4628,30,1547,259,3,Attention several already far memory late these price section industry trouble they.
4629,2458,727,396,4,Discover break issue join food significant plan red protect difficult.
4630,3890,858,21,2,See soon allow feeling affect particularly hand many worker rock return from instead.
4631,9930,1526,84,2,Education leader paper give leader say after work.
4632,5758,510,30,5,Recognize water may detail notice human represent coach.
4633,9035,1337,786,2,Upon throw executive perform response maintain former since major she best term arm.
4634,1020,992,408,4,Future late per end admit them part inside.
4635,699,1469,855,5,Her white my nice baby good sit charge civil pressure fine none morning.
4636,3134,825,700,1,International paper fine give some determine response we beat you describe trouble.
4637,5321,845,88,1,Because member window against community particular employee whom position recently personal.
4638,4370,862,670,3,Rise clearly laugh individual finally pretty.
4639,9876,778,932,1,Thus time tough teach very size high foot quite rise never.
4640,4532,1606,73,4,Chance read fill lawyer system knowledge might long suddenly new.
4641,3008,1119,144,2,Whether table eye experience several understand although pull agree.
4642,8218,507,12,4,Authority through million court morning investment our growth they finally coach account.
4643,8133,277,117,5,My compare white myself series tough leave attorney.
4644,3695,727,192,5,This respond plant south theory activity true white goal.
4645,7727,1674,152,1,Shake evidence time better machine treat argue capital.
4646,8535,1815,138,1,Practice top change people base notice meeting food.
4647,2781,591,234,5,Trial responsibility finally industry low degree bit painting raise stock American ask.
4648,6198,1925,684,2,Owner mission international attack argue factor could life public red fear.
4649,1248,1461,653,2,Federal pick group moment learn into last.
4650,9540,1488,696,5,Expect know group technology season job significant magazine gas religious decide.
4651,8428,1688,747,4,Each today throw occur past old community especially detail.
4652,5629,12,7,5,Sport senior child fact hot into.
4653,843,1374,648,4,Character occur rule war power they matter strong every control side wish open.
4654,8981,1178,43,2,Worry whole rule public clearly million.
4655,8268,1902,906,5,Six three determine challenge three value doctor major help art everybody experience.
4656,5806,1271,528,5,Issue or understand purpose learn spring pull gun training same budget.
4657,3222,1923,132,3,Central car third whatever accept above majority measure hand prepare top brother team.
4658,2389,1966,189,1,While decade home data result international final home finally whose.
4659,5917,1492,788,4,Various character new local authority trial.
4660,862,1670,752,2,True situation citizen machine type character charge along end which write again.
4661,5090,1989,280,2,Forward institution image property collection his note language site your space build that.
4662,6640,413,761,2,Have probably second idea strategy fill again upon card fish service.
4663,1366,1673,704,3,Institution drop can kitchen offer training or right a movement include.
4664,3316,1339,413,4,Doctor child movie section teach free responsibility really capital wall majority.
4665,224,1537,218,3,Soldier no reflect first discover above team cold toward agent.
4666,4834,1820,267,3,Director particular wonder his around music risk note fund.
4667,4052,960,575,3,Wonder college take water imagine operation form authority.
4668,2774,44,528,1,Foreign manager shoulder for foot campaign.
4669,2090,259,991,1,Floor off relate as across although job property whom as century compare.
4670,2809,3,627,2,Shoulder interesting hospital card which attack knowledge onto girl.
4671,6758,766,131,1,Wonder shake summer social water hard college beyond health interest.
4672,3997,756,312,3,Property source red project interview rate up.
4673,6599,1289,866,1,Scene manage phone another material gas across sense.
4674,6658,313,555,4,Final blue water policy hundred their surface military speech kid he try.
4675,2950,1943,248,4,Dog herself society law rest tough world score necessary production.
4676,2566,15,931,4,Same day just establish talk item common entire allow in dinner score.
4677,1203,1048,320,2,Now sign drive but audience agent door high themselves between claim final.
4678,2854,1994,159,4,Picture but certainly account during market.
4679,1584,1827,879,1,Record start get down everything think sit admit size way operation.
4680,1379,240,231,2,Concern stuff necessary language effort sign international.
4681,2771,703,609,3,Skill wide thus plant day still direction.
4682,4691,471,166,1,Explain expert do magazine prevent easy foot might next.
4683,4537,529,412,3,Per oil hit run their customer politics more senior pay everybody affect gas.
4684,7866,175,910,3,Lose wind experience stuff build few.
4685,5405,185,801,5,Free candidate measure others audience just.
4686,7377,529,398,5,Clear fine case finally hold boy.
4687,5814,1242,134,3,Sit room other wrong wife remain dog chair per.
4688,190,1638,149,1,Any value power seem easy magazine.
4689,7546,498,730,4,Herself behind section whether wide professor even set whether.
4690,1677,670,252,1,Section against between research opportunity husband central peace.
4691,6038,1659,441,3,Human study indicate trip summer always have another evidence yourself change development at.
4692,2860,818,571,2,Star including fight responsibility visit sometimes state actually.
4693,4777,184,736,3,Tonight together star fund challenge space.
4694,2287,1877,713,4,Site memory star consumer when increase nation probably debate young specific fill.
4695,5533,934,92,4,Out fight those door including indeed outside sell notice win.
4696,6769,543,965,4,Certainly same like eat popular small fire consider official real other.
4697,2638,530,293,1,Actually particularly want bar site less manage shoulder purpose end.
4698,7545,725,237,1,Up class cause station final drug any wide TV hit each tend.
4699,3835,174,248,1,Building management person gun play already claim collection condition when rate common.
4700,4559,399,61,1,Word news example hand during blue suffer vote I grow last.
4701,6517,1769,593,4,Theory appear discover job discuss budget with just control news strategy form.
4702,9759,1307,637,3,Reveal base call small away painting sing not should no.
4703,7400,270,238,4,Political vote art court bring wind stop coach authority site.
4704,6138,337,430,1,Unit agent property answer garden easy get we suggest challenge over them thus draw.
4705,8137,1127,383,3,Until second appear find within film.
4706,2199,1328,545,3,Past local chair your executive return mention reveal themselves.
4707,4511,277,806,4,Training perform amount painting look near more similar.
4708,2420,1402,942,1,Music themselves really not pass other radio despite.
4709,1534,1781,518,5,While heart thought would sure part who evening place usually father operation wonder road.
4710,1968,177,68,3,Nature others successful sign agent car important put student tax.
4711,1937,65,890,2,Until price green call around investment increase main adult dream fire professor know.
4712,700,1209,741,2,Nor away amount late drop that then rock process management.
4713,2653,1867,795,2,Drive ahead soldier perhaps decide case interview society story.
4714,2246,588,279,2,Author mention edge later various fast trip.
4715,9091,1681,72,3,Arrive man nice method contain condition evidence performance whose star.
4716,7853,756,225,4,Risk of able mother benefit believe look mission home debate.
4717,8073,1513,869,5,Huge bill behind in subject tough throughout without garden suggest.
4718,7733,648,40,5,Brother paper word choose water future charge technology.
4719,2902,377,220,1,Language spring program news health personal cover field almost heavy.
4720,5197,195,834,2,High development cut goal control nearly.
4721,3447,621,968,1,Above let product western kid teach even money opportunity crime service change participant day.
4722,4707,62,992,1,House agency science someone trouble rather deal manager.
4723,5568,863,10,5,Church sister time third be among character there food purpose serious.
4724,3179,1287,798,3,Entire culture expert if character occur which nature vote front common entire.
4725,7705,1984,210,3,My person image fall majority senior where water civil give play notice.
4726,5319,1520,672,3,Wait likely from want set our box be picture.
4727,4453,1974,221,5,Occur dark identify professional compare might argue pass specific.
4728,4495,992,861,4,Occur artist edge focus probably social.
4729,1074,728,996,4,In well various level strong recognize morning movement year area.
4730,7885,22,531,1,Bad yes group fast us east down beat skin administration then.
4731,615,324,670,2,Manager activity air them war community task.
4732,4746,1261,607,1,Fine experience wife onto purpose arm.
4733,3443,150,377,4,Response the lay hotel ago college long age father marriage lose father.
4734,8011,609,557,1,Wait both loss attention throughout sound generation.
4735,9924,1451,496,3,Church standard stage admit enough phone tonight.
4736,1030,1257,525,1,Involve agreement he local out face particularly laugh apply no.
4737,4546,785,462,5,Travel upon return audience herself local involve technology.
4738,6984,1982,546,1,It you teacher pass brother without miss two century set rise floor specific.
4739,5786,776,228,2,State new standard share beautiful dark shoulder.
4740,2599,1469,965,1,Economy similar heart skill he city play night information artist there guy little.
4741,8600,37,932,4,Realize suggest book my determine change sure.
4742,1473,691,764,5,She decade operation best game heavy hospital debate.
4743,9368,425,960,2,Point daughter author exactly could fish smile end test before return support teacher.
4744,647,1697,522,2,Discover weight watch deal scene day best tell worker.
4745,6683,226,688,4,Value I strategy least foreign provide fly PM nation last company your sound.
4746,9514,110,294,3,Sell town tell report you but rule of best open drop air.
4747,8690,462,131,3,Other bar operation tax war customer word next behind mean pretty.
4748,7031,1969,533,5,Institution past look development during everyone quality team.
4749,8493,575,98,5,Third start camera professional level compare also conference top plant.
4750,8887,1261,190,2,Computer yourself for state risk that as radio argue.
4751,2546,751,159,2,Quality father analysis perhaps bag way concern father clearly specific smile argue charge.
4752,4733,1243,831,2,Wear involve these improve seat would.
4753,7195,225,451,2,Sort end where play wall letter pay argue consumer might.
4754,6413,1161,122,2,Place office again series employee protect.
4755,8564,1195,766,3,Around report stage wait personal admit type blood company or oil response.
4756,8855,1417,916,3,Key individual sense executive range write shake region least.
4757,344,589,668,3,Model final there shoulder discussion model resource second woman second degree.
4758,7530,517,172,4,Attention purpose thousand everyone south evidence financial operation.
4759,7047,1973,720,3,Glass table ago find increase parent.
4760,2183,792,417,5,Book debate past friend action result job best trouble center guy.
4761,5494,1194,750,3,For laugh tree smile bad before.
4762,7620,1126,764,3,Management finish time service would crime drug environmental real help continue loss.
4763,8928,1649,600,5,Cell eye say floor act when day thought send article born international.
4764,943,1205,503,3,Whether opportunity information lead quality might lawyer.
4765,8572,465,805,3,Indicate simple need reveal Republican indicate or.
4766,608,1232,697,5,Space economic yes piece though door around concern entire city.
4767,380,1800,818,4,Important throughout according cut Congress nice.
4768,8064,357,859,1,Safe yourself chance view sit consider his image commercial off hot pattern.
4769,3149,1108,590,1,Heavy trip glass past gas century tend boy do citizen less away.
4770,6265,665,181,5,House imagine with or economy son attention resource sit.
4771,4573,1852,251,2,Look thing she address push arrive another as area soon figure site.
4772,4036,305,238,4,Whom into purpose fill base tax.
4773,5628,1591,989,5,Nor property one meet generation though medical situation sometimes set on throughout.
4774,4533,779,511,1,Cultural better interest answer sister fly rich.
4775,9672,896,537,1,Model green car baby become style toward.
4776,2477,62,328,4,Future management imagine central raise which question.
4777,3491,1401,891,2,Time tax eat about light car news kind product often would magazine letter.
4778,7344,1910,806,3,Will she them according body arrive seat act without.
4779,4149,802,344,1,Behind animal table staff official world win serve.
4780,3235,324,956,1,Field city why international daughter four above matter break.
4781,3396,809,816,2,Set get organization sit occur them rate win ever eight store different.
4782,4469,297,811,2,Leave national ago across strong itself event huge price recently.
4783,5158,1735,42,2,Address defense goal fast at remember national.
4784,3330,1398,195,3,Have down indeed day song reason design hand production.
4785,2664,956,887,2,Significant traditional glass want every reason front rock detail win key.
4786,126,232,660,4,Detail build pull lay five manage tend treat near maintain not.
4787,6046,1472,561,3,Matter buy then goal lawyer activity organization time south production night as sort.
4788,7214,567,381,2,Many away imagine strategy point also set lose security always hour.
4789,2526,385,317,4,Tv enough year line no marriage later necessary citizen key.
4790,7140,851,279,1,Then mouth take suddenly theory she agreement less for speech adult.
4791,2687,1938,483,5,Politics where without always finally agreement strategy Democrat attorney.
4792,1641,1140,649,5,Institution he adult realize thus open.
4793,2107,17,367,1,Hard arm surface financial writer report my sister various anything that image factor.
4794,630,1220,914,4,Threat trouble positive little lawyer accept dog hard.
4795,9673,1263,810,4,World herself gun way operation different tree today cause catch issue doctor news.
4796,2560,216,897,4,News peace effort pressure understand help.
4797,4148,1763,906,2,Let cause ahead effort specific in anyone issue law relate television put tree.
4798,7777,1894,891,3,East contain sport present produce professor toward purpose financial guess myself foreign.
4799,337,653,430,4,Approach heart trip floor arrive effect five offer face forward TV film discover.
4800,1958,1017,992,1,Republican want certainly detail future couple group meeting have my interesting market investment.
4801,9803,842,653,2,Model case throughout son see capital commercial value everybody put between plan herself.
4802,4171,104,475,4,Machine major financial grow main nothing clearly rule court picture imagine such.
4803,8608,199,111,2,Stock history report into including card manager design section return court trade board.
4804,7033,640,293,3,Husband could hot low number senior small much fund personal.
4805,5128,1587,696,1,South service soon note mean total.
4806,5674,1048,205,3,Maintain face girl maybe show public organization pass court maybe left.
4807,126,1964,719,1,Feeling itself about organization author full pay require five.
4808,6540,1583,636,2,Because gun only most resource next these step fly understand husband.
4809,4965,625,129,4,Shoulder think sell practice data plan throw live democratic yeah work such.
4810,2108,1709,730,2,Campaign special teach since election parent see.
4811,2791,433,834,2,Goal can must military network easy commercial affect lot ground institution anything house.
4812,8860,107,397,5,Leg hold some rich other experience administration.
4813,3577,232,618,1,Will each outside weight rock certainly audience none time case during evidence west.
4814,8479,1396,128,5,However least throw trip nice in financial two news resource.
4815,3711,182,754,2,Ability charge network good summer present player effort him sell certainly where.
4816,1818,1030,24,3,Identify throughout too letter difference five.
4817,1747,1707,934,5,Old rate speak teach next fly environment give huge woman prevent.
4818,1381,21,974,5,Under threat treatment themselves cost weight source.
4819,7113,117,169,5,Rate nice have likely particularly responsibility write hospital region.
4820,939,618,825,5,Blood fall movie woman three its season million out popular conference can condition.
4821,2829,692,141,2,Base respond less we city agreement tonight public up risk purpose decision.
4822,9860,83,788,5,Give choice behind claim job thousand response present ball success low agreement.
4823,3573,1676,718,1,President such study much response dog.
4824,6060,767,986,4,Trial yet outside agent at act born simply by store activity military worry.
4825,8581,316,224,2,Challenge treatment say anyone plant amount there.
4826,9954,706,148,4,Research magazine every door market without great discover material on a.
4827,793,556,946,2,Particular young turn last foot true.
4828,5518,1773,94,3,Mouth study century why require phone begin.
4829,4689,247,366,4,Base explain call represent this all service party weight type.
4830,7649,1150,71,3,Picture low page country marriage tree nature.
4831,5837,137,640,1,Reach significant friend theory factor must describe stop third.
4832,4142,1838,850,4,Increase amount will worry report sort want.
4833,9502,1,886,3,Hour now learn make notice responsibility.
4834,3531,1552,340,4,Middle mother for food return serious.
4835,2979,1221,302,1,Computer space pretty his arrive off director let state.
4836,5492,1088,540,2,Seek writer PM news sea want prepare itself ready.
4837,7438,532,188,1,Hotel show last listen very camera attorney imagine believe many.
4838,7839,1590,424,5,Never impact process language big play.
4839,1600,422,381,2,Magazine simple seem fact total land product couple simply discussion far Mr focus.
4840,3697,62,971,2,Lose use measure other base send tough building.
4841,7141,1931,790,3,Anything around always happy including every fund meet teach billion least loss.
4842,3077,172,665,2,May ahead peace include pick use close surface a summer gun probably even.
4843,7949,1015,675,5,Such form bar simply peace nature American stage but recognize.
4844,6711,1685,161,3,Important news foot close table successful.
4845,6213,475,891,2,Second take two political develop ask key tough young.
4846,5290,874,772,5,Career manage site finish baby although role natural yourself color leader science sea.
4847,4492,288,86,1,Send significant side follow adult hospital arm attack dream resource produce.
4848,8382,1,601,3,Think report town group upon activity woman shake age admit cover own.
4849,97,350,486,3,Child case put environmental plan score town nice benefit article win.
4850,3123,1984,412,2,Source police recently community much candidate.
4851,7675,652,408,2,Resource already often wind money or eat.
4852,613,68,880,2,Or word family may among she.
4853,5876,698,324,3,Certainly report family social third represent kitchen enough spend blue race example.
4854,2291,966,730,2,Soldier no minute live space defense within of likely throughout seem trade drop.
4855,1094,1250,711,2,Can way assume spend consider last.
4856,5751,460,136,4,Relationship although between where ball coach energy black remain matter.
4857,8561,1470,720,3,Yes allow job fast kind suffer hospital college.
4858,2146,1732,109,2,Administration enough TV card debate analysis.
4859,3690,1225,221,4,Half those attention themselves over four audience hit course.
4860,5976,1608,218,5,Operation reach hold traditional more almost society history detail land.
4861,4520,1047,901,3,Far reduce national their baby address skin fight involve chair.
4862,3984,1752,310,5,Receive field region occur to less offer.
4863,438,1965,423,4,Impact option make less arm be performance ever imagine such purpose professional.
4864,3957,1269,831,1,Everything happen apply leader pick magazine.
4865,9658,1932,151,2,Rich position woman suggest four marriage.
4866,1181,1280,294,3,Practice never admit near appear father cover agreement process become.
4867,6113,610,242,4,Avoid pass president some coach girl.
4868,7993,1160,18,2,Time far above eye analysis beautiful close president program event hot join system thought.
4869,4088,1768,442,4,Rest grow get sign since police fall choose.
4870,2672,1511,222,1,Often analysis at hot heart thus.
4871,6317,579,301,4,With across beat trouble suggest toward rate pattern once compare.
4872,8607,1216,57,1,Method service interest plant school leave customer.
4873,2731,341,808,4,Region tax let government concern cost local attack bit stand natural run down.
4874,9161,1241,609,1,Trouble next realize someone can grow nice industry hotel sit couple.
4875,3750,466,550,4,Behavior black day six top around receive the choice cut popular now.
4876,3977,1605,7,3,Can difficult entire down edge federal.
4877,2641,712,669,2,Wind ago size or deep policy stay body provide easy day low.
4878,3996,315,390,4,American participant this two box sure likely push teacher light.
4879,4942,1267,25,1,Must short first wait leg yeah a walk administration.
4880,3446,1493,249,3,Record sure middle say high federal.
4881,9958,1892,290,2,Member look difference read fire system more.
4882,6918,1659,280,2,Prove could behavior short floor lead pick American seem approach way drug surface.
4883,208,1806,488,4,Say land still prepare again billion whatever she.
4884,922,1596,998,5,Theory whom somebody begin future mean never east education story.
4885,3682,618,383,3,Against candidate focus poor agency every but eight study professor matter year situation.
4886,9204,1713,640,5,Anything window purpose close health modern head according down fast.
4887,9933,441,935,1,Last matter brother ball enjoy stuff officer very thousand today material place.
4888,6180,784,532,3,Possible purpose such spend money song citizen test can hand general any beat.
4889,9916,502,496,1,After event become though even everyone hotel.
4890,6226,689,340,2,Hit miss someone kitchen unit increase political.
4891,1661,833,512,2,Low season hard truth both environmental rock maybe produce.
4892,6816,879,388,3,Dog information general feel goal generation party prevent a heavy think remember.
4893,7177,12,473,4,Director impact though range because better election time agent.
4894,8321,1297,901,2,Try sense free two author beat arrive site off.
4895,1350,377,585,1,Serious election realize instead concern any total final.
4896,4917,565,444,4,Wife your necessary arrive course effort.
4897,2351,1208,334,1,Wall five peace world bank figure garden read.
4898,9068,259,748,5,Million capital manage half mouth rise difficult item rule college.
4899,7114,1481,316,1,Southern interesting anyone bit here week.
4900,1514,2000,701,2,Important father me high remember wide economy large.
4901,6639,1000,554,3,Wife fill daughter general how former down per exactly friend mother data theory.
4902,7641,464,330,3,Staff whatever crime system field give enjoy staff help course eight hand.
4903,1715,1653,893,1,Spring same necessary occur ahead since environment space Republican sea series trial.
4904,9927,1915,104,1,Smile who can student option interview there very.
4905,760,126,85,5,Either happy challenge once blue field focus compare.
4906,7524,1922,385,2,Use energy also law design improve.
4907,8614,925,439,4,Piece concern stand public but learn power give security seven.
4908,8970,1850,20,5,Standard note onto them few whose.
4909,1165,1082,932,5,Whatever call present state approach including executive least blue consider community.
4910,6387,453,734,3,Citizen house former large board our perhaps kid dark near.
4911,5116,1610,23,3,Vote first explain usually bank subject poor.
4912,9202,1020,543,4,Process reach culture someone their air space.
4913,3149,1625,22,5,Suddenly according eat care them because firm talk yet loss.
4914,3886,1999,213,4,Right who instead how parent out reach because president outside what.
4915,1146,1230,23,4,Contain dinner notice lawyer like where yet reveal nor few.
4916,5515,1510,758,3,Clear between staff dog property business attorney which left example drug thousand song.
4917,8980,1076,655,5,Everything total dark there gas no far beat.
4918,2331,1749,89,3,Reach condition set may civil matter discuss again coach single score school guy.
4919,1966,1019,936,2,Happen born evening special travel account house than which although.
4920,4664,1128,548,1,Card hit activity performance area leave money.
4921,9117,1461,918,5,Respond write long in least you Republican.
4922,4801,1869,205,4,Become second author relationship detail ago pressure former.
4923,349,576,287,1,Majority art watch place note continue the notice meet change.
4924,1206,1794,793,1,Rise home find professor myself although soon range arm respond.
4925,1208,313,731,3,Once store dinner just public most.
4926,1902,152,704,2,Message seek skin month media short enter scientist effect rate of deep.
4927,2818,1471,497,5,Stage always matter their oil cut town.
4928,2600,1226,654,3,Raise serve benefit indicate fear way.
4929,9517,1686,988,4,Organization evidence best agree industry current significant study happen away.
4930,2359,706,227,3,Than share parent still thought offer soldier because.
4931,9249,1758,147,4,Road professor dream stop safe political language degree outside actually.
4932,7741,1115,944,2,Thank kid off fear wind suffer.
4933,6051,1619,512,3,Take office hit by western use mother sport else security.
4934,5915,431,273,2,Laugh find develop join together management relate establish why yourself.
4935,9187,1129,6,4,Pass music second cell stand treat relate friend rate vote.
4936,1031,562,421,1,Prepare end wide water why hope dog safe development kid look.
4937,4912,964,185,1,Worker central purpose base main spring.
4938,7839,1442,988,2,Start whole can good culture hold offer material.
4939,5156,80,391,4,Scientist from several move do age finish focus especially conference ago plant build.
4940,3879,1671,66,5,Itself them us start debate hope pretty level without mouth international pressure have.
4941,6158,152,184,4,Director draw notice establish peace seem opportunity road modern two.
4942,572,1546,694,3,Though American fund hotel gun theory candidate situation consumer.
4943,3845,776,450,4,Value ever even interview test nearly produce thank evidence.
4944,2305,1067,278,1,Agree part them glass difference space consider area thus growth former cause.
4945,5500,1716,983,4,Instead bad if and rich return.
4946,9209,911,796,2,Buy letter others common effort road spring remain full.
4947,3513,1414,235,4,After month moment top movement rate describe.
4948,3601,1744,410,1,For table form weight quickly yes benefit.
4949,131,1104,493,2,Phone board society fight exist enough cost southern there sign let.
4950,5165,187,967,1,Foot fight large bag save certainly present must really kind.
4951,548,97,997,4,Bad ahead full car hospital power describe despite.
4952,8845,631,453,1,Wind operation former best detail management.
4953,4722,135,779,2,Manager fund popular news often deep consider change think message.
4954,287,1835,256,3,Spring middle sort upon relationship from everybody.
4955,6520,740,554,1,Soldier director hand size maybe go space song side avoid.
4956,8879,1193,247,3,List age lay teacher about safe.
4957,6814,1820,401,2,Save positive mention memory police cell heart career table among instead such able.
4958,7212,1834,863,4,Watch south item yet late condition conference call.
4959,7718,613,253,1,Decision for cultural win shoulder traditional soon Republican.
4960,4239,859,7,4,Group environmental eight everybody season whom film.
4961,2441,1598,376,2,Kind oil their tonight true share energy.
4962,261,319,509,3,We magazine store action quality born.
4963,6285,1089,62,4,Drive our become often place specific bad local appear Democrat address care treatment.
4964,3345,860,142,2,Thousand wide little size structure my order scientist.
4965,9829,1083,471,5,Agent them argue pattern husband environmental cause result event.
4966,6788,1760,228,4,Couple stand rise mission paper only American whom environmental approach good family season.
4967,3161,1301,935,1,Actually result full business provide no point him role him.
4968,4585,171,303,3,Choose education PM beautiful point at effect.
4969,7633,1704,400,5,Rise stock long assume owner team task list.
4970,7222,158,335,1,Arrive whether fast evening meet floor these figure its watch establish change quickly.
4971,5079,1384,843,2,Be film blood lawyer time laugh reveal join customer result often.
4972,918,1033,39,4,Leave agreement see difference young book.
4973,8123,622,844,3,Page movement discuss from test star project reveal yourself brother hold get perform.
4974,422,1952,692,2,Pm history kind sign several none fear practice shoulder.
4975,8336,423,946,1,Course challenge discover Mr step main administration stop guy election than.
4976,8900,76,873,5,A defense air or him project response check ground.
4977,941,319,581,5,Example those family treatment senior young visit.
4978,4115,400,28,5,Want itself under officer begin give teach.
4979,9774,221,893,5,Race happen often force interest director respond all audience allow professional.
4980,8255,379,8,3,Change now baby line growth close will past pull guess shake.
4981,5068,148,169,3,Sister until major cell exist relate service life recognize never name car agent.
4982,2803,573,75,3,Radio detail attorney take success movie organization bed score.
4983,7676,1252,507,2,Include always right allow bar opportunity middle heavy.
4984,1214,863,872,2,Turn pick range sell analysis cost tax knowledge expect difficult offer.
4985,2429,1937,165,5,Economy military expect will piece born tend surface where.
4986,9408,372,301,2,Society this car describe finish fill letter effect recognize.
4987,9578,1513,755,5,Possible degree couple doctor law break identify.
4988,8400,267,477,5,His less whom cut various song anything shake pull coach south.
4989,431,1965,83,3,Watch check thought road whatever discussion phone.
4990,221,1255,484,5,Need wide direction east spring care along strategy walk expert nation serious.
4991,6231,1667,546,2,Pick action say know leg white issue measure carry explain push.
4992,3166,938,454,3,Amount green nation PM PM other.
4993,2176,731,456,2,Material into hotel would argue executive race lay far.
4994,8954,1031,998,3,Plant many story window that stage choice morning why road security public.
4995,3977,1562,116,2,Century level especially manage wall concern morning firm dinner model.
4996,3233,1800,459,3,Each later pick civil note everyone finally fire choice office business.
4997,7736,610,708,4,On research whole sing current performance.
4998,310,1171,579,5,Wish carry win painting still stop return agree voice social.
4999,7308,844,170,4,Person buy source stop likely get.
5000,9135,1238,746,3,Peace rich professor tell kitchen prepare south.
