customer_id,customer_name,phone_number,email,gender,age,registration_date,total_rides,total_spent
1,Karen Juarez,(900)740-8459x23011,george82@yahoo.com,Male,33,2021-02-07,2,34628.37
2,John Norris,+1-752-537-2833x4294,derekkrueger@hill.com,Other,43,2024-05-10,95,38692.39
3,Kyle Zhang,(299)777-6004x9340,cynthia36@meyer-wheeler.com,Other,51,2022-02-22,38,28808.9
4,Ariana Berry,001-839-240-0711x69529,zmurray@york.org,Other,43,2022-08-10,71,7613.99
5,Paul Smith,602-958-5978,gmoss@gmail.com,Female,54,2020-11-10,36,21526.58
6,Mr. Matthew Patton,+1-337-515-7242x975,robert85@campbell.biz,Female,34,2020-10-31,47,41655.78
7,Gabriel Lee,+1-074-946-7155,evansthomas@gmail.com,Other,46,2023-09-09,76,31221.77
8,Ashley Morrison,001-703-297-1586x591,justin86@gmail.com,Other,40,2024-11-04,82,37617.9
9,Amanda Palmer,+1-741-278-0464x30961,yatesjessica@cooper-alvarez.info,Other,53,2020-12-10,99,37721.94
10,Cassandra Taylor,0130460916,mrollins@hotmail.com,Female,48,2024-08-28,72,36346.16
11,Thomas Montoya,+1-579-857-1900x1641,russellmelody@tate.com,Other,23,2022-08-02,60,6005.09
12,Kathleen Santiago,+1-381-804-2101x90454,saragutierrez@gmail.com,Other,45,2021-07-02,89,17169.27
13,Nicholas Burch,974.585.7881x16975,tmorton@gmail.com,Male,24,2022-07-05,79,29741.38
14,Stephanie Russell,7003371760,robinsonlonnie@gmail.com,Male,18,2023-07-23,92,43058.52
15,Andrea Romero,(831)594-2126,kwalker@gmail.com,Female,57,2023-12-29,42,31355.39
16,Donna Taylor,130.908.9071x043,shunter@hotmail.com,Male,19,2024-04-30,86,44096.83
17,Spencer Burns,315.118.3894,michaelbeth@mitchell-munoz.com,Other,58,2020-08-21,51,6169.69
18,Zachary Flores,(931)913-0320x45361,meyersjean@glass.com,Male,30,2020-09-11,77,10906.61
19,Zachary Green,6305081693,gonzalezdaniel@hotmail.com,Female,23,2022-05-24,22,39682.69
20,Jessica Pratt,+1-887-961-5210x505,gonzaleztammy@thomas.net,Female,56,2024-05-27,91,25507.53
21,Cory Meadows,001-769-369-2802,joseph67@gmail.com,Other,28,2023-11-01,8,14496.04
22,Tracy Peterson,(484)835-0112,phillipsmichelle@glass-evans.org,Female,44,2025-01-10,92,1178.99
23,Ashley Carson,969.058.3601x03582,joseph87@pratt.com,Male,52,2023-08-30,45,41793.62
24,Mark Thompson,+1-767-606-0060,gdavis@gmail.com,Other,47,2020-08-30,89,7026.41
25,Benjamin Hutchinson Jr.,001-943-534-1253x2279,lloydcraig@davis-rivera.org,Male,41,2022-11-15,3,29889.6
26,Haley Stout,+1-632-712-9129x0247,cainpatricia@gmail.com,Female,50,2025-02-04,48,32898.99
27,Mark Willis,+1-056-799-8597x867,hthompson@gmail.com,Male,56,2022-05-06,38,6867.36
28,Robert Wilson,585-793-8454,michaeltrujillo@yahoo.com,Female,40,2022-07-28,74,17984.33
29,David Valencia,319-140-2657x11755,joneskatherine@hotmail.com,Female,35,2023-01-24,76,33875.77
30,Ashley Scott,(606)987-3891x7793,muellerjohn@yahoo.com,Other,51,2021-09-16,78,14327.98
31,Cory King,+1-042-867-2445x888,qmorrison@gmail.com,Female,39,2023-08-09,73,32999.93
32,Lisa Patterson,(927)743-8534,mckenziejacob@houston.com,Female,58,2023-09-11,64,15350.31
33,Colleen Bowen,064-964-9685x481,bvalentine@yahoo.com,Female,19,2022-02-07,87,4392.91
34,Amy Wright,5310113098,nflores@hotmail.com,Other,36,2023-07-29,99,24001.92
35,Samuel Chambers,2401352362,gpotter@christian.com,Female,46,2022-10-15,41,45899.4
36,Jeremy Reed,489-353-0278x1898,martinstephen@gmail.com,Male,20,2022-09-10,52,13615.15
37,Richard Adams,+1-045-987-1343x0123,tfranklin@rhodes-wilson.com,Male,44,2023-10-24,69,2082.72
38,Charles Pena,(611)926-5094x709,lauragriffith@hotmail.com,Other,57,2025-01-30,22,6254.9
39,Joseph Johnson,293.947.0732,lori74@hotmail.com,Female,38,2023-03-15,30,48281.04
40,Melissa Johnson,(434)457-1613,meadowslori@bright.com,Male,47,2020-04-15,43,26147.29
41,Eric Hernandez,6168385419,bergerbarbara@yahoo.com,Male,42,2020-06-16,81,30839.26
42,Matthew Jones,811.085.3309,regina54@yahoo.com,Female,33,2022-12-04,97,24230.46
43,Kirk Evans,331.103.4516x9649,victoria39@yahoo.com,Female,46,2020-06-01,77,28839.6
44,Chad Hawkins,2985329186,michael84@gmail.com,Male,33,2024-12-20,49,38239.88
45,Ronald Kemp,5238685843,jasonwarren@yahoo.com,Male,35,2021-12-13,58,30721.87
46,Drew White,001-395-876-5378x76027,vhoward@yahoo.com,Male,51,2024-01-15,63,3478.21
47,Scott Ryan,821-072-9832,meganpayne@gallagher-miller.info,Other,40,2023-01-05,80,27406.03
48,Cynthia Bradley,7401599421,owalsh@weber.com,Other,29,2022-11-17,74,16599.1
49,Mary Pugh,404-763-6681x129,jphillips@gmail.com,Female,42,2020-03-05,22,1651.3
50,John Wilson,228.537.4915,danielsandrea@williams.com,Male,42,2021-10-21,69,18407.81
51,Sarah Townsend,+1-583-052-7227x28384,adamglass@hall.com,Female,49,2023-04-24,44,26613.11
52,Chelsea Miller,+1-328-652-6565x449,currystacy@smith.biz,Female,46,2022-05-19,50,10304.36
53,Steven Santana,001-174-045-6301x5830,torrescandace@hughes-moore.com,Other,31,2023-02-17,50,10731.22
54,Penny Briggs,611-426-0816x9541,gardnergina@yahoo.com,Other,39,2020-07-24,6,48263.33
55,Tommy Davis,916.526.7339x3304,mmoss@gmail.com,Other,32,2022-08-08,34,21699.14
56,Robert Patrick,109-158-6514,nicholscrystal@gmail.com,Male,53,2020-12-04,31,19330.87
57,Tiffany Williams,098-266-3896,toddwilliams@gmail.com,Other,44,2022-10-27,42,30335.16
58,Michelle Allen,001-454-933-7725x577,mvelez@gmail.com,Other,59,2021-12-25,10,5440.93
59,Jessica Stone,640.671.6713x53105,melaniewright@gmail.com,Female,60,2020-05-04,100,24304.42
60,Jason Strickland,189-221-4388x3746,jgrant@morgan.biz,Female,30,2023-05-27,43,15752.93
61,Edward Ellison,001-430-321-3874x321,michelle24@yahoo.com,Other,49,2022-12-23,12,20281.24
62,Linda Santana,(016)719-0122,cartercarl@gmail.com,Male,34,2024-12-13,89,1280.41
63,Whitney Roman,041.369.9254x506,andrea24@yahoo.com,Other,40,2024-07-16,62,39959.51
64,Crystal Stuart,001-701-630-4919,stephaniemcdonald@mcdonald.biz,Female,24,2023-06-15,99,27418.18
65,Tiffany Clark,(436)963-1497x138,lisawoods@yahoo.com,Female,24,2021-02-02,63,28487.74
66,Heather Peterson,835-047-9480,christopherburgess@beck-rios.org,Other,53,2024-01-29,8,40501.61
67,Donna Evans,026.124.5828x069,evansabigail@gibson.com,Female,47,2023-01-25,23,48590.49
68,Marissa Love,305-730-5480x84434,bernard51@reed.com,Other,30,2023-03-19,37,41326
69,Nancy Obrien,492.272.1529,david40@hotmail.com,Male,31,2023-02-18,27,24011.09
70,Melissa Casey,+1-201-143-0656x44459,tranpatrick@yahoo.com,Female,55,2022-04-14,4,7975.28
71,Justin Gilmore,001-554-447-4219x19637,daniel72@russell.info,Male,56,2021-05-28,97,42015.94
72,Madeline Garcia,+1-149-022-1862,christopher45@pruitt.com,Other,29,2022-05-18,30,10247.46
73,Ashley Shaw,631-288-3925,mccarthykatherine@taylor-freeman.net,Male,42,2023-04-16,99,28229.16
74,Jesus Fuentes,470.478.0524,pmullins@gmail.com,Other,21,2023-01-06,61,48299.13
75,Michael Buckley,001-392-801-1916x700,gatkinson@mcguire.biz,Male,20,2022-01-24,14,40443.52
76,Greg Dorsey,+1-927-630-8695x051,hallvictoria@powell-coleman.biz,Male,38,2022-06-03,95,2922.96
77,Jacob Greene,(682)899-5330x32011,dana59@hotmail.com,Male,29,2021-04-08,91,42763.45
78,Christine Frey,(672)500-3431,williamthornton@may.com,Male,20,2023-02-24,86,30180.34
79,Melissa Coffey,(654)575-7539,crystalpatterson@johnson-stephens.biz,Male,35,2020-06-10,37,31209.69
80,Nancy Stout,922.555.5896x3033,michellehenderson@jones-simon.com,Other,60,2022-05-02,7,48735.78
81,Daniel Ramsey,061.482.1004x2846,sharpnicole@hotmail.com,Male,29,2020-05-06,36,13207.63
82,Jeffrey Miller,755.371.7600x3147,amy47@gmail.com,Other,31,2023-01-24,11,4328.97
83,Cory Adams,938-562-6309,huynhkelly@scott.org,Female,25,2023-08-05,15,21020.24
84,Marilyn Benson,+1-873-018-4117x73912,brandi55@yahoo.com,Female,38,2022-02-18,82,48451.82
85,James Curry,(790)343-3981,christina54@yahoo.com,Female,35,2022-02-27,66,40556.75
86,Nicole Howard,791.427.8072x193,vstevens@fitzgerald.com,Male,26,2021-05-15,65,13629.1
87,Wendy Myers,(572)482-3163,baxterdean@hotmail.com,Male,52,2023-09-30,82,23349.65
88,Corey Boyer,001-197-776-4855,powellerin@holmes.com,Male,54,2024-12-05,31,30667.45
89,Cheyenne Gibson,001-370-388-4255x418,priscillalawson@wright.com,Male,24,2020-04-10,48,16992.67
90,Johnny Wilson,669.784.9286x49695,meyersrachel@gmail.com,Male,22,2021-03-02,42,36844.99
91,Stephen Jones,(135)225-3240,skinnerthomas@gmail.com,Female,49,2023-03-20,68,31465.54
92,Sherri Ibarra,(694)568-1479,david93@king.com,Male,50,2023-03-14,45,41964.26
93,Stephanie Underwood DDS,+1-733-299-3818x21197,leahfoster@fisher.org,Other,55,2025-01-20,60,43751.25
94,Michael Mcdaniel,104-741-6350x7445,shelia95@lambert-wilson.com,Female,36,2021-05-14,51,27991.05
95,Elizabeth Price,001-677-186-5669x861,staceymendez@yahoo.com,Male,53,2024-02-21,66,44525.97
96,Ashley Barnes,9340143081,ginasmith@obrien.com,Other,18,2021-06-30,46,36021.19
97,Aaron Banks,(144)520-1810,kimcasey@hotmail.com,Other,38,2024-05-03,26,24265.41
98,Jorge Gonzalez,(505)504-8742x27064,susan52@yahoo.com,Male,39,2023-07-15,93,15294.02
99,Elizabeth Serrano,+1-693-587-1202x546,nicholas20@campbell.com,Other,29,2023-04-03,48,11603.61
100,Jorge Gutierrez,+1-227-990-5827x4493,qwerner@thompson.info,Male,50,2022-05-15,4,39696.91
101,Francisco Werner,071.667.8994x2458,whunter@gmail.com,Other,45,2021-09-13,46,13165.83
102,Kenneth Perez,547-733-1811x842,elizabeth18@yahoo.com,Female,45,2023-07-15,67,38782.91
103,Craig Clark,+1-220-855-2677x39707,burkejill@hotmail.com,Male,46,2021-11-12,68,38344.32
104,Theodore Nguyen,455-253-4991,michael59@yahoo.com,Other,25,2024-06-25,28,38925.46
105,Jessica Reynolds,043.401.9459x17702,christine54@hotmail.com,Male,29,2023-03-26,80,11465.59
106,Thomas Sullivan,+1-533-148-4377x940,victoria87@george.biz,Male,46,2020-10-29,54,16507.65
107,Benjamin Green,736-110-0526x523,deannalin@gmail.com,Male,26,2024-10-21,2,9677.88
108,Jacob Reyes,(923)409-5964x4871,davidanderson@yahoo.com,Male,30,2022-04-26,1,31926.87
109,David Jacobson,680.425.9241x01829,stephanieharrison@carter.com,Male,50,2023-06-22,84,43651.21
110,Jake Arroyo,209.003.6278x21136,rodneyfry@yahoo.com,Other,29,2020-12-29,18,49471.07
111,Thomas Kent,+1-833-353-9783x8385,nwilliams@gmail.com,Male,38,2022-07-08,59,40687.26
112,Tracy Mills,(249)699-6258x1437,agill@hotmail.com,Male,28,2024-07-25,69,47121.88
113,James Martin,+1-062-564-7632x2471,cordovalori@luna.org,Other,54,2021-08-28,78,11294.6
114,Melanie Simpson,996.349.5246,guerrakatherine@nichols-washington.com,Female,31,2020-03-28,51,44138.17
115,Yvonne Castillo,858-869-2090,taylorwilliam@gmail.com,Other,23,2020-10-30,74,35209.75
116,Holly Hines,001-134-861-7238x37558,aaron68@curry.com,Female,58,2023-04-05,14,5164.85
117,Molly Peterson,(476)053-9331,ialexander@gmail.com,Other,55,2020-04-08,36,2755.81
118,Sean Green,(223)185-3468x21230,cassandra28@yahoo.com,Female,28,2020-06-27,28,22966.27
119,Matthew Jones,(365)551-8533,michael30@brown-peterson.biz,Other,18,2022-06-11,43,27243
120,Andre Munoz Jr.,+1-426-033-3191x13946,andrewskrista@yahoo.com,Other,53,2025-02-23,38,36133.81
121,Amanda Bass MD,878-250-9509x399,stephaniescott@gmail.com,Male,44,2023-08-13,60,34543.29
122,Regina Jones,001-139-471-3165x92982,makayla78@gmail.com,Other,50,2022-07-13,56,14462.23
123,Elizabeth Hale,868.672.7906x1952,romerodaniel@cook-knight.biz,Other,34,2023-03-30,51,17632.57
124,Emily Hamilton,001-592-012-0941,clarkekathleen@carter-whitney.com,Other,30,2021-07-01,12,21212.02
125,Joseph Lee,(342)019-5718x01659,caitlinvazquez@hotmail.com,Other,44,2022-10-03,7,40238.03
126,Kimberly Bowman,193.796.2416x4266,yvettewatson@howe-lambert.org,Female,24,2024-05-01,49,14483.89
127,Susan Hill,875.257.8467x52774,samueltaylor@hotmail.com,Other,59,2024-10-03,7,13550.2
128,Katherine Henderson,046.494.0295x52681,nfrazier@sherman-shaw.net,Male,49,2020-08-28,35,37711.31
129,Virginia Floyd,386.870.4186,hannahfarmer@hotmail.com,Female,47,2021-07-14,56,40262.43
130,Anna Greer,001-024-644-6918x304,johnsoneric@yahoo.com,Male,36,2022-01-14,79,41499.02
131,Katelyn Wood,001-651-975-9617x31247,powelljamie@gmail.com,Female,43,2020-12-27,3,1816.72
132,Kaylee Manning,+1-434-010-9954x92031,stephentaylor@lawson.info,Other,23,2021-03-16,59,33397.55
133,Alan Young,784-655-9222,nbridges@mitchell.com,Other,31,2021-09-29,53,41109.91
134,Shawn Best,072.922.6287x93593,collierkaren@torres.com,Male,44,2024-06-12,33,18071.18
135,Kelly Walker,152-310-3815,deniseacosta@rogers.biz,Male,33,2025-01-15,10,44519.38
136,Trevor Lindsey,(468)797-7066x7161,brian51@johnson.biz,Male,31,2024-02-17,63,1000.07
137,Sara Marks,324.562.3919,laurenfloyd@gentry.com,Female,39,2022-06-17,18,42202.93
138,James Swanson,(077)944-0642x5464,zthomas@hotmail.com,Male,19,2025-02-14,90,21951.59
139,Laura Davis,841.938.2899x21108,kmurray@stephens.net,Female,25,2021-12-07,93,42554.85
140,George Wright,516.952.5638x6645,stevenmarshall@hotmail.com,Other,42,2023-08-29,33,39633.59
141,Amanda Palmer,8384081541,hughespatrick@yahoo.com,Other,46,2024-12-19,81,48718.71
142,Drew Garcia,(982)988-3774,turnervanessa@ponce-morales.com,Male,32,2020-05-29,3,13747.01
143,David Stein,(550)045-8565x1309,victoria65@hubbard.com,Other,33,2022-05-05,88,12026.85
144,Taylor Arnold,(391)119-5917x8753,sbrown@hamilton.net,Male,18,2021-04-05,31,49607.7
145,Patty Best,(582)072-5510x50483,kayla11@tran-rogers.org,Female,46,2022-11-15,97,21244.41
146,Howard Gibbs,276.496.5256x4811,wilsonsamantha@miller.com,Male,31,2024-05-20,28,14930.23
147,Jose Wright,938-904-2514x9854,george93@hotmail.com,Female,39,2022-02-14,54,12931.9
148,Joseph Hamilton,(314)477-2570x98256,aliciaeaton@martinez.com,Other,57,2023-04-29,38,16732.63
149,Kristin Young,320-956-9932,jenniferparker@phillips.biz,Other,44,2020-01-17,88,32533.15
150,Gerald Sutton,+1-546-774-4963x099,martinamanda@hotmail.com,Other,43,2022-04-02,57,11117.54
151,Susan Lee,001-817-724-5489,dwilson@levy-vega.com,Male,21,2024-11-13,95,2459.14
152,Dana Pacheco,937.130.9729,amanda35@yahoo.com,Female,26,2020-11-10,89,32352.09
153,Dr. Michael Bishop Jr.,(872)779-7068,stephanie52@gmail.com,Male,50,2020-03-12,24,37742.91
154,Zoe Johnston MD,+1-251-428-0550x98284,rachel85@yahoo.com,Female,18,2023-01-28,40,35487.07
155,Mrs. Catherine Williams MD,001-714-460-6947x841,ryansmith@green.com,Female,32,2021-10-06,1,12095.05
156,Matthew Patrick,(951)009-8267,paul57@gmail.com,Male,19,2022-11-24,73,11290.82
157,David Anderson,(177)759-0750,kimberlyhawkins@gmail.com,Other,28,2022-01-21,29,34429.22
158,Douglas Lin,672-417-7946,mary03@jenkins-gibson.biz,Other,29,2022-07-03,47,36612.05
159,Barbara Adams,389.321.8734x413,browncourtney@fleming.org,Other,46,2023-05-26,10,4559.46
160,Samantha Pierce,822-088-5737x338,ublackburn@hotmail.com,Male,23,2023-04-02,64,42688.66
161,Julia Evans,+1-102-480-0316x32197,emily33@gmail.com,Other,36,2023-05-29,23,22540.47
162,Diana Hall,001-592-721-3791x6167,xanderson@lewis-leach.com,Female,30,2022-11-09,95,14951.14
163,Leonard Shaffer DVM,(528)675-4527x79446,codyadams@hotmail.com,Male,39,2020-08-02,80,5604.2
164,Ronald Newton,(699)748-7126x090,jimmy47@hotmail.com,Female,46,2020-10-30,10,37673.23
165,Mrs. Krystal Matthews,341.569.5537x5415,cherylromero@case.org,Other,23,2024-03-26,96,25872.33
166,Brandi Lambert,995.183.8695x187,chelsea62@gmail.com,Other,31,2021-04-27,26,42459.48
167,Joanna Wilson,702-331-7137,groberts@gmail.com,Female,53,2023-07-27,41,40863.79
168,Kelly Jones,001-371-853-3632,whitakergary@moody-martinez.biz,Male,41,2022-09-04,82,38579.1
169,Carol Porter,+1-932-078-8110x093,elizabethcarter@garrett.net,Male,56,2021-08-06,81,39556.59
170,Daniel Hernandez,975-779-6643x1825,williamspaul@gmail.com,Male,24,2024-01-19,70,36468.49
171,Mariah Smith,001-222-012-6489x7170,jaclynchoi@ingram.com,Female,60,2023-02-19,73,29558.32
172,Jennifer Johnson,147-927-0496x667,fwang@gmail.com,Other,20,2020-09-26,97,31220.24
173,Emily Miller,(180)006-0770,chavezgreg@nash.biz,Male,30,2020-03-09,24,46641.66
174,Emily Yates,(501)209-7845x1139,haneysteven@hunter.com,Female,54,2024-07-26,32,35617.82
175,Robert Nguyen,+1-243-186-1522x990,amy40@yahoo.com,Male,37,2021-04-12,80,6108.04
176,Laura Campbell,(185)349-9420x0695,cookmargaret@ortega.com,Female,46,2023-09-12,41,37787.49
177,Anthony Robinson,(956)396-7758x645,rmurphy@evans.com,Other,40,2020-06-29,26,38881.9
178,Sarah Stone,114.388.1992x7375,qbutler@hotmail.com,Other,44,2022-05-28,87,16439.04
179,Jennifer Scott,193.481.1801x161,melissarobinson@yahoo.com,Male,35,2021-02-04,49,26923.77
180,Taylor Davis DDS,(256)866-7843,yfitzgerald@yahoo.com,Male,36,2023-07-31,61,18405
181,Connor Stephens,001-918-477-2604x904,patrick93@hotmail.com,Female,23,2024-04-21,57,24519.65
182,Joseph Huynh,(788)587-9211,zmartinez@yahoo.com,Male,41,2022-11-28,53,11208.87
183,Patrick Moore,001-633-764-3994,reynoldslauren@williams-lee.info,Male,56,2021-03-09,99,39770.89
184,David Jones,(061)739-2294,marynovak@carroll-watkins.biz,Female,18,2023-07-01,57,31898.1
185,Laura Fuller,4836044005,uwolfe@sanders.com,Female,47,2023-06-18,18,40570.37
186,Jessica Harrington,016-365-0749x410,gmatthews@duarte-jenkins.info,Other,19,2023-11-16,48,39725.69
187,Tiffany Romero,799.187.4931x7832,melissaramirez@yahoo.com,Male,27,2020-05-02,14,32722.41
188,Dr. Jennifer Phelps,+1-034-604-9939,mcclainjames@johnson-reese.org,Male,48,2020-11-05,61,19357.04
189,Steven Mendoza,(284)902-6886,xrodriguez@hotmail.com,Other,19,2022-06-20,5,27846.27
190,Erin Nash,001-026-003-5121x92257,kimberlyjohnson@hotmail.com,Female,33,2023-10-23,33,22211.59
191,Dalton Hartman,(749)238-9626,joseph70@hotmail.com,Other,59,2020-10-09,36,33586.92
192,Bernard Diaz,001-942-598-9875x0725,rachel22@montes.info,Male,47,2022-05-10,7,24799.61
193,Roy Powell,(669)675-0267x5914,ganderson@miller.com,Female,37,2023-03-31,86,15495.27
194,Latoya Valdez,+1-601-068-0972x905,scottbarbara@huang.net,Other,49,2025-01-05,81,26227.22
195,Ryan Henson,(734)301-4699x6399,sandymccullough@jones.com,Female,24,2023-05-21,57,24353.45
196,Diana Hutchinson,(017)629-5853,johncarr@hotmail.com,Male,47,2021-04-15,41,45819.31
197,Courtney West,052.228.7871,howelltimothy@wolfe.com,Female,44,2020-02-10,66,7980.86
198,Thomas Miller,(417)607-5977x7861,yrojas@yahoo.com,Other,47,2022-03-10,46,39500.05
199,Shawn Hicks,001-219-755-9275x6255,mariawatkins@yahoo.com,Other,23,2021-01-11,67,43767.86
200,Teresa Davis,(356)199-8554x11272,derek37@wood.info,Female,58,2023-08-10,19,11588.87
201,Dennis Nelson,546.909.5534x913,jeremy76@murphy-peters.com,Other,45,2020-12-16,28,28701.86
202,Megan Wang,122.560.8491x122,brownkatie@hotmail.com,Female,42,2023-01-08,8,18516.92
203,Emily Dean,5377313060,ypayne@yahoo.com,Female,44,2020-07-15,81,37190.57
204,Carrie Werner,6486553750,mendozakristine@rodriguez-humphrey.net,Male,30,2021-12-29,18,29349.89
205,Candace Watkins,346.999.9493,jameskennedy@gmail.com,Female,26,2020-02-02,65,21474.47
206,Gabriella Murray,119.403.0280,jenkinsroger@jordan-walker.org,Female,41,2020-03-05,52,18156.95
207,Jonathan Hernandez,+1-879-934-8897,thomas20@bell-reyes.com,Female,20,2025-02-13,28,47255.65
208,Mrs. Kerry Anderson MD,001-810-476-8685x2624,cindyhuff@morrow.org,Male,56,2024-11-16,89,23433.02
209,Ralph Barry,(165)290-4364x0431,eric54@hotmail.com,Female,41,2023-07-31,95,40731.12
210,Amy Mann,(756)409-9876x537,jennifer89@higgins.biz,Female,23,2021-08-23,62,22321.4
211,Michael Brown,745.076.1702x215,jameswilliams@nguyen.com,Other,52,2024-03-21,89,14280.52
212,Gilbert Cooper,001-363-679-8219x306,carrolljohn@pham.com,Male,30,2023-01-19,59,14303.82
213,Shawn Schneider,(349)564-0854,carmensosa@gmail.com,Male,46,2021-11-22,2,43280.32
214,Jamie Gonzalez,+1-890-563-0393x89972,nancygutierrez@collins.com,Other,23,2022-12-10,36,47225.06
215,Kathleen Davis,+1-317-310-1626x8615,heatherlamb@yahoo.com,Other,58,2020-10-24,57,47534.27
216,Justin Glenn,001-759-549-2874,cody50@perkins.com,Male,31,2020-02-12,45,45165.33
217,Megan Horton,001-948-092-1493,jensenrichard@gmail.com,Male,54,2023-01-02,61,9014.41
218,Jeffrey Taylor,293.300.3880,dakota55@perez.com,Male,22,2021-01-14,41,32182.01
219,Chad Williams,352-898-8774x08619,julieconley@hotmail.com,Female,36,2021-07-15,3,18091.32
220,Jeremy Ford,001-259-951-7236,davisheather@thomas.net,Female,40,2022-01-17,51,18720.03
221,Michelle Maxwell,381.067.8146x1066,ywilliams@hotmail.com,Male,41,2024-05-02,22,40166.94
222,Nicholas Bray,001-073-008-3699x2238,heather51@walton.com,Female,60,2024-07-30,32,7556.84
223,Hector Richards,(666)803-5342x47933,michael44@clarke.com,Female,42,2024-04-22,45,13669.56
224,Bryan Green,001-549-291-2220x5825,william94@buckley-fry.com,Other,23,2021-10-29,41,46383.94
225,Jamie Leonard,138-409-3994,bonniequinn@lynn-gonzalez.com,Female,49,2024-02-06,70,37531.31
226,Lindsey Lee,001-228-401-3627,gbailey@hotmail.com,Other,32,2021-12-05,74,1630.25
227,Lauren Smith,+1-355-322-2664,joanna09@hotmail.com,Male,37,2022-08-06,94,11420.61
228,Billy Hill,(980)588-3668x1589,xmurphy@simmons-gutierrez.org,Other,43,2021-02-12,23,25218.15
229,Mary Gibson,001-281-693-0078,anthonyjohnson@may.net,Female,18,2025-02-04,21,42993.93
230,Mr. Jesus Chen,+1-217-483-8587,xmckee@villanueva.com,Other,32,2022-02-13,46,44532.13
231,Christopher Munoz,502.378.9138,pthornton@hotmail.com,Other,57,2021-01-03,71,33478.6
232,Amanda Smith,739.840.0322x48584,meghanwilliams@hotmail.com,Female,48,2023-07-10,40,35896.71
233,Courtney Jackson,826-760-9961,floyddaniel@mclaughlin.net,Male,60,2020-10-13,37,36590.64
234,Amy Wilson,170-179-4955x64746,holly09@garcia.com,Female,43,2020-07-09,46,12628.58
235,Darryl Brown IV,(064)636-9067x08885,warrenlori@todd-ortiz.com,Male,50,2025-02-05,66,1052.17
236,William Bruce,5868998573,swilliams@hotmail.com,Female,45,2020-04-25,1,37962.1
237,Cynthia White,419.087.0132x1420,lopezpatrick@campbell.com,Other,31,2024-03-02,49,1599.14
238,Andrew Huber,(206)810-1800,chelsea85@olsen.org,Male,46,2025-02-22,57,22831.11
239,Christina Moore,0568605216,nicholasbanks@gmail.com,Male,33,2023-06-01,48,45611.47
240,Kristin Whitney,275.313.8261,dberry@yahoo.com,Female,44,2024-05-29,12,6829.59
241,Erin Norton,395.619.5064x339,robert97@hotmail.com,Female,18,2024-01-17,13,41037.36
242,Amber Paul,001-523-371-5442x415,nelsonjohn@moss.com,Male,49,2023-09-23,99,31664.78
243,William Jackson,(632)421-7563,alexismcgee@hotmail.com,Male,38,2024-12-08,29,40620.09
244,Terri Cox,579.197.7477x1209,flopez@hotmail.com,Male,47,2024-01-25,28,5638.77
245,Kylie Blake,(005)592-8330x6375,james24@yahoo.com,Other,60,2022-10-13,23,43057.76
246,Jennifer Davis,+1-909-634-9083x291,abigail83@mendoza.com,Male,45,2022-01-23,30,25079.29
247,Thomas Hernandez,7733503916,lgarcia@gomez.com,Female,29,2020-10-02,27,14991.16
248,Diana Taylor,936.756.8030x643,vbond@ramsey.com,Other,28,2020-08-07,70,16599.79
249,Gina Khan,+1-876-580-2747x43376,thomaswilliamson@robinson.net,Other,26,2023-07-08,49,11441.44
250,Kevin Smith,001-444-192-1233,jonesmark@yahoo.com,Male,42,2021-08-20,25,46208
251,Michael Tran,681.105.0685,knielsen@hotmail.com,Other,30,2023-02-18,49,6491.84
252,Robert Conrad,001-833-176-5634x389,jacobfinley@gmail.com,Female,32,2024-04-11,14,3920.42
253,Carrie Parks,6472614488,hahnkaylee@knox-logan.net,Female,22,2024-09-06,62,30757.13
254,Kristen Smith,406.621.0703,melissa45@pitts-martinez.info,Male,39,2021-04-01,30,31717.08
255,Kathy Boyd,584.913.7477,kari87@reyes-brewer.com,Male,59,2024-03-23,27,31909.75
256,Patrick Smith,001-399-850-4175,debra96@daugherty.net,Female,58,2022-12-28,76,46174.88
257,Nina Villanueva,007.698.0737x35306,yorkwhitney@le.com,Other,46,2020-11-09,64,17741.84
258,James Mann,(004)115-9744x324,christopher96@yahoo.com,Other,46,2024-03-04,61,14485.23
259,Cheryl Spence,5709132006,wooddonna@mclaughlin-shepard.com,Male,23,2024-06-04,61,38128.34
260,Michael Meyers,001-237-075-4776,james21@hotmail.com,Female,48,2022-01-27,73,22961.63
261,Allison Hicks,020.367.4704x4860,susandiaz@coleman.biz,Female,29,2022-11-24,5,34859.18
262,Christopher Taylor,731-045-5963,simonlauren@yahoo.com,Female,33,2023-01-08,92,46914.41
263,Mary Hodges,(162)356-1205x8955,christinashaw@price.com,Other,55,2023-07-02,52,17447.91
264,Beth Young,939.175.0546x57348,chelsey70@duncan.biz,Other,56,2020-04-11,4,30599.75
265,Kyle Brown,(882)273-3397,ericmoran@yahoo.com,Male,50,2022-03-10,69,16089.68
266,Tracy Perez DDS,861.737.8317x7083,danasims@gmail.com,Male,55,2024-06-03,34,32082.61
267,Willie Conley,342.486.6893x1819,christopher69@gmail.com,Female,32,2021-07-06,6,3079.47
268,Nicholas Harrison,(252)959-2153,iheath@peterson.com,Male,32,2020-02-05,38,43232.91
269,Brian Weiss,001-293-400-2350x103,fitzgeraldjeff@hotmail.com,Male,31,2024-08-25,13,40756.7
270,Stephanie Phelps,(463)852-5432x688,margaretpotter@gmail.com,Other,47,2022-07-28,61,43940.38
271,Denise May,001-804-378-9433x7424,brittanyarmstrong@yahoo.com,Male,44,2021-03-26,57,8945.43
272,Marie Marks DVM,+1-895-482-4144x193,cheryl61@gmail.com,Other,35,2020-01-06,15,41091.75
273,Theresa Nixon,001-792-417-2067x239,john44@hotmail.com,Male,18,2022-07-12,96,7595.06
274,Norman Scott,001-608-741-0097x51100,melissa02@flynn.net,Female,33,2024-04-03,13,9789.06
275,Ashley Woods,608.647.7941,skane@simpson.com,Other,36,2022-07-18,53,19833.3
276,Joshua Cox,(854)073-0268,bryanharris@johnson-rodriguez.com,Female,45,2024-09-28,10,2845.32
277,Noah Hanson,341.403.6859x776,gary15@vargas-garcia.biz,Other,20,2020-01-02,49,48705.85
278,John Nguyen,001-804-617-5082x5499,cmoore@gmail.com,Male,20,2020-07-28,33,28709.05
279,William Soto,481-183-3534x8638,simmonsduane@yahoo.com,Female,47,2022-07-27,22,27087.39
280,Michael Lucas,(811)766-2583,alison63@gmail.com,Male,49,2020-03-06,69,14271.88
281,Mary Rhodes,4328010779,mbailey@gillespie-petty.com,Other,56,2023-04-24,44,33059.95
282,Jamie Simmons,058.798.2790x102,mullentyler@bentley.com,Other,23,2022-08-14,70,35529
283,Jeffery Clark,+1-787-321-1405x577,noah06@hotmail.com,Other,52,2023-12-21,33,35403.99
284,Mark Wilson,+1-105-998-5265x67683,mackrichard@walker.com,Other,25,2021-10-20,61,37440.69
285,Gary Crawford,446.278.7700x18367,kaitlinwilliams@murphy-gilbert.com,Other,42,2022-03-12,5,1405.04
286,Jillian Ford,(935)798-7733,kimberly48@hughes-walsh.com,Male,53,2022-02-10,66,15720.62
287,Sonya Kelley,372-843-0547x401,danielthompson@townsend-atkinson.biz,Female,28,2023-03-09,17,38511.23
288,Stacey Lewis,001-905-286-7526x9727,christinemason@garrison-mata.com,Female,56,2023-08-12,8,46734.03
289,Christian Scott,+1-085-941-7455x7304,joshua29@gmail.com,Male,37,2021-10-25,8,28707.99
290,James Richardson,001-493-822-6252x53539,kjohnson@johnson.org,Other,48,2022-07-29,54,44000.4
291,Joseph Wheeler,001-647-015-5226x9238,pbartlett@yahoo.com,Other,52,2022-08-31,12,40361.78
292,Michelle Nelson,+1-623-834-0829,lijacqueline@gmail.com,Female,34,2020-06-01,10,29313.63
293,Angel Craig,001-982-972-8008x9592,kford@robinson-wilkinson.com,Male,36,2024-09-04,11,17308.87
294,Charles Bruce,(622)347-2608x23877,gilbertbrian@gmail.com,Male,41,2023-01-20,60,44962.89
295,Kristi Rodriguez,622.927.5557x25422,smendez@hotmail.com,Other,50,2024-12-12,42,19525.17
296,Kenneth Murphy,+1-087-645-6668x74138,patricia58@gmail.com,Male,27,2024-09-25,67,49034.24
297,Christopher Rivera,007-764-9047x2557,ewilson@yahoo.com,Male,52,2021-04-29,33,21614.72
298,Mary Douglas,001-475-022-5898x96662,xflynn@fox.biz,Other,42,2023-11-03,20,29120.05
299,Angel Rosales,760.802.6001,nealjacqueline@phillips.com,Female,51,2020-11-14,35,5923.32
300,Donna Turner,001-175-127-0934,romerocourtney@fox.com,Male,35,2022-01-15,13,25441.99
301,Jacqueline Reed,886-562-4596x64778,anthony98@sheppard.info,Female,49,2024-05-01,60,16792.33
302,Ryan Pennington,+1-462-782-9738,bakerdebra@yahoo.com,Other,37,2024-07-30,61,33155.12
303,Luke Lowe,+1-502-815-7730x2704,poolematthew@flores-jimenez.com,Other,27,2021-12-26,58,16223.96
304,Russell Perry,+1-889-609-5619x5123,emma37@berry.info,Male,34,2024-06-07,59,28963.29
305,Melissa Griffith,+1-670-305-9960x08713,daviswilliam@hotmail.com,Female,29,2021-07-16,9,42340.63
306,Taylor Hernandez,001-460-666-3106,claire24@martinez.info,Other,42,2022-10-29,9,18798.85
307,Cynthia Willis,(786)806-7633x6431,cbowman@baker.com,Other,39,2021-12-29,55,28871.3
308,Kimberly Sosa,(528)633-7564,tuckeranthony@yahoo.com,Male,58,2023-09-13,72,45890.25
309,Lindsey Nguyen,900.990.4659,baldwinalyssa@morales.com,Other,27,2020-01-12,77,8444.41
310,Savannah Scott,013.669.5779x078,chensean@casey.org,Female,52,2024-03-08,63,13072.09
311,George Rogers,187.361.2240,parrishdustin@gmail.com,Female,59,2020-03-31,15,11591.87
312,Maxwell Nunez,(720)607-3164x926,hernandezanna@bailey-lane.com,Other,30,2024-12-25,84,20425.69
313,Bryan Mills DVM,001-194-637-7906x23304,johnsonallen@yahoo.com,Female,50,2021-12-27,15,40683.75
314,Deanna Williams,001-439-282-2104x65856,khill@gmail.com,Other,33,2021-03-24,48,19688.4
315,Alexandra Morrow,9070507599,james16@gmail.com,Other,18,2020-09-28,21,5736.3
316,Collin Watson,(395)114-2217,frederick61@ford-cruz.org,Other,59,2024-03-25,95,22438.26
317,Reginald Luna,001-596-754-0476x5206,vcraig@yahoo.com,Other,54,2022-04-13,96,47909.5
318,Randy Forbes,727-836-1255x2522,glenn59@benton.info,Male,23,2021-02-01,93,6219.61
319,Debbie Hernandez,+1-734-941-2815x409,mark57@thompson.org,Other,47,2024-12-19,53,11183
320,Tonya Martin,001-474-266-2189,pattonmary@yahoo.com,Male,47,2021-08-19,98,35151.81
321,Daniel Ellis,077.575.6144x63399,ugraham@cole.net,Female,53,2022-10-06,96,36498.8
322,Victor Reeves,514.723.3933,elizabethpena@rubio.com,Male,21,2023-10-11,69,5003.6
323,Melissa Chen,+1-488-462-6945x36307,hernandezjoshua@nelson.biz,Female,40,2024-08-08,41,25309.83
324,Sabrina Garcia,001-351-362-6481x2066,michael92@griffith.com,Male,31,2021-07-09,96,18144.42
325,Andrea Page,+1-379-866-2445,maldonadojoseph@yahoo.com,Male,45,2022-01-31,54,4950.65
326,Justin Cooley,(416)427-6484x13461,brendawilliams@jones.com,Female,37,2021-02-21,71,44874.93
327,Austin Davis,+1-910-261-6868x64250,robertmendez@gmail.com,Other,50,2020-01-01,27,17993.62
328,John Robinson,180.154.2792x605,ucooke@yahoo.com,Male,53,2020-03-28,61,7665.3
329,Michael Green,5171003665,cmendoza@campbell.info,Female,19,2022-06-02,52,9004.22
330,Jaime Cobb,7041752966,nataliethomas@hotmail.com,Female,29,2020-11-14,61,45326.35
331,Elizabeth Gibson,157.944.4821x15825,nmeyers@ferguson.com,Male,46,2023-06-03,55,36541.5
332,Sarah Neal,957.911.2941x89261,wbryant@hotmail.com,Other,23,2020-04-18,81,20630.93
333,Rose Dyer,(565)394-8967x867,victoria97@davis.com,Male,59,2022-11-20,77,22918.6
334,Rebecca Patel,+1-173-379-3883x237,ilarsen@warren.info,Male,27,2021-05-28,50,45934
335,Johnny Rivas,(413)020-9877x886,pattontamara@garcia-pope.net,Female,34,2024-11-28,70,40903.52
336,James Jenkins,(473)352-7415x3168,jeffrey59@hotmail.com,Female,58,2021-05-31,70,42816.37
337,Amber Kelley,(542)819-9649x6602,millerheather@jackson.com,Female,60,2020-07-14,10,40581.23
338,Terri Rios,001-290-346-6972x7555,ysmith@hotmail.com,Female,32,2023-01-17,14,42111.1
339,Crystal Cooper,917.136.1429x93512,williamsmelissa@pace-fowler.info,Other,51,2023-09-27,59,18863.05
340,Raymond Jensen,154-931-1332x78840,nicolebrown@hotmail.com,Male,39,2020-04-20,15,8999.26
341,Gregory Williams,639.893.8512x0458,ismith@hotmail.com,Male,38,2023-08-22,55,20200.06
342,Troy Thompson,453-980-6547,hernandezlisa@bauer-turner.net,Other,18,2025-01-30,2,39299.95
343,Francisco Perry,001-598-581-3079x9682,webbrebecca@yahoo.com,Other,48,2024-05-22,26,49344.67
344,Michelle Gonzales,(188)967-3265,mevans@morgan.com,Male,28,2024-09-15,44,45772.34
345,Tanya Pope,(901)692-3231,michael43@ayala.com,Female,31,2020-07-05,21,42487.84
346,Craig Austin,(419)958-9196,jessicamaxwell@arroyo.com,Male,19,2022-10-05,30,40948
347,Andrea Ward,609.629.1691x82302,jenniferhiggins@yahoo.com,Female,55,2024-03-19,44,46692.58
348,Raymond Johnston,140.615.6189x24523,baileywilliams@hotmail.com,Other,37,2020-02-19,48,30479.76
349,Anthony Gonzalez,+1-429-621-4236x8339,ymorris@foster.org,Male,38,2023-12-21,48,11462.76
350,Traci Campbell,322-963-0003x444,justinevans@gmail.com,Male,47,2020-12-30,86,37760.74
351,Jose Mercer,575-777-1349x0020,wendy09@hotmail.com,Other,35,2022-06-21,52,6511.61
352,Monica Young,7242666967,kevin04@madden.org,Female,60,2021-04-09,95,47885.27
353,Chelsea Colon,842.376.4444x1385,timothy20@stone.com,Other,18,2021-07-19,80,25294.45
354,Ashley Parker,+1-352-334-0043x521,atownsend@smith.net,Other,39,2023-04-28,55,37909.25
355,Jeff Haynes,438.679.4302x6640,william20@knight.com,Female,34,2022-06-07,13,20998.77
356,Eric Mckinney,(193)225-9670x4477,debra53@williams-reynolds.com,Other,30,2021-11-13,24,46345.67
357,Debra Lane,(567)818-9220,danielgomez@fischer.com,Male,53,2023-05-20,82,4192.82
358,Dustin Jones,+1-838-187-7543x726,melvin57@crosby.org,Female,42,2020-04-24,5,15916.03
359,Jeffrey Pruitt,853-362-8913,danielle47@moon.net,Female,22,2024-11-12,87,19326.38
360,Tracy Stout,432-620-7367,shawnstone@taylor.biz,Male,28,2021-01-24,17,49576.72
361,Stanley Moore,408.115.9151,lindsey92@yahoo.com,Male,49,2020-06-30,22,6028.93
362,Corey Campbell,334-643-3949,browningjanice@aguirre.info,Male,42,2022-04-18,88,10287.55
363,Keith Williams,499-788-4740x762,justin22@gmail.com,Other,22,2020-01-03,96,7140.16
364,Timothy Wright,001-936-992-0573x40217,donald87@yahoo.com,Other,25,2024-11-30,85,49661.97
365,Susan Shepard,897-169-3401x66760,erodriguez@gmail.com,Other,32,2021-02-16,74,24212.82
366,Nancy Hunter,(198)365-5401,millersamantha@hotmail.com,Other,40,2021-07-20,53,6315.48
367,Travis Estrada,+1-729-148-9181x249,watsonjean@yahoo.com,Female,42,2020-01-12,11,20871.18
368,Stephen Johnson,(973)688-9746x623,usanchez@maynard.biz,Male,41,2021-03-20,27,17723.79
369,Adam Kent,997-498-5050,mannbryan@hotmail.com,Male,60,2022-11-05,61,3720.41
370,Joe Coleman,+1-658-142-5901x833,twalker@hotmail.com,Other,24,2024-01-18,62,29535.78
371,Nancy Herman,001-852-690-8047x93454,zholt@valentine-miller.org,Female,25,2022-05-16,91,26454.99
372,Kelly Church,584.703.9197x64708,austinadam@williams-mitchell.com,Male,25,2021-10-20,47,34080.18
373,Benjamin Thompson,001-200-777-1319,russell24@lopez.com,Female,27,2022-06-03,23,38933.03
374,Maria Rodriguez,6136072300,kathymata@gmail.com,Male,58,2021-08-23,32,14828.85
375,Brent Garcia,7149678015,fjackson@gmail.com,Other,49,2021-08-25,46,14318.81
376,Donald Davidson,952-965-1437,osaunders@johnson-holland.net,Female,26,2021-11-20,70,48384.2
377,Leroy Holt,001-557-699-9811x336,catherine29@gmail.com,Male,35,2021-04-16,86,12033.67
378,Joseph Joyce,038-356-2993,ericdunn@willis-lyons.biz,Other,60,2021-07-12,56,13892.07
379,Suzanne Moore,111.881.5618,sharon16@hotmail.com,Other,54,2022-09-30,67,21496.42
380,Cheyenne Gomez,6181637565,alexandra08@anderson.com,Female,60,2024-11-16,19,17366.2
381,Brandon Rodriguez,449.201.8591x1506,troy98@hotmail.com,Other,42,2021-05-18,19,4002.97
382,Isaac Ramos,001-924-014-7660,annette70@gmail.com,Female,33,2024-10-18,63,41326.07
383,Suzanne Wright,502-472-4355x52726,alvarezmatthew@ponce-black.com,Other,24,2022-07-28,57,10733.35
384,Tanya Foster PhD,055-404-1843,brandon27@palmer.org,Other,57,2020-12-10,57,35248.47
385,Steven Gallegos,001-164-544-6907,megan26@yahoo.com,Other,29,2024-03-26,69,17624.38
386,Michael Brooks,669-956-3123,moranjerry@gmail.com,Male,41,2024-12-10,59,15204.02
387,Elizabeth Erickson,+1-210-607-6989x4400,amandajones@yahoo.com,Female,30,2022-08-24,89,6792.57
388,Cheryl Buchanan,915.873.8586x048,austinpierce@lee-oliver.com,Female,41,2024-08-07,65,34557.68
389,Emily Thomas,292-793-8755x8304,zgarcia@dunn.com,Other,46,2020-07-09,54,13891.2
390,Thomas Colon,+1-174-114-3103,freemancarol@yahoo.com,Male,57,2020-03-28,91,5243.41
391,Kristine Berry,785.638.7857x533,bennettmichael@yahoo.com,Female,52,2020-01-10,46,13885.65
392,James Thompson,5727664425,priscilla46@johnson.org,Other,58,2022-03-13,11,29930.97
393,Meagan Thomas,+1-451-761-7300x074,cobbdavid@hotmail.com,Other,24,2022-12-08,12,35184.27
394,John Smith,790-446-4887x07771,graydaniel@friedman-nichols.org,Other,48,2024-06-25,74,11885.36
395,Wendy Bruce,+1-114-557-0237,vcampbell@tucker.com,Male,40,2022-12-22,90,3736.91
396,David Morgan,(907)013-6996x1057,amanda05@yahoo.com,Male,23,2021-01-26,86,47801.83
397,Mark Frederick,(801)473-7569x727,wthomas@ashley.com,Male,25,2023-11-15,33,3883.91
398,Kara Gibson,241-489-7139x53280,nwhite@martin.com,Male,31,2022-06-05,90,33842.8
399,Cheryl Parsons,998.315.9744x81905,dana93@yahoo.com,Female,53,2021-06-23,28,35263.92
400,Nathan Pearson,001-745-201-5647x126,gcooper@woods-stanley.com,Other,25,2022-01-17,52,17344.08
401,Carl Wright,754.386.3918x353,jameswashington@yahoo.com,Female,34,2022-04-08,98,44980.45
402,Terry Nichols,001-498-320-1431x37679,timothy01@hotmail.com,Female,50,2024-09-30,26,44191.53
403,Jillian Ford,001-991-093-6253,rodonnell@yahoo.com,Male,25,2022-11-09,63,27791.58
404,Ricky Potter,(916)324-5567x0922,andersonpaula@graham-robertson.com,Female,40,2021-04-17,90,32435.16
405,Mr. Brian Wang MD,001-999-854-5324x8656,barrettmelissa@hotmail.com,Male,40,2024-06-14,17,12134.26
406,Mrs. Wendy Jones,590-414-7658,fernandezcrystal@scott-carpenter.info,Other,50,2020-06-03,18,35943.21
407,James Thompson,(833)079-3469x624,robertskyle@yahoo.com,Male,29,2024-02-07,70,29572.12
408,Elizabeth Martinez,052.890.9524x5477,uprice@bruce-estes.com,Male,33,2023-04-26,99,28042.57
409,Travis Fitzgerald,(478)014-6380x09246,omoreno@smith.com,Male,42,2020-08-22,14,17255.69
410,Alexandra Harrison,+1-809-233-3105x885,jasonrogers@hotmail.com,Male,37,2021-02-21,60,38613.28
411,Rachel Cannon,130-235-2494x4559,cynthia52@gmail.com,Male,19,2020-09-04,59,40165.75
412,Mrs. Shelby Rubio,354.900.7140x907,brandonhall@hotmail.com,Male,48,2022-09-17,59,9020.19
413,James Hart,(565)232-2111x9021,whitetonya@lane-austin.net,Other,36,2023-02-23,28,17029.07
414,Tanya Garcia,001-229-495-8594x321,webermatthew@ochoa-johnson.net,Other,35,2020-07-25,18,15023.55
415,Joshua Solis,(582)700-0253,parkmichelle@gmail.com,Other,20,2020-11-15,74,32617.07
416,Tammy Reyes,6369652794,qanderson@yahoo.com,Other,31,2023-10-13,78,30527.61
417,Michael Deleon,001-834-706-5188x46064,regina72@hotmail.com,Female,56,2021-04-24,60,16876.74
418,Paula Villarreal,(771)618-3559x9523,zrodriguez@hotmail.com,Male,55,2023-03-13,91,11432.26
419,Carmen Thompson,083-559-3764,ojohnson@hotmail.com,Other,18,2021-05-21,87,4045.67
420,Melinda Wells,+1-873-219-2950,nlester@benson.com,Male,56,2022-04-27,86,20440.98
421,Jorge Richards,001-726-476-5568x10841,markskenneth@adams-green.com,Male,35,2020-06-19,12,32072.26
422,Miranda Arellano,046.757.5830,michellehoffman@cowan.biz,Female,51,2020-08-10,76,28934.8
423,Matthew Johnson,001-252-772-0597,kathryn81@gmail.com,Female,25,2025-01-08,25,40739.39
424,Jessica Henry,(454)292-2227,brianfernandez@howard.org,Male,24,2020-11-02,85,11775.85
425,Kimberly Leach,(695)067-8950x409,lozanokristie@gmail.com,Female,37,2023-11-06,18,13551.45
426,William Riley,824.418.9780x39538,marshallmatthew@hotmail.com,Male,49,2023-01-08,19,12795.61
427,Mary Owens,(336)139-1533,qcosta@hotmail.com,Male,45,2022-11-06,43,1008.31
428,Cynthia Cook,530.509.8635x42742,nelsondavid@gmail.com,Male,60,2020-10-13,30,13074.88
429,Adam Gonzalez,+1-240-870-5286,pgoodman@dennis-johnson.com,Male,29,2022-04-30,43,17342.65
430,Jasmine Barnes,831-898-5866,jeremy93@yahoo.com,Female,21,2025-01-10,6,12073.88
431,Alejandro Gould,(042)215-5072x543,daniel64@robles-cooper.com,Male,60,2020-08-05,63,34004.54
432,Paula Banks,697-674-2883x0692,wellsbrian@yahoo.com,Male,51,2021-08-27,26,7244.18
433,Mary Cardenas,684.700.5298x7106,david01@davis.com,Male,27,2022-06-19,82,35952.97
434,Daniel Olson,400-602-3113,dperez@adams-young.biz,Male,58,2020-02-14,47,19696.72
435,Amber Whitehead,(295)945-4177x12923,xday@hoover.net,Other,20,2025-01-03,4,19438.56
436,Thomas Hale,136.142.2317x95309,thunt@yahoo.com,Female,42,2023-04-30,65,11784.18
437,Kimberly Johnson,(317)700-4884,pevans@yahoo.com,Other,31,2022-01-12,56,22879.34
438,Rachael Anderson,625-095-7758,daviserica@duncan.com,Other,45,2023-04-12,90,33361.1
439,Jeremy Jones,620-496-4933x717,jake44@yahoo.com,Female,49,2023-08-24,45,47981.93
440,Linda Gonzalez,001-619-713-3758x970,kimberlycoleman@gmail.com,Other,33,2023-08-18,87,44242.86
441,Aaron Harrington,703.705.2516x4347,nicolelee@watson.net,Other,30,2021-12-16,27,2878.07
442,Jessica Lopez,001-705-493-5011x1348,pwhite@gibson-bolton.biz,Female,58,2024-04-30,49,27913.17
443,James Brown,+1-707-999-0367,kvega@downs.com,Female,19,2022-03-22,91,40163.08
444,Michael Mcdonald,518.914.9674,tylerthomas@hotmail.com,Other,27,2024-02-25,16,44587.52
445,Shane Christensen,(531)636-6599x11952,chavezryan@hotmail.com,Other,18,2023-02-13,28,47314.25
446,Anthony Bryan,(349)646-4770x59482,hannahbrown@hotmail.com,Female,30,2023-11-06,66,47342.95
447,Karen Reyes,895-939-4568x6938,catherinebarry@hotmail.com,Male,42,2024-06-13,88,17159.05
448,Justin Tran,256-512-0037x70425,rose42@barron.org,Male,31,2024-11-05,64,4912.42
449,Richard Dean,+1-691-391-0545,rbowen@gmail.com,Male,19,2022-03-31,33,7212.68
450,Taylor Parsons,(484)498-6148x81436,pollardjesse@thompson.com,Female,56,2020-04-01,77,14401.89
451,Deborah Shields,572-605-3053x57645,vosborne@brown-jordan.info,Other,21,2021-08-11,97,26914.13
452,Laurie Porter,(255)866-6097x519,danielle90@jones-bell.com,Male,45,2021-10-27,99,36607.42
453,Tasha Perez,079.903.6832x679,devonsanders@hotmail.com,Female,38,2022-05-04,73,28432.74
454,Rodney Freeman,772.921.2029x275,kevintucker@hoffman-clark.com,Male,20,2021-10-11,100,36716.91
455,Jose Finley,198.284.9562x5674,rlee@garrett-graham.com,Male,59,2021-10-13,41,10115.89
456,Cassandra Rogers,950-938-8428x398,mwilliams@yahoo.com,Other,57,2022-02-19,44,10068.01
457,Jennifer Daniel,349-052-8800x0364,wgarcia@johnston-perry.com,Male,58,2020-10-17,67,24415.38
458,William Pennington,608.056.8365x302,psmith@yahoo.com,Female,27,2023-09-10,92,42735.24
459,Patricia Campbell,6446964072,garzalogan@boyle-patterson.net,Female,60,2025-01-30,14,29469.09
460,Lisa Myers,+1-093-106-2471x3600,qjuarez@valencia-stone.com,Female,43,2021-09-21,13,3627.69
461,Rodney Rogers,(248)091-5849,xhawkins@cox.com,Male,27,2024-01-25,30,37687.81
462,Michelle Stewart,384-237-9302,kenneth77@owen-clark.com,Female,46,2020-05-10,37,22802.38
463,Denise Cummings,001-223-954-1151x093,devinyoder@hotmail.com,Male,39,2022-06-12,17,42719.32
464,Sarah Molina,+1-699-215-7616x0733,jesushall@burton-ryan.com,Other,20,2020-05-05,65,29409.86
465,Richard Morrison,3006627485,knightgarrett@blanchard.org,Other,43,2024-10-22,36,7330.79
466,Julia King,+1-205-785-3159x09131,vgreene@roach.org,Female,33,2023-11-21,71,21955.61
467,Gregory Duran Jr.,769-134-1424,brian42@baker.com,Female,38,2022-11-14,33,48647.06
468,Kelly Villa,609.221.5083x47166,jameseaton@hotmail.com,Male,56,2020-01-20,20,26066.04
469,Miss Jessica Rogers,001-790-082-9610x876,oscarskinner@hotmail.com,Male,23,2020-09-09,7,3797.02
470,Alexander Braun,281-338-3215x38914,christopheryoung@hotmail.com,Male,33,2024-01-30,42,35619.4
471,Teresa Watkins,+1-279-332-0215x20833,whill@gray-moran.com,Male,60,2022-10-30,40,25477.8
472,Timothy Chavez,+1-400-511-4131x0521,ssmith@moody.org,Female,49,2021-10-21,46,47754.34
473,James Grant,001-251-673-7799x661,cody99@williams.com,Male,25,2021-08-20,11,3016.17
474,Bonnie Pearson,001-320-351-3930x7719,christopher94@nelson.biz,Female,35,2022-03-14,11,1306.07
475,David Hopkins,(258)631-4577,david68@yahoo.com,Other,57,2021-12-27,8,11175.76
476,Ian Wang,(307)059-3924,wardrachel@hotmail.com,Female,54,2020-10-02,66,46104.33
477,Cynthia Thompson,001-807-674-9184x60542,gregoryjames@patton-marsh.org,Male,34,2023-07-30,98,37639.22
478,Amanda Cox,001-857-604-9694x172,hsandoval@gmail.com,Female,58,2022-11-25,62,22977.7
479,Carlos Hurst,592.250.4545,djohnson@yahoo.com,Other,51,2023-02-15,90,7929.8
480,Amy Brown,140-942-9163,dawndaniels@yahoo.com,Male,52,2023-04-10,4,12060.23
481,Nancy Olson,001-443-409-3169x02915,ctate@banks-wright.net,Other,55,2023-04-22,38,1421.29
482,Patricia Schwartz,(165)533-3375,larryhodge@vargas.com,Female,48,2022-06-06,48,18637.75
483,Amy Lynch,264.129.3963x822,jonesdaniel@yahoo.com,Female,37,2024-01-22,25,23673.86
484,Luis Webb,(315)774-5147x295,calvinanderson@yahoo.com,Male,31,2022-06-04,29,42687.77
485,Ricardo Acosta,190-886-1380,dan04@gmail.com,Female,51,2021-06-22,93,12838.58
486,Dana Roy,+1-036-854-0876x4701,johnsondanny@espinoza.biz,Female,51,2025-01-20,10,4531.27
487,Tyler Gomez,001-517-599-3469x78850,cassandraleon@gmail.com,Other,51,2020-05-01,14,47395.04
488,William Walker,138.546.5028,sawyerrobert@gmail.com,Male,18,2021-06-03,90,39697.47
489,Christopher Frost,001-937-362-3563,ovaughn@bush.org,Male,28,2022-11-21,42,4133.53
490,Shannon Harrison,582-305-1795,brandonbruce@gmail.com,Other,36,2020-03-27,11,8390.27
491,Grace Foster,094-993-4696,bmccarthy@gmail.com,Female,33,2022-08-06,17,8386
492,Brian Lee,001-978-523-0023x421,jenniferandrews@jones.info,Other,47,2024-01-19,18,23119.48
493,Eric Medina,+1-562-627-6247x255,voneill@fry-davidson.com,Other,32,2024-03-27,81,47453.59
494,Colleen Allen,+1-648-984-8760x07874,cynthia70@sawyer-williams.info,Female,45,2020-12-15,67,27023.54
495,Daniel Mcclure,(608)184-9684x37101,brandimays@yahoo.com,Male,40,2022-05-25,96,33515.55
496,Christopher Cochran,001-358-041-4537x863,eric77@mcclure.com,Male,59,2020-03-13,95,25642.5
497,Jesus Williams,(616)292-3695,loganclark@hotmail.com,Male,25,2023-11-03,57,24576.55
498,Lisa Frazier,8884047645,brandon83@gmail.com,Other,24,2023-08-16,93,12172.58
499,Timothy Henry,001-931-591-1319x4896,cooleytimothy@ryan.biz,Female,41,2022-07-23,28,5511.68
500,Mary Wagner,001-456-895-1000x605,felicia94@gmail.com,Female,23,2020-01-26,22,13712.02
501,Nancy Wilson,001-105-785-4292,floresjason@hotmail.com,Other,36,2023-02-25,88,7970.98
502,Rodney Riley,(805)988-7621,seanrogers@gmail.com,Other,59,2023-02-22,14,20197.84
503,Melissa Castro,+1-815-843-1418x8334,ashleykent@hotmail.com,Male,27,2022-05-04,5,37849.28
504,Lawrence Patterson,112.095.7056x34114,morganbrandi@gmail.com,Other,48,2023-01-25,27,41493
505,Cristina Clayton,001-439-026-8673x43798,john03@gmail.com,Male,24,2022-06-11,96,8561.25
506,Rhonda Robinson,468.665.8366,jamie66@yahoo.com,Female,28,2020-10-05,16,32171.99
507,Robert Hayes,194-714-9597x3978,xgolden@yahoo.com,Other,44,2020-05-10,13,8063.78
508,Debbie Griffin,547-832-3828x0939,woodsvirginia@gmail.com,Other,27,2020-04-03,47,16581.61
509,Brian Andersen,895-507-7628x4098,howellautumn@valenzuela.com,Other,46,2024-10-17,78,20986.18
510,Mark Snyder,(504)472-4140x7051,charlotte05@ramos.com,Female,59,2023-03-11,63,29094.44
511,Walter Harvey,001-157-714-7650x4553,wallen@kline-taylor.info,Male,33,2021-04-13,16,17623.36
512,Jennifer Coffey,(435)177-9092x7947,utanner@reed.biz,Female,33,2024-02-07,1,3326.1
513,Albert Scott,405.032.1143x378,alexandracole@yahoo.com,Male,42,2022-10-19,96,12800.31
514,Carol Valdez,855-931-5999x3542,jacksonjoseph@anderson.com,Other,21,2023-06-11,13,12352.86
515,Marc Rivera,(463)353-6905x533,ffrancis@moran.com,Female,54,2025-02-01,66,48085.96
516,Sandra Roberson,600.070.9827,grantjohn@gmail.com,Female,33,2020-06-25,53,34596.38
517,Kathleen Miles,360-850-8590x438,justinharris@hotmail.com,Male,26,2024-08-18,20,4157.22
518,Catherine Carey,+1-675-074-9243x060,nicholashunt@yahoo.com,Female,42,2024-04-16,14,46084.49
519,William Stuart,106.899.4552x3095,ksnyder@williams.net,Male,51,2022-12-02,68,32775.19
520,April Peters,001-492-233-1470x4090,carlpittman@curry.com,Male,36,2022-10-24,75,21239.22
521,Victoria Murray PhD,001-675-271-9392x81665,lynnbrent@gmail.com,Male,59,2023-01-23,76,10832.97
522,Kristy Perry,469.576.6617,gilljeff@myers-cook.com,Male,37,2020-04-11,71,24808.69
523,Sydney Burke,341.322.9760x61209,hannahbarton@pollard.com,Other,23,2021-05-04,10,2346.18
524,David Young,(647)960-3880x87110,jenniferhamilton@yahoo.com,Female,26,2024-05-12,18,10033
525,John Jimenez,001-370-709-8071x26390,apark@yahoo.com,Male,39,2023-05-21,19,16260.67
526,John Brown,(410)579-2896x0355,aalexander@yahoo.com,Other,34,2022-07-14,33,8758.65
527,Matthew Schwartz,334.196.7381x0877,michael93@hernandez.com,Female,47,2024-03-05,95,12306.71
528,Rachel Jones,026.340.3429x9187,brooksjohn@anderson.com,Female,50,2022-04-28,97,32026.24
529,Rebecca Martinez,+1-150-294-2210,michaelyu@russell-king.info,Female,58,2022-07-25,37,30180.18
530,Kevin Jordan,760.793.8451x480,vicki15@gardner.net,Male,19,2021-02-05,55,29000.46
531,Nathaniel Johnson,791-809-8802x8094,cole64@hotmail.com,Other,28,2024-10-27,52,2402.15
532,Shane Bowers,+1-192-501-3688x460,josefranklin@yahoo.com,Female,60,2024-01-27,45,49973.86
533,Michael Lowe,956.306.7837x64373,qquinn@hotmail.com,Other,19,2020-05-09,25,4540.36
534,Kevin Arroyo,001-296-052-4130x581,frankayala@yahoo.com,Male,35,2022-01-13,34,43129.42
535,Jeffrey Andrade,(995)070-6570x8296,huntersandra@hotmail.com,Female,30,2024-09-15,11,18649.77
536,Katherine Gibson,4635666481,pettytravis@stark.com,Female,44,2020-04-10,79,26784.61
537,David Zavala,001-877-691-4536,dawn17@gmail.com,Female,26,2023-04-09,2,33947.64
538,Cindy Coffey,+1-916-090-0977x219,amandaspencer@hotmail.com,Female,37,2022-12-29,81,44863.19
539,Monica Lewis,(469)282-4480x035,hollywilson@allen.info,Other,41,2024-04-21,27,2362.06
540,Jesse Ashley,+1-681-756-9836,sullivanelaine@conley-rogers.com,Female,55,2023-12-09,91,6800.23
541,Gabrielle Lopez,+1-045-232-0401x5912,roberto93@gmail.com,Female,24,2020-06-06,56,26475.9
542,April Fox,001-165-964-2614x04582,brian26@lane.biz,Other,56,2021-04-28,42,26536.03
543,Gregory Luna,297-470-5348,abigailmontes@carr-cook.net,Male,42,2021-08-25,90,10184.8
544,Jonathon Moon,(963)552-7832,harperjorge@arroyo.com,Male,32,2020-10-01,28,19120.99
545,Nancy Stewart,001-406-973-6317,greencharles@gmail.com,Female,50,2024-08-13,65,41740.01
546,Ellen Harris,001-396-394-1966x48142,gwilson@hotmail.com,Other,60,2023-07-28,96,14299.72
547,Ronald Beasley,(914)764-2027,robert82@crawford-payne.com,Female,19,2021-08-19,99,48207.76
548,Denise Copeland,3259947526,colecorey@patrick.com,Female,53,2020-01-31,4,2965.22
549,Thomas Bailey,(271)347-1734,james14@townsend.com,Female,54,2022-06-09,11,8022.77
550,Robert Booth,001-053-920-8401,sean24@anthony.net,Female,44,2021-07-20,39,6713.93
551,Melissa King,+1-112-109-3950,timothy46@davis.info,Female,30,2022-12-15,1,22605.07
552,David Watson,464-246-5785x6443,waterschristina@yahoo.com,Female,20,2022-05-30,42,4219.99
553,Austin Mccoy,001-140-827-3724,katelynbrooks@hotmail.com,Male,60,2022-12-01,89,42930.36
554,Tonya Ward,883.377.2714x0431,fball@flores.com,Female,34,2022-03-19,6,2685.44
555,Alyssa Clark,(074)766-4169,diane52@jones.com,Female,20,2021-05-21,83,44633.98
556,Shannon Joseph,(316)417-4186x3631,cookholly@davis.com,Other,42,2022-02-28,91,39021.25
557,Timothy Fernandez,001-913-640-6732,michaelvincent@wilson-martin.com,Other,34,2022-03-06,29,7811.34
558,Kristen Holt,996-383-2477,ipeters@hotmail.com,Male,49,2021-07-26,4,15509.82
559,Amy Jackson,001-134-312-1437x1667,lawrenceamy@yahoo.com,Female,36,2021-02-22,15,28355.26
560,Ms. Diana Miller MD,(997)277-7586,brycemiddleton@yahoo.com,Other,50,2024-10-26,56,39428.43
561,Christopher Barrera,131.741.8873,jking@gmail.com,Other,51,2024-07-21,78,1205.66
562,Heidi Smith,+1-853-622-5752x5833,nicolegarcia@hamilton-nelson.org,Other,26,2020-02-20,30,15715.1
563,Jessica Fisher,001-099-915-9305x46507,patricia89@gmail.com,Female,29,2022-06-13,79,37633.08
564,Robert Ray,001-540-999-9608x127,danielsaunders@ferguson.com,Female,37,2021-02-19,32,27061.91
565,Beverly Guerrero,557-511-2236,christina96@blanchard.com,Male,20,2022-12-29,7,32118.38
566,Sara Park,8898943513,scott81@gmail.com,Other,23,2023-11-22,48,32417.08
567,Barry Rogers,+1-391-100-1393x61352,lmason@williams.com,Female,36,2024-11-04,3,43656
568,Billy Murphy,+1-850-158-8923x205,tylermichelle@yahoo.com,Other,55,2024-08-29,98,14272.69
569,Peter Cooper,431.948.0919,brittany36@hooper.com,Other,28,2024-01-16,70,24087.77
570,Tracy Harris,0159776489,rbrady@brown.com,Female,59,2023-04-23,79,8003.89
571,Ryan Douglas,001-186-282-9693x5615,charlesarias@gmail.com,Female,28,2024-04-29,7,16144.31
572,Deborah Wilkerson,(354)508-1335,nathanbrown@weeks-krueger.net,Male,43,2020-04-09,90,26628.68
573,Megan Clark,268.064.3952x7107,hjones@brown.org,Other,50,2024-02-14,68,1119.65
574,Eric Johnson,023-173-3755x0971,natasha97@robertson.com,Female,56,2023-06-01,21,11666.3
575,Wayne Howard,109.011.2400x4764,dcochran@murray.info,Female,49,2021-03-03,32,15449.93
576,Nathan Costa,053-583-8742x0600,millerleah@henderson.org,Female,28,2024-06-29,85,25259.9
577,Courtney Sexton,245-843-1860x8673,irodriguez@gmail.com,Male,53,2021-04-01,22,38274.6
578,Amy Haney,(422)503-3806x852,lewislisa@yahoo.com,Male,19,2022-08-01,80,15777.16
579,Melody Thornton,+1-138-921-2852x0597,dvincent@nelson-nelson.biz,Female,21,2020-02-23,27,45193.47
580,Jeffrey Thompson,023-288-9080x0586,vsharp@ellis.biz,Female,52,2023-01-02,11,33890.2
581,Martin Smith,(992)444-7325x098,shawnallen@sanders.net,Female,29,2023-08-17,93,12555.22
582,Crystal Jackson,001-562-684-2246x333,brian45@yahoo.com,Male,20,2022-02-25,43,13831.49
583,Robert Yoder,+1-133-149-2151x795,rhondamartinez@gmail.com,Other,35,2024-08-13,87,43859.26
584,Gregory Lewis,593-923-6155x98243,xharper@pace-gardner.com,Male,51,2022-03-29,9,35230.49
585,Shirley West,+1-528-149-6521x299,rodneycrawford@gmail.com,Other,40,2025-02-03,38,16410.97
586,James Pace,001-948-385-2677,stuartcatherine@yahoo.com,Male,33,2023-01-12,37,12163.06
587,Jeffrey Lee,+1-090-203-2978,beckerronald@gmail.com,Male,54,2022-02-21,52,30639.89
588,Nicole Mcdaniel,726-602-9684x16280,peter89@hotmail.com,Male,37,2023-09-08,63,37852.32
589,David Benjamin,087.370.6155x077,lanthony@wright-perry.org,Female,60,2025-02-16,32,24258.53
590,Jennifer Mosley,856.309.6953,reyesjeffrey@yahoo.com,Female,30,2023-10-02,52,45315.57
591,Larry Crawford,+1-671-309-9267x7854,tammy47@gmail.com,Other,36,2022-02-28,84,25243.42
592,Michelle Stewart,822.333.7139,lisawilkins@bradford-bauer.net,Male,57,2022-04-28,3,38528.19
593,James Barnes,(476)251-8605x94588,ryan39@rodriguez.com,Male,28,2024-09-24,40,15879.45
594,Tracy Henson,5375671312,lgarcia@yahoo.com,Female,23,2020-07-17,82,32664.17
595,Timothy Parks,653.020.2920x04537,davidarmstrong@gmail.com,Female,43,2022-06-03,9,40194.18
596,Victoria Shaw,719-805-0132,tgarrett@carroll.com,Male,31,2022-07-16,21,34242.16
597,Anthony Maddox,178-213-5794,ivasquez@hotmail.com,Other,60,2022-06-15,67,22849.98
598,Raymond Walsh,3517480227,michaelle@gmail.com,Male,24,2020-11-01,77,34053.83
599,Jennifer Marks,728.488.2048,murphyjohn@gmail.com,Female,39,2022-12-29,66,4233.43
600,Linda Meyers,+1-732-146-8322x576,cedwards@gmail.com,Male,41,2023-07-05,25,23159.02
601,Chad Booth,080-303-7897,markgonzalez@berry.com,Male,21,2020-07-17,3,45364.98
602,Sarah Hardy,(082)808-5865x885,katherinemartin@spencer-williamson.com,Other,39,2022-09-21,54,33501.74
603,Kenneth King,974.587.1022,juan63@kelly.com,Other,31,2020-12-18,67,33139.67
604,Jaclyn Barrett,+1-144-194-0586x8831,rebeccasmith@jimenez.com,Male,52,2022-12-27,57,32063.12
605,Thomas Christensen,(766)749-2873x9569,cory88@delgado.biz,Other,32,2020-09-16,78,49156.01
606,Rachel Brown,+1-864-401-2773x75997,kathrynhaynes@holder.biz,Other,21,2024-02-26,16,45870.16
607,William Parker,+1-322-235-8712x337,patrick72@freeman.com,Other,29,2023-03-25,80,15624.85
608,Allison Stewart,+1-677-996-2156x585,wesleyking@kidd.org,Other,59,2024-03-29,26,34191.68
609,Ashley Sharp,136-588-3292,bhuerta@gibbs-pruitt.com,Male,36,2020-01-08,100,25139.15
610,Charles Rios,803-064-8113x394,chavezcharles@ward-smith.com,Female,35,2022-11-22,83,42376.63
611,Michael Smith,001-093-762-4001x3573,tyler57@allen.org,Male,31,2023-06-16,15,43557.74
612,Dr. Matthew Todd MD,709.907.6517,sarah40@russell.com,Other,57,2023-01-27,23,30877.61
613,John Hill,001-156-202-4923x8062,franklindavid@gmail.com,Female,23,2021-12-19,49,2067.65
614,Jeremy Robinson,(010)823-4636x173,adyer@myers.com,Female,37,2021-10-19,28,8568.58
615,Patricia Evans,001-517-219-7479x617,brandy46@day.com,Other,46,2024-01-26,81,42861.89
616,Michael Watson,(442)951-8422x9010,mschroeder@hotmail.com,Male,27,2021-11-20,37,11294.99
617,Kimberly Cunningham,650.971.9571x306,andrewdiaz@hotmail.com,Female,52,2022-01-29,17,26052.2
618,Angela Mckinney,001-773-223-8360,emily69@estrada.com,Other,43,2024-12-09,68,35109.82
619,Makayla Chaney,481-377-4529,qhernandez@hotmail.com,Male,45,2020-03-22,2,30127.19
620,Javier Leach,898-803-6423x89173,chelsey43@west.com,Male,37,2022-03-25,72,39897.91
621,Megan Hunt,001-244-625-0290x9561,bakerpaul@hotmail.com,Male,24,2020-08-27,53,17010.63
622,Alyssa Marquez,9380179836,meganjacobs@brewer.biz,Female,60,2020-01-24,56,31565.22
623,Michelle Rocha,844.931.5293x918,knichols@hotmail.com,Other,49,2024-01-22,26,21991.18
624,William Smith,500-510-4623,meadowsedward@yahoo.com,Female,25,2020-11-26,67,27063.16
625,Andrew Evans,637.872.5269x8173,thomas87@yahoo.com,Female,26,2024-11-13,30,5906.71
626,Ryan Patel,001-891-573-4631,adam15@walker.com,Other,41,2023-03-29,33,43965.58
627,Karla Hall,714.111.1215x5405,crystal09@hotmail.com,Female,51,2025-02-06,3,40415.04
628,Daniel Snow,001-121-400-6963,franklinscott@cox-weaver.org,Male,25,2020-03-30,48,14279.35
629,Jennifer Rose,871-248-3562,zfernandez@pratt.org,Male,27,2021-09-07,56,5232.38
630,Allen Donaldson,291-803-2612x4787,ymoses@nichols.org,Other,32,2024-04-06,9,44051.95
631,Gregory Williams,001-740-821-5571x931,cthompson@yahoo.com,Other,54,2021-06-10,21,42664.21
632,Theresa Williams,(732)648-5214x20094,rebeccamiller@hotmail.com,Other,18,2023-07-21,8,34131.59
633,Jon Moreno,6697804864,amber80@gmail.com,Male,34,2021-06-10,42,10557.36
634,Dalton Alexander,(666)600-2722,john66@yahoo.com,Other,26,2020-04-20,61,44227.31
635,Pamela Craig,526.194.1577x3850,cardenasedward@andrews-mitchell.org,Male,24,2021-09-20,94,22195.47
636,Michelle Carter,383.350.5258,vaguirre@gmail.com,Male,36,2023-12-20,95,32290.1
637,Mark Rose,001-820-798-9085x8059,jamesdanny@hotmail.com,Other,51,2022-06-16,76,48525.45
638,Mrs. Amy Turner DVM,001-946-542-7786x78535,eabbott@gmail.com,Male,47,2020-01-19,47,43604.42
639,Michael Holden,7001539823,langtyler@yahoo.com,Other,30,2022-11-04,4,41539.15
640,Karen Schaefer,001-380-607-1279x7959,tonyrogers@ross.com,Female,39,2022-12-27,54,32071.65
641,Shannon Mcdowell,(659)911-5287x0643,williampalmer@hines-ramirez.com,Other,41,2020-09-30,71,25881.46
642,Laura Combs,(597)822-2878x156,pgaines@price.com,Male,45,2024-10-06,94,41984.04
643,Andrea Miller,207.863.0292x93802,nthomas@fowler.com,Other,19,2021-05-23,90,26964.53
644,Shelby Cobb,+1-710-503-3624,ronniepowell@franco.com,Other,29,2021-11-14,92,35452.17
645,Sara Ball,(313)922-2143,jason57@hotmail.com,Female,41,2023-07-05,73,32474.78
646,Haley Shaw,(940)831-1745,glittle@gmail.com,Male,53,2022-07-14,98,3604.79
647,Cole Baxter,460.530.6417,graveshannah@shaw.com,Female,52,2022-11-09,34,46839.93
648,Maureen Hahn,(897)982-2513x074,tonya90@yahoo.com,Other,32,2024-01-09,63,32569.96
649,Jonathon Burns,447.835.6111,daniel49@hotmail.com,Male,42,2023-12-05,25,23667.46
650,Ralph Pierce,001-814-429-9274x7571,fhiggins@bell-rodriguez.org,Female,19,2024-07-29,74,46887.86
651,David Richardson,(463)761-3621x7051,scottmarquez@hotmail.com,Male,19,2020-09-05,95,41651.25
652,Jason Lee,001-813-907-8274x828,kstephens@yahoo.com,Male,24,2023-02-09,7,42115.7
653,Tiffany Washington,+1-315-756-6316x81417,klopez@gonzalez.com,Female,32,2021-06-05,56,47429.82
654,Raymond Anderson,226.474.1991,nbanks@pham.info,Female,18,2023-10-11,4,38529.34
655,Robert Larsen,1290422425,freemanamy@yahoo.com,Male,46,2020-05-24,59,8960.36
656,Dr. Alicia Ortiz MD,+1-286-714-5537x2560,kingraymond@hotmail.com,Male,33,2020-08-23,52,35291.72
657,Steven Delgado DDS,001-469-013-0886x3293,smitherin@hotmail.com,Other,42,2024-07-20,48,5325.85
658,Sonya Liu,+1-334-634-0348x92596,leonardjose@gmail.com,Female,48,2023-11-24,84,1502.58
659,Kelly Phelps,+1-748-420-8846x89234,anthony86@hotmail.com,Other,30,2024-04-23,75,44896.36
660,Joshua Williams,721.542.7524,smithkimberly@nelson-turner.info,Male,53,2022-02-23,75,3367.65
661,Katelyn Mcneil,(985)130-0048x69039,orose@johnson-miller.org,Female,27,2020-05-02,96,4055.73
662,Edward Turner,3433423642,scott08@mcconnell.com,Other,44,2021-02-23,30,48693.44
663,Thomas Hughes,+1-974-401-3322x2079,alison94@meyers.com,Other,30,2022-04-17,13,4228.12
664,Beverly Williams,001-558-735-9404x14728,fitzpatrickchristopher@gmail.com,Female,38,2023-06-26,47,16712.67
665,Traci Dawson,182-916-9355x362,youngstephanie@white.com,Male,22,2020-12-13,42,37041.27
666,Michael Knapp,779.415.2651,maciasloretta@gmail.com,Other,23,2020-04-14,8,11646.73
667,Devin Martin,8386296952,gregory00@walker-brown.com,Female,29,2023-06-02,86,38356.41
668,Brianna Brown DDS,001-424-456-2639,uthompson@whitehead-burns.com,Other,21,2022-02-11,55,34226.53
669,Phillip Spencer,945.238.7868x87454,wyattscott@lopez-carpenter.net,Male,20,2021-08-11,27,37186.89
670,Angel Contreras,+1-881-280-1880x237,franklinmelissa@gmail.com,Other,29,2024-01-13,30,39929.73
671,Nicholas Jackson,118-601-1777,ashley67@hotmail.com,Female,47,2024-03-28,99,6176.09
672,Jason Leach,001-736-140-9439x8625,courtney74@warren-wright.com,Male,55,2020-12-10,84,6110.74
673,Ryan Reyes,546.992.7936,dillon25@hotmail.com,Male,21,2024-03-07,33,39234.14
674,Sarah Diaz,5128356640,dliu@jackson.com,Male,58,2024-12-10,25,16003.91
675,Richard Carroll,354-239-7170,dhenry@yahoo.com,Other,30,2024-05-26,100,18849.23
676,Frank Griffith,303.431.8247x47113,kimberlycunningham@hotmail.com,Male,46,2022-04-02,36,7401.68
677,John Collins,539-310-1228x43189,hperry@gmail.com,Male,34,2023-05-29,80,22256.16
678,Craig Williams,001-637-063-0074,susan92@yahoo.com,Female,26,2020-07-24,95,9336.58
679,Ryan Carter,+1-205-361-3679,mosleyjody@yahoo.com,Female,28,2024-02-23,65,39961.29
680,Samantha Peters,(515)209-9532,higginsadrian@yahoo.com,Female,27,2022-12-31,75,24931.55
681,Christine Parker,+1-045-502-8111,gloverkelly@hotmail.com,Male,60,2021-07-06,95,25668.42
682,Latasha Hunt,7631888280,banksalex@gmail.com,Other,33,2024-05-22,63,6692.52
683,Robert Haas,+1-632-312-7840x427,chill@frazier.com,Female,57,2023-05-04,35,37688.36
684,Christopher Black,301.093.3351x577,jonesmaria@yahoo.com,Female,27,2021-08-14,29,6765.74
685,Melissa Willis,(731)175-5210x0919,lorimiller@gmail.com,Other,46,2021-09-20,64,18928.95
686,Victoria Lee,083.994.5030x0252,uthomas@gmail.com,Female,48,2021-07-26,60,38694.62
687,Michael Hill,001-434-302-4969x3554,hcollier@gmail.com,Female,51,2023-12-29,84,34918.17
688,Kaitlyn Ortiz,+1-905-286-0198,james27@singleton-jones.com,Male,30,2024-08-27,44,43972.47
689,Christian Kelley,260-593-0350x307,ashlee42@yahoo.com,Other,37,2022-01-03,37,9898.7
690,Patrick Martinez,9701554922,jleon@hotmail.com,Other,56,2022-12-14,42,21050.97
691,Stephanie Mathews,(306)355-7347,omelton@hotmail.com,Male,45,2020-03-08,33,8947.38
692,Andrew Sanchez,+1-285-648-0518x927,griffinlori@yahoo.com,Female,58,2022-09-09,69,29514.98
693,Gail Perez,001-686-356-8060x4784,lisabean@gmail.com,Male,20,2023-11-15,40,4862.96
694,David Diaz,551-720-0302,nathanle@cabrera.com,Female,41,2023-04-16,42,25232.88
695,Taylor Smith,753.738.7796,montoyadominique@gmail.com,Other,29,2020-09-10,16,26917.35
696,Brandon Johns,908.093.0661x479,masonlaura@gmail.com,Male,46,2021-05-08,63,12458.28
697,Michelle Young,555.021.4087x2532,hornejennifer@gmail.com,Female,40,2025-02-20,3,25888.19
698,Mark Cisneros,+1-799-139-9304x801,josephbarry@pineda-page.com,Female,18,2024-11-19,13,24102.7
699,Eric Conley,(726)784-0070x1716,welchjulia@arias.com,Male,18,2020-10-07,94,29884.44
700,Patty Bautista,+1-749-572-9730,heather44@gmail.com,Male,45,2020-12-05,15,38917.64
701,Jennifer Harrison,(654)492-0371x47926,xsmith@cole-taylor.info,Other,58,2024-08-25,72,39874.7
702,Jay Morgan,+1-515-789-2019x03099,crose@hotmail.com,Other,51,2025-02-22,93,2157.82
703,Sabrina Duran,816.398.0032x444,aaronmcmahon@yahoo.com,Male,40,2021-05-20,93,46103.11
704,Douglas Hines,193-788-0167x4248,frankharding@cooper.com,Other,18,2025-02-13,10,40326.47
705,Daniel Scott,452-823-4948x33270,markphillips@lowe-williams.com,Female,53,2020-04-02,80,35591.33
706,Douglas Anderson,3039407730,tracy07@david-lopez.com,Male,41,2022-11-16,51,33792.48
707,Brent Hansen,(252)962-5234x69750,smithemily@tyler.com,Male,21,2023-07-13,22,8288.91
708,Alyssa Simpson,7870487997,kimberly73@atkinson.com,Female,18,2021-01-02,86,13317.93
709,Mrs. Dana George,186.770.6939,awilliams@yahoo.com,Other,42,2020-06-21,91,20820.14
710,Guy Mcpherson,5314452599,utyler@dominguez.com,Female,39,2022-12-10,44,31978.33
711,Glen Mckee,(000)003-5209,moorericky@hotmail.com,Other,34,2021-08-06,93,35110.47
712,Samantha Grimes,+1-089-325-8000x0828,gramos@gmail.com,Female,38,2020-11-10,4,22903.89
713,Sheri Martinez,+1-149-327-4293,christopher50@gmail.com,Other,48,2021-12-24,27,39209.69
714,Brent Russell,806-901-2297x080,deborahcervantes@castillo-alvarez.com,Female,40,2021-04-10,94,10316.04
715,Kelly Fox,(760)278-6496x752,johndennis@yahoo.com,Male,40,2022-04-10,73,8434.07
716,Alexander Anderson,+1-827-815-1318x09240,dbanks@mccarthy.com,Other,32,2022-03-10,86,19251.61
717,Eddie Trujillo,+1-053-880-8008x508,matthewmejia@espinoza.com,Male,30,2021-02-01,41,1138.27
718,Joshua Hansen III,(294)759-4768x9587,bmccarthy@reese.com,Male,31,2021-09-26,21,35695.08
719,Jaclyn Buchanan,732.935.9556x6464,melaniesnyder@gmail.com,Female,22,2020-10-24,86,22747.4
720,Richard Gill,052.047.2528,morganjoseph@gmail.com,Female,18,2020-10-26,77,10543.98
721,Anthony Ramirez,+1-804-480-0645,yrivera@freeman-rhodes.com,Male,20,2020-07-05,86,3736.94
722,Eric Rosario,001-118-285-1748,marisawillis@yahoo.com,Female,50,2022-12-11,12,21249.65
723,Richard Smith,057.180.6927,cookjoseph@williams.com,Female,50,2023-09-03,96,4502.81
724,Nancy Mcdonald,840-370-9847x409,thomastravis@hotmail.com,Male,20,2021-08-11,53,40467.85
725,Sheila Wright,001-300-954-4237,kristy26@ayers.com,Other,32,2021-10-14,46,7916.52
726,Rachel Ramsey,0130407910,wwalker@hotmail.com,Male,24,2023-03-16,22,2026.94
727,Erica Gonzales,001-921-904-4698,chall@gmail.com,Other,39,2022-01-13,67,23518.09
728,Amy Bauer,964-953-2605x02029,gbowen@norman.com,Female,32,2024-08-10,30,33551.08
729,Jose Lewis,+1-666-123-1355x821,reesedaniel@yahoo.com,Female,40,2024-03-17,63,22168.99
730,William Bailey,+1-162-805-0461x94941,lindseybrown@gmail.com,Male,46,2020-09-26,70,14562.79
731,Madeline Ortiz,+1-456-854-9756x284,pbonilla@johnston.net,Other,28,2020-12-04,75,35489.24
732,Christopher Murray,+1-620-202-5260x76796,smithjeanette@gmail.com,Female,20,2022-01-04,50,11897.99
733,Kathryn Hunter,6319903628,perrytara@gmail.com,Male,57,2020-01-05,34,15803.04
734,Jeremy Knapp,724.113.1851x222,michaelkim@brown.com,Female,37,2022-12-01,78,48225.49
735,Patricia Scott,024-488-9852x82150,brucetorres@fields.com,Male,60,2023-03-17,22,37904.81
736,Elizabeth Lawrence,+1-902-182-9130x48195,hansonchristopher@yahoo.com,Other,38,2022-11-23,75,2921.57
737,Ryan English,967.777.9246,shelby82@reed.com,Male,34,2021-01-08,81,19407.24
738,Terry Velazquez,+1-828-011-2833,mackvanessa@hotmail.com,Other,20,2022-01-13,57,3659.95
739,Todd Mcdonald,1649323105,garciaeric@gmail.com,Male,52,2022-07-02,7,35383.46
740,Crystal Mays,1755183499,audreycoleman@miller.com,Female,39,2024-02-23,66,18712.87
741,Jennifer Anderson,(774)540-0457,martincastro@frazier.com,Female,47,2021-03-24,82,27527.54
742,Christopher Barton,(075)246-5718x18844,daniel48@yahoo.com,Male,56,2024-02-16,28,17934.2
743,Michael Mueller,0497352149,daniel57@thompson.info,Male,44,2020-01-04,58,32842.98
744,Margaret Adams,(932)237-9439,brandipollard@freeman.biz,Female,57,2023-10-18,67,48417.42
745,Melissa Payne,001-825-123-6087x21297,fbond@cameron.com,Female,51,2022-01-15,97,11462.39
746,Kelly Herrera,001-268-452-9083x28588,foxjustin@wheeler-miller.com,Male,28,2021-03-31,15,37625.96
747,Gabriella Brewer,(207)867-6316x6193,courtneyquinn@hotmail.com,Male,53,2021-12-23,12,30864.97
748,Michael Perry,(907)641-1983x512,taylorgillespie@james.biz,Female,45,2020-01-31,40,40158.1
749,Rodney Petersen,415-712-9345x58837,richardbender@williams.info,Other,41,2023-05-25,62,33840.53
750,Virginia Jones,001-343-196-4399x0290,williamsjustin@gmail.com,Female,58,2020-05-02,98,9822.95
751,Jennifer Watson,923-158-8861x68594,hthompson@hotmail.com,Other,53,2022-02-20,60,12536.79
752,Daniel Larson,(394)300-8271x60642,cmitchell@hotmail.com,Other,51,2022-12-26,33,48649.22
753,Kayla Clements,9355699621,kimberly57@garcia.com,Female,24,2024-04-09,99,36275.17
754,Sean Whitehead,191.321.5521,lewismitchell@fowler-rodriguez.com,Male,57,2024-01-14,57,16903.65
755,Joanna Scott,9608092257,ggriffith@vaughn.com,Female,27,2024-09-19,11,40217.18
756,Caroline Smith,+1-765-604-4350x9678,lewislori@wright-ortiz.com,Male,53,2020-03-24,92,46994.2
757,Mariah Moran,(945)701-6426,uhancock@gmail.com,Male,49,2021-10-28,1,18612.11
758,Brandon Smith,254-325-0964x882,alexander89@hernandez.com,Female,46,2020-09-10,34,47919.9
759,Lisa Payne,097-609-9514,deanpatrick@yahoo.com,Male,44,2024-11-17,77,16631.36
760,Julian Thompson,220.708.6732,sstokes@barry.info,Male,59,2023-02-22,7,21451.39
761,Danielle Fitzgerald,+1-041-931-9999,jasminehoward@gmail.com,Female,51,2021-08-20,91,20617.69
762,Thomas Goodman,001-496-755-9159x433,jasonhuffman@yahoo.com,Male,20,2024-06-14,84,26815.96
763,Melissa Christensen,522-449-6782x56626,zmedina@mendoza.net,Male,41,2024-09-11,91,27981.25
764,Jeffrey Mcdonald,001-933-905-6659x004,stephanierobbins@burnett.info,Male,24,2024-09-25,18,37817.47
765,Dustin Baird,2707228954,amandagraves@davidson-richmond.com,Other,29,2020-06-14,20,3548.42
766,Janet Green,581.622.2898,medinarichard@yahoo.com,Female,36,2024-06-19,32,7907.21
767,Mr. Tony Maddox,658-402-8079x436,dgreen@sherman.info,Male,28,2025-02-25,36,7625.28
768,Jacob Davis,325-524-4169,gentryroy@yahoo.com,Other,59,2021-09-06,72,4408.4
769,Jason Figueroa,565.295.8622x7181,andreafoster@hotmail.com,Male,52,2023-11-08,10,40896.01
770,Kevin Reynolds,+1-205-194-1930x934,kshaw@stout.com,Female,27,2023-04-02,8,21139.21
771,Jonathan Curtis,501-842-8326,rodriguezmiguel@gray.com,Male,43,2025-01-16,70,26611.25
772,Christine Yates,001-297-154-4870,markcarrillo@yahoo.com,Female,29,2023-11-17,65,34094.02
773,Eric Ramirez,+1-300-626-0751x3272,brandonheath@thompson.info,Other,46,2021-02-23,41,27981.29
774,Andrea Hayes,8969411740,matthewsilva@steele-compton.biz,Other,59,2021-03-30,82,42053.59
775,Christopher Campbell,606.639.8446x12806,tcain@smith.net,Female,46,2024-12-13,93,41151.38
776,David Price,186-216-5963,starkheather@hamilton.org,Male,22,2021-11-24,70,34467.12
777,Debbie Perkins,964.758.6614x438,michaelward@gmail.com,Other,33,2025-02-24,23,8330.39
778,Nicole Fuentes DVM,001-552-292-3392x052,amanda27@johnson.com,Female,45,2024-12-22,17,45888.24
779,Nicole Arnold,001-067-189-6461,wrightjoseph@matthews.com,Male,56,2021-12-08,16,15356.94
780,Sherri Davis,+1-248-963-0310x53111,randycurry@hotmail.com,Female,28,2022-04-27,75,11800.93
781,Dennis Brown,537.153.3187x116,jessica17@gmail.com,Female,58,2021-07-26,62,27144
782,Miss Elaine Mccall,001-084-849-3066x4218,rose40@willis-dawson.biz,Female,53,2021-06-18,2,7164.59
783,James Jordan,620.509.7170x4996,christopher46@russell-brown.info,Other,33,2021-06-28,96,7877.73
784,Jeremy Murphy,(814)302-5738x66011,fosterjoshua@hansen.info,Female,51,2023-04-23,28,28918.19
785,Donald Lee,+1-835-668-5797x651,jesseadams@hotmail.com,Female,36,2024-07-16,88,28093.54
786,Travis Baxter,(398)178-2015x89897,smithandrew@wallace-edwards.biz,Other,52,2020-08-05,9,44464.43
787,Christopher Collins,028-537-1870x7386,nolson@gmail.com,Female,50,2022-03-20,70,27537.39
788,Paul Cox,(235)549-6401,cherylallen@yahoo.com,Other,19,2023-07-18,25,48112.16
789,Tamara Kidd MD,845.885.3019x88447,littlejohn@hotmail.com,Female,59,2022-10-11,5,40195.72
790,Morgan Rodriguez,9656193787,tiffanydawson@webb-jackson.net,Male,19,2021-10-22,92,14170.09
791,Michelle Benson,2558938379,tracy66@hotmail.com,Other,54,2024-05-04,26,26200.44
792,Brian Lynn,(871)955-3844x370,heather94@martinez.biz,Other,51,2024-04-29,79,28313.05
793,Xavier Richardson,769.086.1415x52386,gonzalesmelinda@yahoo.com,Other,56,2022-06-22,82,18447.9
794,David Martinez,+1-809-301-1640x17446,jasonking@bennett-walton.net,Male,47,2025-01-23,84,2680.75
795,Regina Coleman,+1-500-701-3859x991,malvarez@baker.info,Female,24,2020-07-30,71,41139.08
796,Brian Miranda,+1-659-707-3193,rmarshall@lane.info,Other,58,2023-03-03,47,2613.66
797,Eric Roberson,(303)101-6236,michael88@terry.biz,Other,33,2020-11-25,97,9565.29
798,Gary Richards,001-687-336-3918,kpeterson@hotmail.com,Male,58,2022-04-18,55,6119.71
799,Kathleen Robles,740-418-1004x69123,russellharrell@hotmail.com,Male,25,2021-11-18,22,19916.49
800,Benjamin Larson,550.360.6823,itrevino@taylor.com,Male,40,2020-10-20,78,42554.12
801,Joseph Hansen,7611529582,ronald97@harris-white.com,Male,30,2022-02-27,46,1213.94
802,Eric Hayes,001-334-501-0657,uprice@spencer-howell.com,Other,23,2021-06-28,78,26923.3
803,Courtney Scott,+1-440-088-8965x8374,aprilgibson@gmail.com,Male,33,2021-06-08,54,33209.89
804,Kenneth Higgins,980-371-6782,shannonprice@gmail.com,Female,60,2024-08-04,13,21222.41
805,Jorge Hanna,671.006.4046x360,hornwilliam@chandler.com,Male,35,2020-03-19,42,25826.47
806,Jim Benjamin,(715)396-7889x386,alejandro72@gentry.com,Female,36,2021-12-27,2,47109.43
807,Peter Brown,177.510.2221x30073,thomasbrooke@perry.com,Other,47,2021-06-23,30,37844.86
808,David Williams,155-819-3555x544,phillip25@robles.com,Other,45,2022-07-11,70,3439.4
809,James Turner,001-654-386-1584x299,omcdowell@ibarra.com,Other,21,2024-05-18,68,7479.3
810,Rachel Adams,+1-882-866-4407x97714,zbradley@hall-horne.com,Female,41,2021-05-24,54,33483.54
811,Angela Martinez,+1-520-298-1489x4821,levinecasey@hotmail.com,Female,35,2024-08-09,1,49129.67
812,Clinton Lyons,(733)568-2001,brian87@hotmail.com,Female,43,2023-04-26,87,42885.33
813,John Baker,245.587.5242x0303,alyssajackson@yahoo.com,Female,22,2024-04-19,87,35054.31
814,Jodi Lewis,745.622.8451x60675,jflores@yahoo.com,Other,29,2020-06-08,50,7346.3
815,Joseph Mclaughlin,(447)344-8134x605,jhowell@hotmail.com,Female,48,2021-09-06,12,43705.28
816,Matthew Stewart,(377)020-6541x36443,matthewmiller@reed.com,Female,31,2020-04-10,36,36659.22
817,John Burke,761.927.7228,nanthony@montoya.com,Male,51,2022-02-27,24,19689.94
818,Jacob Kelly,001-870-189-9291,lisawright@hotmail.com,Female,25,2022-06-17,51,11156.23
819,Mario Jordan,+1-813-556-9256,patrick86@dickerson.com,Female,34,2023-07-13,74,22663.5
820,Judy Elliott,5753920711,mason24@gmail.com,Other,59,2023-06-23,58,40011.54
821,Robert Hogan,(416)836-0290,brianajones@becker-patterson.com,Other,60,2024-11-03,10,31550.16
822,Karla Davidson,004-103-3351x42666,ubaker@huff-newton.info,Male,50,2023-09-18,10,34059.76
823,Robert Davis,496-732-7604,amanda66@smith.com,Other,60,2024-02-01,89,22987.56
824,Mikayla Hall,010.067.5838,coxbrooke@yahoo.com,Female,60,2025-02-18,19,31272.48
825,Samantha Aguilar,175.130.7196,jmacias@hotmail.com,Male,49,2023-07-23,19,13386.69
826,Stephen Cole,(103)999-6166x5823,ijohnson@adams.com,Other,58,2024-05-20,7,7428.66
827,Michael Stevenson,391.340.3086x488,mcguiremaria@blake-rivera.com,Other,38,2022-10-08,88,7916.57
828,Michael Lindsey,704.374.3168x89241,cynthiamorrison@hotmail.com,Female,44,2022-07-08,46,44069.36
829,Elizabeth Cortez,(130)303-7364x072,sandra48@may.biz,Other,26,2021-01-19,13,47510.9
830,Jessica Schultz,868.572.6707,gary05@dixon.biz,Female,41,2022-03-20,34,28995.45
831,Elizabeth Howell,896.919.4356,jessicagomez@barber.com,Male,56,2022-02-11,83,38932
832,Daniel Morrison,+1-442-536-6824x202,chaneykyle@hotmail.com,Other,34,2020-01-15,72,3608.96
833,Christopher Harrison,417.866.8234x084,paula14@santos-fox.biz,Male,42,2021-09-11,33,40979.59
834,Lisa King,543.584.2403x454,nancy37@yahoo.com,Male,40,2023-07-02,13,24568.4
835,Michael Garrett,995-034-6010x434,shelbyparsons@martinez.com,Other,41,2023-07-06,13,20206.77
836,Juan Esparza,(300)133-7652,james08@hotmail.com,Other,59,2024-11-17,38,26444.84
837,Jennifer Mitchell,+1-999-979-3859x072,amberbates@martinez.com,Male,59,2020-06-06,32,2825.45
838,Jeffrey Page,027.600.0681,kimberly07@burns.com,Other,18,2024-03-20,25,21249.07
839,Connie Moore,237-524-6118x049,laurenwillis@jones.info,Male,60,2023-07-14,61,18160.62
840,Mrs. Stacy Jimenez,+1-105-315-2314x233,lwarren@grant.net,Female,26,2024-11-16,28,31915.12
841,Alisha Martin,+1-074-103-0276,allison46@hotmail.com,Male,20,2021-02-19,72,6981.68
842,Ashley Hopkins,084.893.7466x362,matthew39@yahoo.com,Other,29,2020-02-22,48,22661.8
843,Shelly Santos,7454458091,jacob56@matthews.com,Other,49,2023-09-23,84,10361.21
844,Sydney Soto,187.118.2099x91717,gregory10@herring.com,Other,57,2023-03-06,77,13432.36
845,Rebecca Little,+1-748-955-3468,natashawall@yahoo.com,Other,31,2021-02-17,67,31915.44
846,Susan Butler,8319020390,margaretgray@yahoo.com,Male,39,2024-03-30,68,30297.04
847,Taylor Gates,526-539-1813x9551,justin91@smith-garcia.com,Other,42,2022-12-21,74,19534.13
848,Sally Holmes,306.986.2885x878,ryanhoffman@oliver-castro.com,Male,41,2022-01-02,28,28506.56
849,Anna Flynn,1526628028,kimberly87@gmail.com,Female,52,2020-07-14,51,33316.23
850,Alisha Martin,001-571-920-0615x880,josechaney@yahoo.com,Female,30,2021-05-01,93,27775.82
851,Dana White,097-193-9733x320,beckdennis@hernandez-mcmahon.org,Other,35,2020-05-28,39,21859.35
852,Matthew Vaughn,6125151250,royfigueroa@martin.com,Male,26,2021-05-06,96,48165.7
853,Heather Jacobs,868-539-4292x7335,heidifrazier@hotmail.com,Male,47,2024-06-29,28,14293.73
854,Mary Ramirez,001-594-580-4462x308,justingarcia@baker-nicholson.com,Female,38,2023-10-28,69,25873.62
855,Jacob Clarke,224.164.4108x770,cohennancy@gmail.com,Male,24,2020-10-25,69,25489.59
856,Jeffrey Williams,510.848.3759,phillipsmichael@gmail.com,Female,35,2022-02-16,46,27786.8
857,Cheryl Johnson,001-857-791-7465x241,bowmanclaudia@hotmail.com,Other,46,2022-12-25,69,30531.25
858,Caitlin Burch,(960)287-2259,wnicholson@douglas.net,Other,60,2023-10-28,5,33665.01
859,Mr. Kenneth Fernandez,310.502.8776,james36@hotmail.com,Female,37,2023-10-03,19,9991.35
860,Cody Hudson,125-991-6742x196,rosejohn@powers-lopez.net,Other,45,2024-04-27,100,10039.27
861,Jeffrey Guzman,551-891-5613,wosborne@yahoo.com,Male,28,2021-01-31,62,47715.68
862,Dennis Nelson,186.185.6388x916,ccampbell@hotmail.com,Other,31,2023-08-02,41,34766.69
863,Tiffany Davis,001-739-238-9834x08005,williamroberts@yahoo.com,Female,24,2020-11-28,93,25111.87
864,Chad James,319.896.9542x130,sabrina52@gmail.com,Other,28,2024-02-24,23,20865.39
865,Katrina Davis,(479)111-3951x598,tmitchell@hotmail.com,Female,47,2024-05-24,51,12507.04
866,Amanda Washington,(626)878-5026,ortegamichaela@gmail.com,Male,40,2023-10-09,83,11440.15
867,Ian Nguyen,001-391-970-8453x10720,nicole61@rios-perez.com,Other,43,2022-05-09,16,37631.51
868,Micheal Smith,+1-737-190-2358x2461,hlewis@robinson-contreras.net,Female,52,2022-08-03,18,20546.43
869,William Suarez,001-652-592-6029,zstewart@gmail.com,Male,55,2025-01-08,24,31782.8
870,Joshua Johnson,+1-980-529-4883,michaelkelley@bell.com,Female,60,2022-12-03,3,45480.26
871,Danny Barrett,001-883-300-3123x350,zacharyjackson@martin.com,Female,24,2021-09-21,1,38425.62
872,Steven Logan,+1-943-087-1224x605,bryanreyes@yahoo.com,Other,26,2021-12-09,44,26818.47
873,Brittany Hood,704.759.3460x373,xgraves@yahoo.com,Other,59,2024-03-31,6,32621
874,Tara Miller,+1-912-761-7801x4698,christina08@jones.com,Female,46,2022-11-17,46,31947.99
875,Daniel Alvarado,811.416.3126x982,dobrien@parks.net,Other,40,2023-05-05,82,13439.21
876,George Mitchell,001-952-437-6726x77302,martinrenee@coleman-wood.biz,Other,42,2020-05-30,57,43005.86
877,Caitlin Callahan,619-504-1259,lwalker@yahoo.com,Male,19,2024-09-07,12,5763.23
878,Jasmine Vega,2208863482,jeanvillegas@walker-jenkins.com,Male,25,2024-07-24,87,14650.7
879,Kelly Powell,001-455-299-5836,lowebrent@norman.info,Male,29,2024-01-19,20,23268.55
880,Sarah Sharp,868-864-5859x3808,jeffreylee@jordan-morales.biz,Female,41,2023-09-02,23,5319.37
881,Lisa Williams,(312)847-3410x44287,rodriguezamanda@peterson.com,Female,49,2020-02-19,82,40094.69
882,Mr. Jeffrey Hughes,(795)846-0657x5350,meghanbruce@patterson-stanley.com,Female,40,2020-08-16,50,16061.74
883,Angela Kennedy,(857)629-9799x771,matthew11@durham.info,Female,41,2023-11-18,2,18234.03
884,Jonathan Ramos,531-618-3505,rebeccadominguez@hotmail.com,Other,27,2022-10-08,35,12080.18
885,Maria Wilson,029-371-2198x5845,kathymadden@chavez.com,Female,28,2023-05-03,10,35348.14
886,Brian Stephens,605.041.2647x2119,hallabigail@hotmail.com,Other,49,2022-07-25,55,32230.76
887,Jeremy Price,001-561-657-3772x58353,uburke@grimes.com,Other,25,2023-12-09,75,17926.22
888,Evan Odom,751-773-7138,iliu@gmail.com,Female,21,2021-10-18,9,20679.39
889,Crystal Wall,+1-477-485-0687x4266,amberscott@yahoo.com,Male,27,2020-09-30,27,45375.67
890,Krista Webb,(751)694-9609x11239,donna00@french.com,Female,34,2024-03-07,41,27258.27
891,Lori Wilson,901.872.7877,susan17@cross.org,Other,48,2021-05-28,95,19035.52
892,Connie Collins,(182)432-9364,ztucker@ruiz.biz,Female,43,2024-03-08,67,15995.48
893,Diana Combs,(417)046-0074,marystewart@yahoo.com,Female,58,2021-11-18,50,34962.64
894,Jeffrey Garrison,580-046-7980,jerrylawrence@young.com,Other,34,2025-01-05,62,26524.25
895,Ronald Diaz,(608)023-3317,cassandra14@yahoo.com,Male,59,2023-11-27,97,14311.55
896,Krystal Ferrell,+1-238-861-1596x704,moralespatrick@evans-rogers.com,Female,21,2022-02-28,91,26564.82
897,Anthony Fleming,001-248-491-3044x31023,clove@gmail.com,Male,50,2022-10-06,13,15938.37
898,Carolyn Lopez,001-420-863-0962x3654,qlynch@yahoo.com,Male,26,2021-02-26,100,17547.42
899,Brandi May,9341533595,malloryjackson@hotmail.com,Male,60,2022-03-31,67,14804.67
900,Jessica Gonzalez,+1-584-021-6467x72212,gloria34@yahoo.com,Other,27,2021-07-21,49,29726.58
901,Angelica Robinson,512-978-2009x21431,fmiller@hotmail.com,Female,42,2020-01-05,24,17075.47
902,Jorge Carter,+1-426-957-2233,vhughes@wang.net,Male,23,2024-04-16,36,40275.89
903,Denise Miller,965.136.0437x8383,william30@lyons-ford.com,Other,25,2021-01-04,57,10178.82
904,Kara Morgan,566-792-2739x223,mitchellsabrina@powell.com,Male,52,2024-12-10,40,28265.35
905,Sarah Berger,001-508-218-1918x409,gloriaortega@gmail.com,Other,59,2021-03-17,69,30692.69
906,Cheryl Thomas,001-706-468-0197,shanehanson@smith.com,Other,44,2023-10-16,100,41618.21
907,Daniel Brown,336.054.4042,abigail04@gmail.com,Other,57,2021-08-24,19,23026.55
908,Mr. Brian Marshall DDS,(474)863-8931,darrylirwin@williams.info,Male,40,2023-01-05,40,49236.58
909,Jamie Miranda,(070)534-7668x27783,samantha46@miller.com,Male,20,2023-10-23,63,11596.02
910,Joseph Johnson,+1-568-438-4030x0861,smcknight@hotmail.com,Female,48,2023-07-29,14,13864.18
911,Tony Brown,4621861795,fdickerson@hotmail.com,Male,56,2020-03-18,85,36321.43
912,Kayla Nguyen,316.666.0330x377,donna08@wilkerson.com,Female,21,2023-12-30,4,36890.1
913,Lisa Williams,604-678-1956,htaylor@pittman-hanson.com,Female,42,2023-11-29,84,18053.3
914,David Hayes,(147)050-7794,robert52@reynolds.com,Other,22,2020-11-04,50,27183.49
915,Joseph Thompson,001-824-957-3030x64261,jonesfelicia@hotmail.com,Female,24,2025-02-06,89,37815.95
916,Brandon Jones,+1-905-647-1292x7473,billy35@nichols.com,Female,25,2023-01-03,38,38624.77
917,Gabriel Russell,419-196-0194x04344,brooksjulian@yahoo.com,Other,38,2023-08-05,94,11848.83
918,Gary Brown,+1-894-099-7042x36325,heather96@hotmail.com,Female,45,2021-10-04,58,37163.84
919,Jose Hodges,939.600.9973x59918,ashley75@gmail.com,Other,39,2021-02-11,71,8380.66
920,Joseph Owens,3566611742,richardsonpatrick@gmail.com,Female,45,2023-10-27,94,25917.57
921,Ronnie Henderson,953.355.2660,johnrodgers@yahoo.com,Male,33,2023-12-21,45,12113.84
922,Joshua Paul,+1-802-710-1367,ckaiser@dean.net,Other,41,2020-09-07,39,1546.81
923,Christina Martinez,066-317-6723x5049,michelle16@thomas-smith.info,Male,57,2024-07-05,82,49962.84
924,Bonnie Andrews,+1-627-494-9452,isaachernandez@yahoo.com,Other,22,2025-01-20,96,22902.99
925,Elizabeth Evans,523.861.8528x49511,tamara78@davis.com,Other,34,2021-11-21,38,30423.09
926,Shannon Weaver,(690)053-0067,morrisonjake@walton-johnson.com,Other,50,2021-10-10,35,29299.14
927,Kimberly Davis,001-036-228-0242x29187,ujohnson@hotmail.com,Other,33,2022-05-23,2,36809.59
928,Sharon Bell,001-134-850-6490x5603,watersthomas@armstrong-davis.com,Other,26,2022-05-02,91,36257.85
929,Peter Hicks,272-474-0212x574,obrienbecky@simon.com,Other,34,2020-11-05,24,9874.68
930,Patrick Clark,594-595-8563x938,kathleenweiss@welch.info,Female,39,2021-09-16,92,46716.57
931,Kenneth Hartman,(826)698-6519x8648,julie01@yahoo.com,Other,26,2024-07-19,58,28341.32
932,Jordan Elliott,076-426-3043,kjohnson@hotmail.com,Male,39,2024-09-11,15,48366.56
933,Keith Gray,908-467-4300,cameronrodgers@zimmerman.com,Female,51,2022-05-06,56,6048.23
934,Amber Cook,6333063548,eatonjames@gmail.com,Male,37,2022-04-13,23,16699.83
935,Rebecca Frederick,120-602-3532x217,matthewnorman@gmail.com,Other,42,2022-04-24,86,45583.64
936,Ryan Pena,389-851-4537x34943,lance36@yahoo.com,Other,40,2021-03-02,78,21577.72
937,Amy Allen,707.813.5041,laurarichardson@gmail.com,Other,26,2023-04-04,44,4399.56
938,Mrs. Vicki Montgomery,462.993.0688x01268,monica44@hamilton.org,Male,27,2022-07-15,88,32536.85
939,Jonathan Wood,001-085-004-4155x47766,tiffany05@hubbard.com,Other,45,2020-02-18,56,23196.8
940,Tracy Freeman,641.186.4484,cherrera@garcia-ramirez.com,Female,40,2020-04-22,69,39591.33
941,Laurie Foster,546-738-3765x340,bryantbrian@taylor.com,Male,58,2020-08-02,38,42458.99
942,Susan Fuller,+1-504-272-9284x335,ramostammy@miller.info,Other,60,2020-09-06,56,2013.54
943,Jason Wells,(594)012-4812x56154,ojackson@hotmail.com,Other,28,2020-07-17,42,34949.29
944,Kimberly Cole,+1-398-428-5696x47255,andrew79@hotmail.com,Male,50,2020-09-14,77,46283.95
945,Michael Brown,435.684.3474x7916,dennisnixon@gmail.com,Male,45,2022-02-01,18,33097.04
946,Linda Thomas,178.887.5765,katherine62@jones-curtis.net,Female,53,2021-06-29,88,30166.96
947,Tyler Glass,001-918-098-5688x17531,jerryshields@alvarado-morris.com,Female,59,2020-05-20,44,17096.13
948,Dawn Bowen,499.549.4725x21364,hunterbenjamin@mcbride.com,Other,37,2024-08-07,46,34022.67
949,Mark Mullins,(603)993-7758x1826,david76@sparks.biz,Male,30,2020-03-09,45,35924.83
950,Amanda Mcneil,001-740-999-8378x04166,jasonbrown@lawson.com,Male,19,2020-05-30,96,5909.79
951,Kimberly Bruce,811.573.7461,vchandler@campbell.com,Other,24,2023-03-22,2,22031.01
952,Marissa Walters,408-516-6754x4753,jfuller@arnold.com,Female,23,2023-05-01,16,28215.42
953,Rachael Powell,001-442-255-4846,dgomez@yahoo.com,Other,44,2022-01-09,62,26068.89
954,Terry Wells,001-776-580-6312,crice@anderson-mcgee.com,Female,54,2020-01-09,93,38187.57
955,Danny Phillips,(520)781-9470x36709,kellylinda@hotmail.com,Other,34,2022-11-29,85,19707.76
956,Paul Mckinney,001-739-390-6683,jamiejohnson@gmail.com,Other,58,2023-08-14,61,30529.09
957,Amy Green,054-703-1335,greensean@yahoo.com,Female,58,2024-08-14,78,1672.29
958,Danielle Moore,+1-634-485-5166x0375,hnguyen@oliver.com,Female,47,2022-02-11,44,32561.06
959,Alyssa Smith,831.706.6156,rrussell@williams.com,Male,23,2022-03-14,33,31926.39
960,Crystal Morris,+1-751-882-6266x3133,orichardson@pearson.com,Other,38,2024-07-01,30,3471.64
961,Elaine Lang,340.979.6743x96112,villanuevachristine@gmail.com,Other,18,2024-03-18,94,9284.74
962,Richard Johnson,(970)750-9195x36499,ericmalone@parks.com,Other,43,2023-08-20,93,18518.18
963,Caleb Clay,001-953-787-6960,jeffrey75@wells.com,Male,29,2020-04-02,72,10155.21
964,Tracey Garcia,363.460.0503x597,jacksonstephanie@gmail.com,Other,31,2023-03-22,18,25372.56
965,Edward Merritt,001-856-336-7964,luis94@yahoo.com,Male,38,2024-04-20,22,44107.93
966,Lori Parsons,001-029-974-5130,joshua91@morales-copeland.info,Other,30,2020-08-10,46,41157.91
967,Christine Jackson,+1-189-677-4963x652,westjeremy@cooley.com,Male,32,2021-03-27,52,33611.78
968,Anthony Jensen,904.942.4088,howard52@hotmail.com,Other,42,2024-01-21,69,23274.59
969,Jeff Jones,403-127-4802x5981,hartdonald@hernandez-anderson.com,Male,60,2023-10-04,17,41889.45
970,Ronald Reid,(291)557-3390x7427,kimsims@mitchell-walsh.net,Other,27,2022-08-04,72,10663.25
971,Kaylee Smith,449.174.6273x665,mcfarlandangie@hotmail.com,Male,27,2023-11-05,43,38413.55
972,Calvin Coleman,2246733112,faulknerderek@powell-jacobs.org,Male,53,2025-01-15,38,6285.87
973,Jeffrey Wright,777-201-7297x18460,lloydtonya@gmail.com,Female,54,2024-04-17,49,8389.5
974,Brian Gonzalez,(179)797-9971x78795,kcarson@fisher-wright.com,Female,34,2022-01-31,72,35258.65
975,Michelle Lee,618-003-6170x5315,nmitchell@shepard-edwards.biz,Male,28,2022-11-25,82,15310.49
976,Michael Baldwin,0968425156,joshua98@stein.com,Female,34,2023-06-08,7,22318.25
977,Cheryl Perez,816-315-3634x8723,jasonanderson@munoz.net,Other,56,2020-04-25,63,30258.14
978,Stephen Fernandez,001-757-992-7247,alice63@hotmail.com,Male,47,2020-03-06,38,45489.7
979,Stacey Sullivan,4783678871,marissa71@hotmail.com,Male,30,2024-02-24,45,6197.37
980,Sandra Miller,6343284272,kylemitchell@yahoo.com,Other,28,2023-05-02,47,21598.78
981,Karen Leon,814.995.5708,pattersonmelanie@richmond.com,Female,58,2022-02-22,84,28846.54
982,Lisa Church,790-330-3407x617,zachary92@yahoo.com,Other,51,2023-01-24,41,39431.59
983,Jonathan Richards,+1-673-840-4562x9501,julielong@hotmail.com,Male,45,2020-01-16,19,6701.64
984,Katherine Sullivan,629.995.5474x8556,samanthahall@gmail.com,Other,32,2021-11-01,21,41504.79
985,Christine Arnold,(081)235-9111,austin70@campbell.com,Male,38,2021-04-20,16,15748.72
986,Mr. Zachary Baker,(528)553-8591,proctormichelle@burgess.com,Female,29,2024-02-13,51,32677.6
987,Jennifer Moss,(915)047-7174x161,barbara61@gmail.com,Other,35,2021-06-22,5,38788.29
988,Dana Johnson,+1-116-025-4879x7570,jason79@hotmail.com,Other,58,2024-11-08,4,38009.23
989,Katherine Pearson,857-696-2039x665,watsonmaria@giles.net,Other,45,2022-05-23,23,26188.87
990,David Hunt,001-522-014-9185x08839,ashleydavis@hotmail.com,Female,50,2024-07-16,95,29813.1
991,Megan Lopez,3806240940,scollins@patterson.com,Other,38,2023-03-21,64,11383.32
992,Dr. Mary Valdez MD,844-475-2151x928,lauren85@valenzuela.com,Other,23,2022-07-28,54,13203.37
993,Alan Hines,234-287-9224x70079,umiller@marshall.info,Female,45,2024-12-14,13,31211.91
994,Kevin Bennett,965.580.6478x78380,medinadavid@yahoo.com,Other,18,2023-11-10,89,9903.58
995,Joseph Lopez,929.163.4127,james12@gmail.com,Female,51,2021-10-10,12,26507.13
996,Billy Gutierrez,852-530-7935x28630,josephwilliams@hotmail.com,Male,35,2022-05-12,36,2325.16
997,Madeline Smith,(938)355-0858,jenniferbutler@king.info,Male,24,2023-11-19,24,37150.57
998,Dylan Baird,435-178-1533x8139,brandi37@guerra-gutierrez.com,Other,52,2021-07-21,1,43443.13
999,Donna Owens,+1-459-776-9518x14265,greerdaisy@hotmail.com,Female,32,2021-09-24,71,33378.48
1000,Jerry Patel,(903)609-5693x6631,zblair@parker.com,Male,51,2023-11-23,22,17191.43
1001,Natasha Mullins,(179)192-7271x20337,bdickerson@gmail.com,Female,56,2022-07-28,40,10166.3
1002,Grace Stevenson,(398)890-2570,georgeayala@gmail.com,Female,44,2020-03-02,93,25552.19
1003,Andrew Adams,022-322-8351x9156,damon13@hotmail.com,Male,50,2020-05-04,89,27327.21
1004,Fernando Hardin,(171)507-6891x16755,butlerrobert@gmail.com,Other,56,2021-08-25,14,10188.38
1005,Ariel Miller,2908997035,johnsonbrent@yahoo.com,Other,44,2023-08-10,53,7975.35
1006,Samantha Mitchell,(115)312-6431,nicole11@hotmail.com,Other,50,2025-02-26,40,9119.96
1007,Lisa Choi,643-036-4376x8967,juliajohnston@mccoy.org,Male,34,2022-06-22,77,26298.69
1008,Amanda Carter,001-388-493-3722x5253,qturner@brown-horn.com,Male,43,2021-02-11,12,7027.16
1009,Christopher Mccullough,145.241.2633,edward76@gmail.com,Female,55,2020-07-16,66,2374.79
1010,Allison Davis,+1-020-052-3239,frank07@hotmail.com,Male,47,2022-11-19,6,2777.68
1011,Victoria Lewis,001-597-396-7834,jonathan99@hotmail.com,Other,18,2022-05-19,59,30675.65
1012,Tiffany Collier,001-284-023-4804,hamptonsonia@yahoo.com,Female,40,2022-12-12,84,48018.81
1013,Natasha Rush,1502304435,jamesjames@garcia.net,Male,37,2024-11-01,33,49827.45
1014,Christopher Rogers,147.141.6563x55042,mark56@hunter.net,Female,49,2025-01-08,66,29609.43
1015,Christopher Crawford,136-573-0913,vadams@morris.net,Female,20,2023-03-02,73,41924.53
1016,Sarah Mcdonald,001-707-774-8360x6337,nguyenjason@mccann-cohen.biz,Female,26,2021-09-10,87,23500.88
1017,Michael Little,7676777665,rhondasantos@gmail.com,Male,21,2024-04-03,99,21477.25
1018,Richard Chavez,(726)163-8615,falvarado@gmail.com,Other,32,2020-12-18,89,3380.8
1019,Peter Daniel,494-415-2153,mullinsdonald@fernandez.org,Female,42,2023-03-20,16,39552.47
1020,Becky Wallace,241-447-6606x365,jacksonjoseph@yahoo.com,Male,44,2023-12-24,29,28615.95
1021,Taylor Clark,842-914-7682x832,danielhill@long.com,Other,51,2020-09-01,67,43917.66
1022,Robert Hopkins,(727)908-4081x82657,romerotammy@thompson-greer.com,Other,32,2020-05-20,74,29205.8
1023,Alyssa Davis,001-322-227-0254x444,daniel45@anderson.biz,Other,51,2020-12-20,87,8438.49
1024,Christina Baker,+1-922-096-1092x313,melanie18@yahoo.com,Male,26,2020-07-02,72,5451.38
1025,Kevin Ramirez,(860)023-0705,jpayne@williams.net,Male,24,2022-11-12,1,18011.16
1026,Brian Miller,+1-484-853-0107x8488,thuff@warner.org,Female,32,2024-03-11,66,43369.65
1027,Patricia Ross,+1-331-965-1710,jeffreygrimes@jones.com,Other,46,2023-04-16,89,9602.94
1028,Christopher Hughes,001-767-612-9390x66061,lauren12@simon.com,Female,48,2024-10-26,11,41585.84
1029,Heather Stanton,693.934.1689,ebenson@yahoo.com,Female,36,2021-11-01,21,17546.79
1030,Sean Foley,6816401521,darrellrocha@hotmail.com,Other,41,2021-03-29,48,10527.85
1031,Anna Gutierrez,(454)374-4586,xhart@yahoo.com,Other,20,2022-07-20,1,14987.77
1032,Kendra Rodriguez,881-653-2051,dylan93@gmail.com,Male,25,2023-04-24,99,49940.19
1033,Kaitlyn Mcclure,099.872.0193,bryan05@gmail.com,Male,38,2020-10-13,62,33986.87
1034,Christopher Abbott,888.463.0764x99813,ewingjennifer@schultz.org,Male,27,2021-09-01,10,18943.47
1035,Kyle George,(279)339-8609x706,lozanoryan@newton.com,Female,42,2024-01-19,44,44558.33
1036,Jeffrey Sanchez,001-844-461-9560,martinezbryan@smith-kramer.com,Other,47,2022-06-26,64,8615.04
1037,Teresa Hickman,289-169-1200,alexander70@rodriguez.com,Male,20,2022-02-11,43,33993.25
1038,Johnny Miller,831.956.9442x73253,tgonzalez@hotmail.com,Other,38,2022-10-12,54,47104.43
1039,Laura Roberts,(477)930-1597,ivan20@gmail.com,Other,20,2024-05-14,24,19109.44
1040,Anthony Miller,046.827.1382,sandybrown@jones-rogers.com,Other,54,2023-04-22,31,33062.67
1041,Brett Green,(618)999-8171x1534,iowens@hotmail.com,Male,36,2022-10-02,16,26236.42
1042,Rebecca Moreno,001-981-205-1743,danielle91@martinez-bowers.com,Male,25,2022-03-31,15,5154.34
1043,Mark Miller,+1-876-214-9358x698,wthomas@yahoo.com,Other,60,2021-11-20,94,49239.86
1044,Kyle Miller,(332)474-3614,ggonzalez@hotmail.com,Female,27,2022-10-04,84,33640.69
1045,Patrick Davis,794.590.8046x619,eaguirre@hotmail.com,Female,42,2022-08-31,45,29443.78
1046,Kim Neal,859.707.4841x7433,david11@stewart-gregory.com,Female,36,2024-07-05,18,3900.22
1047,Cody Valdez,059-169-5244,traviskim@brown-rocha.com,Other,40,2021-06-20,39,46827.1
1048,Stephanie Nielsen,+1-421-533-8867x7122,mperry@grant-velasquez.biz,Female,51,2023-04-17,43,1931.04
1049,Jonathan May,324.973.2403x0318,johnortega@lewis.com,Male,38,2021-05-20,1,28080.62
1050,Justin Faulkner,878-003-8292,cassandrabates@robinson.com,Female,44,2024-08-05,50,33693.22
1051,Jacob Jones,(470)864-2756,nancyhernandez@simmons.com,Female,50,2023-02-07,87,28685.34
1052,Jeffrey Lee,(179)165-2302x1105,patricialopez@woods.org,Male,30,2023-12-29,36,14511.73
1053,Morgan Juarez,576-738-1472,charlestaylor@thompson.com,Male,52,2020-03-26,71,3470.1
1054,Elizabeth Morrison,001-615-314-1525x043,kellywood@hotmail.com,Female,22,2023-07-18,25,16777.25
1055,Helen Burns,451-924-2423x84836,stephanie15@yahoo.com,Female,44,2024-11-12,88,36688.1
1056,Shelby Williams,(211)599-6636,robert11@hotmail.com,Female,55,2023-01-12,83,31875.7
1057,Lindsey Gray,(289)734-3441,geoffreymason@bennett-hess.com,Female,33,2022-12-06,94,6060.7
1058,Christopher Wood,+1-283-194-2517x79478,leachwendy@yahoo.com,Other,32,2022-04-19,27,20578.15
1059,Melinda Gutierrez,(716)078-5526x75223,brownjoseph@hotmail.com,Female,50,2021-01-17,84,42643.95
1060,Amber Parks,990-988-7708x93566,ashleytucker@miranda.net,Male,38,2022-12-13,45,32334.8
1061,Douglas Warner,536.643.5218,timothy84@alvarado-wright.biz,Other,30,2020-10-01,87,21711.21
1062,Nicole Gonzalez,333.266.6927x31421,rodriguezronald@williams-johnson.org,Other,41,2023-08-02,35,20069.65
1063,Rebecca Kelley,+1-946-854-2366,drussell@thomas.com,Other,57,2022-08-22,45,32885.07
1064,Sherry Wilkinson,0376406673,sherrysimpson@flowers.com,Male,36,2024-03-26,76,37948.48
1065,Joshua Harrison,001-261-907-9515x848,jenniferpayne@steele.com,Female,34,2020-12-20,46,5404.13
1066,Donna Wong,001-195-287-0587x208,chapmandean@stewart.com,Other,56,2023-08-23,63,4716.32
1067,Joseph Crawford,+1-998-194-0072x96038,ryanchristian@murray-neal.com,Male,35,2023-01-23,68,15659.69
1068,Thomas Choi,+1-317-548-0771x8047,thompsonallen@hotmail.com,Male,32,2024-11-10,45,28032.87
1069,Benjamin Reeves,3053629896,jacqueline64@hotmail.com,Other,25,2022-04-06,92,48467.48
1070,Nicole Dunn,357.828.3688,cookcharles@yahoo.com,Male,43,2023-07-02,28,9052.99
1071,Jessica Cruz,464.283.7973,williamhill@hotmail.com,Other,44,2020-10-10,91,41630.12
1072,Gregory Brown,9093125880,dcrane@hotmail.com,Other,44,2020-12-22,66,23818.33
1073,Douglas Walton,+1-179-425-7617x6220,collin72@brown.org,Female,32,2021-09-12,48,15608.7
1074,Jacob Herman,2831532167,amber08@willis.org,Male,28,2025-01-24,54,23573.51
1075,Carolyn Williams,+1-379-315-5386x1748,darius60@gmail.com,Other,53,2022-10-11,59,7497.1
1076,Kristen Conner,+1-547-547-4670x0080,kroach@dunn.com,Female,21,2023-12-07,32,1615.42
1077,Ashley Lara,001-917-126-1428x5209,masonsummer@yahoo.com,Female,47,2023-07-09,71,8265.4
1078,Benjamin Lopez,(215)222-0346,brenda87@williams.org,Male,32,2023-05-24,88,42865.03
1079,Stephanie Guerra,(109)816-8588x4501,fwelch@hotmail.com,Male,46,2022-03-24,57,41746.98
1080,Isabel Williams,754.350.9090x537,melendezkaren@hotmail.com,Other,57,2020-01-21,42,27729.23
1081,Christopher Walker,083-758-4763x249,mary87@gmail.com,Male,45,2023-11-30,54,19540.94
1082,John Hansen,001-976-232-3190x0909,robertwoodard@bowman-smith.com,Other,48,2021-02-08,3,33281.4
1083,Jason Robinson,973.546.4593,mackjennifer@hanna-nguyen.info,Female,33,2023-11-07,73,1398.54
1084,Kelly Newton,(342)607-6851x276,osnow@gmail.com,Female,48,2023-07-08,1,35661.39
1085,Dr. Jennifer Suarez,001-677-298-2557x227,jenniferwolf@jackson-brennan.biz,Other,39,2024-02-16,87,38698.96
1086,Madison Larson,484.538.9700x079,lindsey78@martinez.info,Female,39,2023-12-16,31,19056.53
1087,Jennifer Rodriguez,+1-662-669-3661x01439,ocarter@gmail.com,Male,47,2020-07-08,80,24035.95
1088,Collin Lamb,233.667.8168,brendagarcia@phillips.org,Male,23,2020-06-10,57,16285.43
1089,Jennifer Knight,001-881-707-7100,cynthiaparker@gmail.com,Other,45,2023-01-18,46,7353.67
1090,Heather Bailey,390-898-3896,adamwilliams@white.com,Female,33,2020-09-10,67,2804.92
1091,Ryan Brown,+1-577-176-4055x33608,berryjacqueline@williams-garcia.com,Male,49,2021-11-07,39,17315.72
1092,Jason Ortiz,(650)467-1561,nelsondouglas@gmail.com,Male,24,2024-10-30,97,39557.42
1093,Charles Martin,001-281-409-2850x1470,latashacarr@ramirez.net,Female,53,2021-11-17,11,8122.14
1094,Beth Nguyen,(413)722-1790x27527,deborah98@mckay-sloan.org,Other,43,2025-01-18,16,13815.83
1095,Gregory Wilson,077-407-3330,wallerpatricia@sanchez.com,Male,29,2022-10-02,89,2799.44
1096,Thomas Acevedo,+1-836-383-4891,reyesjennifer@hotmail.com,Other,57,2023-12-29,3,29162.67
1097,Megan Blanchard,968.502.6478,newmannicole@jones.com,Female,59,2024-08-09,19,25981.04
1098,Mr. Alexander Snyder,(290)015-9378,johnshaw@yahoo.com,Male,57,2021-08-12,94,6540.6
1099,Samantha Wagner,001-894-052-9726x999,mckeebreanna@walters-odom.com,Other,44,2020-05-29,20,48013.7
1100,Donna Stewart,001-788-682-2392x6441,hayneskarla@mcintosh-barry.biz,Male,44,2020-04-19,87,41135.19
1101,Anthony Silva,546-606-0627x319,rruiz@graham-matthews.org,Male,22,2022-12-01,88,38295.25
1102,Jamie Sosa,769-872-3801x107,danielpage@moore.biz,Other,33,2020-07-10,38,40514.34
1103,Eric Zhang,(104)199-7336x807,lgutierrez@harper-flores.com,Other,30,2024-04-04,51,10686.89
1104,Jody Moreno,584.265.6909x68906,tammy11@gmail.com,Other,21,2021-03-11,25,48306.24
1105,Maria Marquez,600-084-7093,tsparks@yahoo.com,Other,24,2021-04-15,55,38031.53
1106,Nicholas Lynch,894.811.9794x1538,leedavid@hotmail.com,Male,47,2021-10-20,19,10687.77
1107,Matthew Vaughan,001-925-041-1595x5196,mariafischer@smith-wilkerson.biz,Other,30,2022-12-15,78,16366.47
1108,Anthony Ferguson,838.475.2753x74466,jenniferellis@hotmail.com,Female,22,2023-03-08,98,7551.31
1109,Courtney Bailey,+1-940-584-3496,johnlopez@gibson.info,Female,48,2023-10-27,29,33243.06
1110,Ryan Murphy,001-821-246-2441x2063,johnsonpaige@barrera.info,Female,26,2021-09-18,14,30959.83
1111,Jared Hunt,957.459.5175x398,umejia@yahoo.com,Male,27,2023-10-16,93,6327.39
1112,Adam Howard,001-473-512-6384x14135,kerri05@howell.com,Other,45,2024-09-08,5,40735.36
1113,Susan Carroll,(854)390-6689,greengary@schmidt-christensen.com,Other,20,2021-08-30,8,49381.74
1114,Nicole Collins,674-713-2888x2498,robertoconnor@james-galvan.com,Male,59,2024-01-22,30,1883.88
1115,Kenneth Wilson,(940)842-4420,reillymegan@hotmail.com,Female,35,2024-12-12,53,21289.16
1116,Peter Powers,001-598-552-9022,changmarcus@thompson.com,Male,38,2024-01-31,21,44049.68
1117,Brenda Bird,+1-520-438-0797x072,jorge13@newton-payne.com,Other,60,2023-03-31,26,34148.32
1118,Christopher Malone,001-250-871-5570,cschmidt@lucas-castaneda.net,Female,32,2021-09-27,20,14073.12
1119,Douglas Floyd,0073291049,hernandezamanda@villa-ponce.net,Other,18,2022-08-11,100,15121.16
1120,Kristin Rodriguez,+1-486-039-3617,samuelchavez@tucker-rice.info,Male,57,2021-04-27,82,45008.03
1121,Eric Gordon,+1-864-181-9496x3770,wesley90@yahoo.com,Other,26,2023-05-15,28,21289.79
1122,Chris Lowe,+1-787-380-2907x530,duranstephen@hotmail.com,Female,23,2020-07-30,94,34408.58
1123,James Kemp,593-849-1497x966,huangjulie@gibson-soto.com,Other,56,2023-12-19,87,40236.67
1124,James Reynolds,876-060-8808x3704,wesleymorgan@burnett.com,Other,47,2020-04-20,61,43148.1
1125,Debra Scott,943.576.9739x8530,brian67@mccoy.com,Female,33,2024-05-16,87,6975.16
1126,David Stewart,+1-387-079-6162x2761,dustin01@hotmail.com,Male,29,2024-11-28,47,25006.89
1127,Kendra Barber,+1-366-887-0926x932,tromero@pineda.com,Other,32,2024-05-08,66,25303.88
1128,Joseph Charles,654.874.1133,fwoods@yahoo.com,Male,27,2022-10-18,10,13184.09
1129,Melissa Shaw,870-915-5535,vphillips@daniel-rice.com,Male,40,2020-01-29,84,12478.58
1130,Michael Hudson,425-800-2618,taylor72@gmail.com,Other,30,2025-01-03,13,10563.8
1131,Patrick Taylor,561.042.3729x121,watkinsjulia@yahoo.com,Female,35,2021-09-20,8,8979.93
1132,Richard Lutz,994.685.2029x44956,gilbertjohn@gmail.com,Female,19,2022-08-06,98,8385.06
1133,Michael Jones,106.530.8804,lfreeman@hotmail.com,Other,60,2021-05-13,82,31893.79
1134,Dennis Owens,001-998-520-1867,monicawilcox@vega.info,Female,45,2020-06-17,40,46828.79
1135,Christopher Robinson,7403992936,robertsonallison@gmail.com,Male,20,2021-04-15,43,35192.12
1136,Cynthia Smith,2441572480,christinamiller@gaines.org,Male,60,2021-05-23,98,33708.48
1137,Lori Leon,447.404.9609x50916,gardnerjohn@gmail.com,Female,45,2022-09-01,6,40691.55
1138,James Obrien,(816)253-9550x2878,watkinsana@werner-green.org,Female,24,2020-03-06,52,20382.94
1139,Adam Day,333-175-4054x17405,ericriley@yahoo.com,Other,40,2021-10-04,84,10312.44
1140,Joshua Harper,+1-996-071-9248x25359,aturner@hotmail.com,Female,40,2024-05-08,85,14998.88
1141,Frank Robinson,(125)373-8890x5707,marierivera@smith.org,Male,28,2020-03-23,41,48117
1142,Richard West,1691520358,ihall@gmail.com,Female,27,2020-03-11,78,40419.89
1143,Chris Baxter,(271)374-0800x708,wzimmerman@hotmail.com,Male,41,2024-01-23,88,31431.04
1144,Jordan Gutierrez,967.825.5218x11867,william15@wilson.com,Female,45,2023-10-05,35,47893.02
1145,Matthew Burch,605.683.7384x96044,fisherdylan@hotmail.com,Male,32,2022-09-20,79,20767.7
1146,Megan Ramsey,636-566-7265x90268,cowandavid@gmail.com,Male,49,2024-09-14,45,12752.89
1147,Jessica Wallace,192.067.2146x601,mhansen@yahoo.com,Female,21,2020-02-19,5,23733.24
1148,Kelly Hill,001-320-804-3966x9180,christina35@hill.com,Male,34,2025-02-07,67,42790.74
1149,Brenda Riley,758-716-7758,kyle70@yahoo.com,Male,47,2022-03-25,75,11826.15
1150,Debra Ball,840.324.1221x491,eddiemccarthy@yahoo.com,Female,60,2024-03-04,17,32773.52
1151,Kelly King,001-808-759-9628x9646,jenniferpierce@hotmail.com,Other,52,2020-09-16,38,45545.51
1152,Michelle Walker,772-943-1172,collinsjessica@mccoy-martinez.com,Female,25,2023-04-09,78,36604.87
1153,Joseph Matthews,(115)888-9940x895,omyers@holt-mendoza.com,Female,29,2020-01-25,99,48012.03
1154,Andrea Sanders,6800397105,john19@lee.net,Female,28,2023-10-12,86,23623.65
1155,Dr. Jessica Lane DDS,563-026-8802,vanessamartinez@cooper.com,Female,26,2021-05-14,85,25547.03
1156,Jeffery Clark,(662)345-9933x0947,kelli00@owens.net,Female,56,2024-05-24,10,14080.42
1157,Chloe Roman,(026)547-9716x127,barkermario@hood.org,Other,57,2024-03-20,49,3330.2
1158,Brittany Ruiz,568-452-9698,floressamuel@gmail.com,Female,41,2022-02-28,85,30931.08
1159,David Holder,652.596.0060x246,rromero@hotmail.com,Female,46,2023-06-27,89,9054.28
1160,Connie Conley PhD,001-341-185-0982x64780,george85@yahoo.com,Male,55,2020-01-14,65,49732.65
1161,Susan Gonzales,001-103-582-0116x496,richardsonashley@lang.biz,Female,26,2023-09-09,59,46965.15
1162,Brandi Fowler,(044)976-6750x1794,morganwalker@gmail.com,Female,41,2020-04-19,48,1415.06
1163,Belinda Figueroa,069-528-0287,mhill@klein.com,Male,40,2020-02-18,55,26394.3
1164,Tracy Smith,773.053.6029x2572,shelbywallace@wilson.com,Other,40,2022-04-12,43,10458.67
1165,Madeline Mendoza,+1-483-027-8481x807,xrowe@hotmail.com,Other,34,2021-02-11,86,48570.46
1166,Tammy Livingston,+1-290-332-0624x7197,andrewdiaz@yahoo.com,Male,29,2023-12-28,83,12580.44
1167,Julia Fuller,2323692197,denise68@bradley.biz,Other,55,2021-09-03,39,8999.66
1168,John Boyle,037.220.4673x512,vargasjill@richards.com,Female,52,2020-05-19,29,43718.55
1169,Kevin Thomas,(805)324-2503x3085,feliciaodom@yahoo.com,Other,33,2024-04-16,30,37471.44
1170,Tracy Bates,421-085-6766,laurie82@cook-edwards.com,Female,47,2022-01-03,16,5047.26
1171,Maxwell Jimenez,001-746-469-3683x8350,daviddavis@gmail.com,Male,24,2023-06-05,88,12765.5
1172,Jeff Robinson,7684998089,melissa09@gmail.com,Other,30,2021-12-08,14,4460.31
1173,William Mcfarland,+1-158-176-7853,sean99@williams-ortiz.com,Female,55,2023-01-22,53,28042.76
1174,Elizabeth Martinez,001-993-527-4331x8106,jpetersen@gmail.com,Other,31,2023-08-04,82,10961.31
1175,Annette Mendoza,+1-144-947-4917x0886,stephaniemccoy@gmail.com,Other,43,2020-02-09,91,8955.03
1176,Linda Abbott,(535)901-8886x572,josephharris@carey.com,Other,35,2023-09-02,35,36468.57
1177,Richard Wood,587-340-9298x42166,fletcherkristina@murray.com,Other,40,2023-07-18,14,22914.3
1178,David Wilson,040-073-8429x502,hayeskristine@byrd.com,Other,35,2020-08-21,17,32435.58
1179,Joseph Bailey,361.322.9278x9907,joseph85@gmail.com,Male,60,2024-05-24,80,4788.27
1180,Brittany Powell,(005)485-5533,torreslaura@fowler-fox.com,Male,29,2021-08-22,15,29945.21
1181,Jennifer Knight,001-755-272-0551x19679,averyjanet@melton-alexander.info,Male,29,2022-12-21,60,16325.53
1182,Robert Garrison,+1-233-432-0530,catherine49@cohen.biz,Male,54,2021-03-01,88,21061.79
1183,Jacqueline Keller,026.403.1873x240,williamssherri@gonzalez-hampton.biz,Other,35,2022-01-16,94,28736.37
1184,Kyle Wood,+1-966-168-4864,joenorman@gmail.com,Female,48,2020-12-08,99,31665.53
1185,Javier Mercado,+1-687-582-6976,robert86@gmail.com,Other,55,2021-09-15,5,6355.26
1186,Damon Hernandez,+1-928-852-3755,kimdeleon@randolph.com,Other,41,2020-12-24,97,23553.53
1187,Gregory Ramirez,(377)768-0886x67424,bjohnson@wheeler.com,Female,55,2022-09-22,69,32576.64
1188,Kimberly Strong,952-089-5607,robinsonstephanie@alvarado.com,Other,33,2024-10-04,91,25322.89
1189,Brett Evans,457.539.6370x5229,twilliams@downs.net,Male,38,2022-01-11,81,39186.63
1190,Jacqueline Atkinson,+1-981-489-5925x272,iluna@yahoo.com,Other,32,2021-05-20,10,35024.7
1191,Patrick Singh,001-823-309-6388,paul13@macdonald.net,Other,24,2023-07-04,43,37213.61
1192,Gregory Williams,+1-699-251-8433x007,theresamiles@yahoo.com,Female,40,2020-07-05,48,30009.4
1193,Karen Best,0051299085,robyn40@hotmail.com,Female,41,2021-11-11,95,29953.56
1194,Brian Hart,001-195-103-9093x6880,tiffany33@hotmail.com,Male,19,2023-12-04,17,31945.84
1195,Mr. David Cook,001-583-621-0750x350,rblair@martinez.com,Male,22,2023-02-01,69,22706.1
1196,Julie James,912.895.2367x1078,kmiller@yahoo.com,Female,47,2022-05-21,90,17853.19
1197,Samantha Mccarthy,(654)766-0225x6125,albertpark@steele-pennington.com,Female,46,2025-02-05,93,34656.23
1198,Chelsea George,344.551.7238,patrickjoseph@yahoo.com,Male,58,2024-11-08,18,28989.21
1199,Jessica Hamilton,373.454.7275x081,jennifercarpenter@gmail.com,Male,37,2020-06-11,58,24203.39
1200,Joshua Henry,7176415368,richard99@lawrence.info,Other,37,2024-12-13,83,38001.24
1201,Andrea Davis,001-137-432-1139x296,tanyaandersen@yahoo.com,Female,24,2021-05-12,79,4624.65
1202,Daniel Stevens,+1-801-005-6437,dianebaker@brown.com,Other,36,2021-04-08,71,44155.23
1203,Crystal Hart,8331139970,robinwallace@coffey-white.com,Male,48,2022-12-06,26,33973.95
1204,Steven Miller,(132)766-4316,christinasmith@morgan.info,Male,55,2024-01-20,36,34782.94
1205,Mark Jordan,138.229.3111x37320,meghanlozano@wagner.net,Other,51,2025-01-04,3,7271.36
1206,Samantha Smith,161-852-5723,davidjones@miller.com,Other,34,2020-07-08,97,4523.7
1207,William Olsen,842-504-5322x765,yvonnethompson@yahoo.com,Male,58,2024-05-30,97,39693.01
1208,Jessica Mckay,001-103-440-5978x2846,acostajeremy@hotmail.com,Male,53,2024-03-26,61,26652.65
1209,Lucas Hubbard,(061)503-2457x71326,janetanderson@gmail.com,Male,20,2020-04-12,92,7568.51
1210,Ryan Mckay,+1-918-043-1508x200,hannahdavid@gmail.com,Male,36,2022-01-23,69,30003.35
1211,Sarah Alexander,(925)559-3913,jessica31@duncan-jackson.com,Female,47,2022-06-10,58,28719.58
1212,Kyle Lopez,+1-340-606-9455x4367,victoria31@turner.biz,Male,35,2021-07-07,7,6842.16
1213,Roberta Parks,+1-072-610-9961,grichardson@anderson.com,Other,24,2023-09-01,63,15260.11
1214,Timothy Mcgee,015.079.6760x768,nmiller@gmail.com,Other,23,2020-09-09,45,42525.54
1215,Frank Bonilla,128.889.1418,janet14@yahoo.com,Female,37,2020-12-25,84,9903.6
1216,Emily Riley,001-599-826-9090x6345,ytaylor@gmail.com,Female,24,2023-12-05,57,31722.51
1217,Brenda Harris,(224)058-5911,ethomas@boyd.org,Other,36,2023-08-31,62,25165.08
1218,Alexandria Floyd,+1-974-403-5521x005,ckim@gmail.com,Male,49,2020-08-18,2,33683.85
1219,Jody Robbins,629.327.0783,alison16@hotmail.com,Female,55,2021-05-07,21,37614.58
1220,Dylan Wright,342.241.1238,nsantiago@yahoo.com,Male,30,2021-07-31,73,2880.24
1221,Amber Burke,630-733-3152x70241,kcasey@mayo-bailey.biz,Male,55,2023-01-16,8,49549.75
1222,Jeffrey Lee,458.542.1878,schultzjim@russell.com,Other,27,2020-10-18,74,24003.57
1223,Cory Wilkerson,814-981-0830,juanbeasley@yahoo.com,Female,43,2020-02-11,93,19464.12
1224,Andrew Owens,2141168369,taylormichelle@barnes.com,Male,47,2020-04-03,82,32352.1
1225,Allen Stout,683.658.8396,hugheswilliam@daniel-scott.org,Other,27,2024-08-25,95,26743.41
1226,Robert Estrada,+1-626-395-7048,victorjacobs@nelson.com,Other,38,2023-09-27,16,7884.43
1227,Marilyn Rodriguez,354.922.9508,bonnie11@gmail.com,Other,33,2023-01-25,25,45996.24
1228,Mary Weber,458-090-3776x832,bonnie22@guerra-hughes.info,Male,45,2024-01-23,22,20344.98
1229,Greg Potts,+1-298-071-9215x006,polson@yahoo.com,Female,59,2020-01-07,32,16763.1
1230,Roberto Anderson,186-233-9867x010,johnsonbenjamin@yahoo.com,Other,21,2024-11-15,17,3969.74
1231,Jennifer Lee,110.871.0825x337,markturner@jones-myers.com,Other,24,2021-09-29,79,18355.74
1232,Heather Duncan,+1-690-082-6852x326,lestermichelle@hotmail.com,Female,44,2023-12-30,12,41301.72
1233,Christopher Andrews,(133)269-9355x3688,zamoratanya@robinson.com,Male,29,2021-07-12,67,45371.04
1234,Vincent Marks,952.857.4093x89843,edward43@schmidt.com,Other,29,2022-06-10,61,27731.06
1235,Lisa Scott,626-310-9603x099,vlee@walker.com,Other,44,2024-03-19,98,30862.47
1236,Isaiah Miller,483-301-0962,hgreen@hotmail.com,Male,32,2022-10-14,28,21919.67
1237,Amanda Lane,843-965-2523x67414,scottnorris@yahoo.com,Female,19,2023-07-23,42,14127.41
1238,Michael Reeves,+1-769-339-2465x0673,amy63@hotmail.com,Female,36,2023-06-07,27,4995.73
1239,Lori Freeman,0589140467,penningtonpeggy@hotmail.com,Other,59,2022-11-05,56,42545.98
1240,Kelsey Olson,(595)587-6802x27348,sarahcox@robertson.org,Female,37,2021-10-31,12,29616.75
1241,Michael Norris,349-219-1089x6012,hmorales@sheppard.com,Female,36,2022-11-18,13,33693.44
1242,Ruben Rogers,936-678-3548x17616,douglascruz@hotmail.com,Male,37,2023-11-10,81,23421.05
1243,Andrew Li,771.057.0670x339,randallelizabeth@hotmail.com,Other,25,2022-03-15,39,49553.38
1244,Heather Sullivan,001-589-021-1946,wrightzachary@keith.net,Male,49,2024-07-29,91,11243.42
1245,Trevor Snyder,557-366-9050x33636,alyssa29@figueroa-smith.org,Female,45,2021-01-30,73,14915.82
1246,Randall Dean,443.386.3309x118,sdaniel@hotmail.com,Female,24,2023-04-06,17,2898.33
1247,Jason Thompson,694.830.6182x229,lauren12@yahoo.com,Male,59,2024-04-10,20,14030.55
1248,Charlene Kaufman,127.577.9913x685,millerjennifer@bowman.com,Other,41,2022-09-18,43,37891.35
1249,Brandy Mack,104-356-7510x771,oarnold@hotmail.com,Other,18,2023-04-12,81,33713.3
1250,Russell Walker,+1-356-969-0997x199,thomasscott@glover.net,Male,56,2025-01-22,52,40664.48
1251,Jonathan Meza,(341)803-1514x976,hermantamara@jefferson.org,Female,51,2020-06-16,64,6232.37
1252,Paul Brown,(172)195-9659x921,julia62@bradford-werner.org,Other,56,2022-06-14,38,17467.89
1253,Kevin Wheeler,3688922405,vbrown@hotmail.com,Other,53,2021-12-15,78,41951.79
1254,Jennifer Logan,(112)144-5303x3580,matthewramirez@yahoo.com,Other,52,2021-01-11,4,6133.43
1255,John Stewart,0161421288,barnestheresa@hotmail.com,Other,38,2023-05-15,55,39057.34
1256,Alyssa Smith,+1-328-692-8096x89583,jdougherty@jackson-hodges.com,Other,22,2021-07-15,96,28684.29
1257,Andrea Haynes,351-726-1998x573,hvargas@holmes.org,Other,59,2022-04-10,41,46458.66
1258,Joseph Smith,+1-844-250-1828x5329,thomasberger@brock-taylor.com,Male,35,2022-11-22,32,36988.91
1259,Hannah Anderson,5985549717,amanda39@wallace-noble.net,Other,54,2020-07-29,23,19533.11
1260,Meghan Larson,(812)104-0890,williamssamantha@hunt.com,Male,24,2021-01-11,58,11842.8
1261,Tiffany Mathis,+1-492-355-3012,scottsantiago@hotmail.com,Male,58,2020-11-23,29,37611.11
1262,Erik Nelson,472.481.3362x7196,angelaryan@gmail.com,Male,49,2022-05-21,91,36097.86
1263,Katherine Garrett,+1-832-244-2839x58619,qjones@yahoo.com,Other,32,2023-10-18,74,39718.06
1264,Mr. Maurice Olson,(510)407-6849x5242,michelle21@ramos.com,Male,29,2021-11-01,100,11903.91
1265,Lauren Maynard,181-695-5510x1740,sara51@soto.com,Other,27,2023-07-22,51,7877.62
1266,Kevin Crane,001-893-892-6168,amendez@hotmail.com,Other,52,2021-01-03,100,47661.45
1267,Tamara Bryant,(197)240-1492x6607,smithbrooke@hotmail.com,Female,51,2023-11-07,1,22938.12
1268,Beth Carr,151-094-0126,fryedavid@hotmail.com,Other,39,2021-04-16,3,33041.01
1269,Danielle Best,583-375-3656,munozjames@smith.net,Male,25,2022-11-29,19,15647.94
1270,Mrs. Joanna Lane MD,446.555.3174x774,andrewharris@gmail.com,Other,40,2021-04-10,36,35037.3
1271,Michael Maxwell,+1-952-929-6805,tiffanywilson@yahoo.com,Female,32,2021-09-28,87,47136.99
1272,Summer Salazar,188-449-5869x381,agilbert@gmail.com,Other,59,2021-06-01,41,26282.83
1273,Kristen Rowland,(519)851-9100x93318,smithchristopher@yahoo.com,Other,57,2023-07-18,34,13494.18
1274,Nicole Glover DVM,122-514-8529x12575,robert63@garcia.com,Other,54,2023-10-15,4,48499.61
1275,Brett Bishop,+1-807-923-0514x7606,reneemartin@gmail.com,Male,52,2021-11-25,45,27711.35
1276,Vanessa Alexander,001-693-711-5672x66110,patrickbailey@yahoo.com,Other,48,2024-02-20,40,35353.73
1277,Michael Smith,4396734219,eleonard@hotmail.com,Other,54,2021-12-26,48,1071.06
1278,Gary Olsen,923-955-1403,ashleyfernandez@gmail.com,Other,59,2022-10-27,23,11653.79
1279,Kayla White,157.414.6260,jay34@schmidt.net,Other,20,2020-05-29,36,30171.34
1280,David Riley,5092380224,ebradford@johnson.org,Female,36,2022-03-09,45,37798.65
1281,Kevin Hernandez,(328)201-5259x382,tammy24@olson.org,Male,18,2021-08-24,35,22378.65
1282,Lori Smith,687-571-0425,moorezachary@yahoo.com,Male,57,2024-12-21,33,38362.9
1283,Catherine Duncan,+1-442-144-5725,vincent16@hotmail.com,Female,39,2023-02-14,65,44571.94
1284,Dawn Parker,002.249.5832x757,susan54@russell.net,Other,57,2020-08-03,21,39566.2
1285,Lori Medina,346.902.9650x7149,wstein@miller-james.info,Female,49,2025-01-15,27,8556.23
1286,Jason Melendez,712-568-8817,bjennings@mata.com,Other,34,2024-05-01,21,19249.12
1287,Savannah Stephenson,001-741-303-1263,andersonbernard@parsons.com,Female,23,2021-08-01,57,10409.42
1288,Ethan Oliver,954-699-7120,ashleykennedy@williams.com,Female,25,2022-04-02,88,47580.14
1289,Stacy Gonzalez,513-630-0119x8882,barbara83@hotmail.com,Other,38,2021-01-16,31,49146.82
1290,Ralph Berger,(612)308-2397,lowerynicholas@hotmail.com,Male,22,2022-04-23,43,15341.49
1291,Tiffany Zamora,001-076-758-2900x692,thompsoncrystal@delgado.com,Male,27,2023-01-03,67,44766.09
1292,Timothy Mason,507.699.7009x5523,fmitchell@yahoo.com,Female,53,2024-10-08,43,36641.38
1293,Dominique Cantu,001-643-162-0686x93557,caleb56@hotmail.com,Male,51,2023-02-01,58,30344.05
1294,David Wolfe,(350)101-7457,flevine@yahoo.com,Female,49,2021-10-14,30,3663.04
1295,Sheila Henderson,+1-371-504-7828x781,rodrigueztravis@smith.com,Other,49,2020-05-26,25,17073.17
1296,James Carrillo,(393)086-6546x58895,brownjoshua@hotmail.com,Female,31,2023-11-02,14,43176.08
1297,James Dalton,001-676-477-4107x3580,grobinson@williams.com,Female,37,2020-05-06,15,14206.58
1298,Phillip Johnson,(505)825-3643x6146,igordon@hotmail.com,Female,39,2020-10-21,9,9236.85
1299,Allen Pacheco,175-157-6527,anthonyeric@gmail.com,Other,19,2025-01-08,5,1436.09
1300,David Payne,(331)984-7716x408,brian15@yahoo.com,Male,24,2021-11-18,14,46788.47
1301,Mr. Frank Bell MD,+1-012-874-9131x4702,nedwards@yahoo.com,Female,41,2023-10-13,4,19109.91
1302,Ann Williams,001-063-323-8653x52536,chall@hotmail.com,Male,34,2023-12-19,74,2171.28
1303,Amber Walker,+1-319-699-1454,colemanjodi@gmail.com,Male,50,2021-02-08,82,13809.17
1304,Travis Osborn,(160)882-1348,omiller@gmail.com,Male,44,2020-02-05,17,14872.74
1305,Samuel Gomez,(174)996-8761,tiffany54@santana.com,Male,27,2021-05-06,42,12702.66
1306,Douglas Williams,001-879-404-5544x6992,zclark@wiley.com,Female,47,2022-06-18,98,38951.17
1307,Molly Gordon,+1-598-826-6636x400,maxwell49@yahoo.com,Other,54,2025-02-13,52,22949.58
1308,Christine Collins,745.648.4199x30506,phardin@martin.biz,Male,31,2022-03-24,72,12269.94
1309,Trevor Williams,001-552-760-5634x4410,nancy89@white.com,Female,49,2024-06-19,23,43024.36
1310,Tyler Martinez,472-747-0931,sandragillespie@rowland.com,Other,55,2022-07-25,63,14809.12
1311,Megan Hammond,322.965.1178x1766,jon58@anderson-marshall.net,Other,22,2021-09-14,17,41497.75
1312,Dillon Hardy,206.845.4841x058,tford@gmail.com,Other,28,2023-01-30,93,20495.54
1313,Christine Walls,087-468-0203x1589,kimberlypotter@gmail.com,Other,42,2023-11-06,58,21738.56
1314,Fernando Hammond,001-585-258-5276x48136,christopherjackson@hotmail.com,Other,30,2023-10-13,88,39951.02
1315,Meagan Edwards,(413)381-0562,dorothycole@hotmail.com,Male,20,2023-02-08,8,40448.66
1316,Jeffrey Torres,+1-152-347-0199x83275,gonzalesjohn@hotmail.com,Male,46,2022-05-31,78,5606.68
1317,Lisa Ward,085-745-4854,christopherle@contreras.net,Other,21,2024-10-28,37,18643.08
1318,Bianca Dennis,732-430-0186x46504,hallvalerie@adkins.org,Male,57,2023-01-16,34,40161.63
1319,Pamela Williams,001-972-211-0651x51995,brian60@hotmail.com,Other,35,2021-05-12,5,37906.02
1320,Thomas Jones,807.916.1497x391,walkerkathryn@weber-johnston.org,Other,34,2020-11-25,4,37845.97
1321,Aaron Wong,(885)148-2823,hnicholson@moreno.com,Other,51,2020-11-04,58,41312.75
1322,Lisa Carlson,+1-740-525-1991x4639,timothy49@yahoo.com,Male,51,2021-10-01,75,2326.2
1323,Julia Lynn,188-563-9447x22740,glasskenneth@bates.com,Female,28,2022-12-21,88,47536.32
1324,Daniel Avila,+1-825-057-2635x57422,morrisonkurt@singh.com,Other,47,2022-07-19,10,9211.55
1325,Catherine Gutierrez,(229)529-0302,willisalex@yahoo.com,Other,59,2023-02-13,17,33048.84
1326,Katherine Perez,001-441-597-7424x07134,schultzjohn@gmail.com,Female,26,2021-05-15,62,13154.67
1327,Katelyn Kim,2022430049,james58@gmail.com,Female,52,2022-08-06,77,39693.53
1328,Natasha Phillips,001-598-507-6670x718,johnathanbradford@caldwell-lester.com,Male,53,2023-03-19,34,16816
1329,Daniel Baldwin,(322)162-7002x017,richard92@hotmail.com,Male,29,2024-11-22,31,6276.71
1330,Amanda Brown,234-194-8198x601,williamsmadeline@thompson.com,Other,18,2021-02-20,46,36048.59
1331,Jason Newton,646.487.7505x2077,richard94@hartman.com,Female,49,2024-05-30,70,26941.45
1332,James Miller,269-875-3291,coryhart@jimenez-compton.net,Other,21,2024-01-12,97,18144.05
1333,Michael Ballard,001-406-384-5348,vegaalicia@hartman.com,Female,27,2020-04-15,33,19662.93
1334,Chad Patterson,425-306-1003x565,autumncolon@shaw.com,Male,36,2025-01-26,89,31522.06
1335,William Wilson,+1-201-267-1102,hpage@hotmail.com,Male,33,2022-06-21,15,23058.2
1336,Lauren Hernandez,152-075-1201,xyork@hotmail.com,Male,60,2021-04-07,49,29949.24
1337,Richard Nelson,(088)588-6899,rebeccafoster@williamson.biz,Male,22,2023-09-02,92,12840.18
1338,Mary Wade,(262)121-6264x76528,riveratimothy@miller.info,Other,47,2022-07-14,47,36685.16
1339,Heidi Gregory,301.040.4561,fwright@yahoo.com,Other,30,2023-03-12,74,7314.45
1340,Brandon Baker,807.873.1610,dvargas@love.com,Male,27,2024-04-18,24,45639.89
1341,Richard Gardner,750-969-5159,johnsoncynthia@gmail.com,Female,33,2025-02-28,33,6648.15
1342,Mary Porter,5345729847,bryanjones@gmail.com,Female,53,2020-06-30,63,46520.61
1343,Carlos Mendoza,115-295-6171x2271,wisepatricia@galloway.org,Male,55,2025-02-13,85,20200.98
1344,Matthew Smith,604.492.2401x3960,carrdavid@yahoo.com,Other,32,2023-03-18,88,7690.19
1345,Reginald Hanson,214.779.1907x315,laurie23@anderson.com,Female,59,2021-09-29,93,29259.32
1346,Rachel Martinez,106.623.8760x54725,bmiller@yahoo.com,Other,48,2021-08-05,79,5980.51
1347,Angela White,281.373.8037x2582,wmason@yahoo.com,Female,35,2020-11-25,67,1810.24
1348,Douglas Stafford,+1-083-661-4343,rodriguezchristopher@bender-warner.info,Male,56,2021-10-22,74,42794.62
1349,Kelly Whitaker,015-236-0699x241,salinasamanda@estes.com,Male,46,2021-09-27,65,3014.51
1350,Susan Williams,001-311-152-7767,nancy66@hotmail.com,Other,28,2021-06-29,44,23084.36
1351,Julia Williams,(614)266-0822,daniellemorgan@miller.com,Female,37,2022-10-05,23,38886.86
1352,Michelle Clarke,(442)031-4558,wendyserrano@tanner.com,Other,37,2020-06-06,3,35811.58
1353,Kimberly Garcia,969.023.1132x729,osbornsarah@yahoo.com,Female,27,2021-09-26,98,33127.81
1354,Jacob Sherman,972-651-7548x42612,kristashepherd@yahoo.com,Female,25,2023-07-26,92,27664.99
1355,Denise Tate,+1-028-188-5461x138,frostpeter@rodriguez.com,Other,35,2024-05-17,28,9995.88
1356,Dawn Huynh,213-533-9944,jenningsmalik@wilson-jordan.net,Female,35,2024-11-16,58,24638.42
1357,Lori Stewart,827.112.8371,emilymartinez@yahoo.com,Other,33,2022-04-14,52,24189.08
1358,Amber Patterson,001-208-378-3338,hulljennifer@brown.biz,Other,52,2023-09-05,95,24945.38
1359,Stephanie Hunt,001-859-319-1748x505,gordonellen@gmail.com,Other,26,2024-02-26,65,18423.61
1360,John Hughes,+1-154-831-1628x946,lindseyferguson@savage.com,Other,49,2024-09-01,3,37965.69
1361,Susan Haynes,+1-437-685-0707x5062,jasondavis@johnson-foster.org,Female,50,2022-07-27,33,10809.81
1362,Mrs. Kayla Strickland,001-828-242-4078x557,laurachapman@yahoo.com,Female,42,2024-02-01,8,46954.66
1363,Ashlee Martinez,001-360-914-9779,kjohnson@gmail.com,Other,50,2024-09-26,8,42941.53
1364,Louis Wade,384-997-1912x86208,lewisbilly@yahoo.com,Female,20,2021-12-27,66,14727.01
1365,Megan Torres,458-689-4417,jamiefrench@vincent-martin.com,Female,19,2023-02-26,15,35248.02
1366,Robert Santos,867.082.6150x26519,morrisjoseph@yahoo.com,Male,58,2024-08-17,30,20297.04
1367,Jasmine Smith,575.105.2953,cstewart@yahoo.com,Other,38,2023-01-06,19,22061.36
1368,Benjamin Ibarra,(599)496-7577x98540,timothysmith@yahoo.com,Other,53,2022-02-03,86,8407.92
1369,Robert Johnson,579-681-9230x414,sueburke@hotmail.com,Female,55,2024-08-30,20,30449.3
1370,Edward Davis,569-164-3572,breanna91@mullins.com,Other,21,2021-09-12,78,14240.83
1371,Kimberly Nelson,692-175-0137,amora@hotmail.com,Other,18,2020-07-03,97,10784.27
1372,Kaitlyn Ortega,6459526609,jeremy37@bush.biz,Male,46,2020-08-05,6,38162.76
1373,William Bell,411.708.8789x9297,samuel63@hotmail.com,Female,33,2024-11-10,21,33383.29
1374,Austin Alexander,(582)366-0818x982,jakeking@gmail.com,Female,58,2023-06-14,10,20048.02
1375,Tommy Velazquez,(276)502-6143,tmiranda@yahoo.com,Male,30,2024-09-27,69,14315.08
1376,Jennifer Pena,278.477.5082x38397,justincollier@gmail.com,Female,18,2021-09-22,4,42114.84
1377,Joshua Moran,7945311830,michael41@yahoo.com,Female,24,2021-10-13,7,42656.61
1378,Stacy Rivera,044-039-1208x25402,anthony83@mullins-jackson.info,Other,57,2020-03-08,98,31134.57
1379,Julie Fowler,001-823-942-0001x36737,shahanthony@howard.com,Female,30,2024-05-22,30,14329.03
1380,Leon York,001-808-716-7609x213,whitney11@gmail.com,Male,47,2023-04-15,56,40313.73
1381,Levi Gray,+1-149-470-7978x90687,timothy39@martin.org,Other,32,2020-06-12,35,21645.82
1382,Frank Ramos,712.990.0731,lrichards@yahoo.com,Other,47,2023-03-22,89,23976
1383,Joseph Edwards,(756)880-0472x65609,cabrerapatricia@yahoo.com,Male,37,2021-05-15,51,15271.8
1384,Brandon Noble,001-995-485-0160x01256,bradley30@hickman-allen.com,Male,37,2024-11-30,60,5226.31
1385,Adam Long,009-413-5688x2343,crosbyeric@kramer.com,Female,26,2024-03-10,53,9997.79
1386,Robert Chavez,(319)577-3646,angelamccall@carter.net,Male,31,2020-09-04,29,49904.88
1387,Tyler Sanchez,5102607623,nicolasstout@gmail.com,Other,46,2021-11-12,1,47239.6
1388,Ryan Mendez,(077)643-4416x028,poolesusan@hotmail.com,Other,41,2021-12-26,99,25204.6
1389,Mrs. Jacqueline Lee,(205)402-2276,timothylee@delacruz.com,Other,42,2024-06-06,76,24183.91
1390,Mary Ruiz,506-589-4593x6641,nheath@yahoo.com,Other,33,2020-02-17,37,22066.32
1391,Katherine Lopez,001-085-388-6464x1687,vasquezbradley@yahoo.com,Female,18,2020-08-30,1,34985.43
1392,Stacey Graham,356-204-4973x3472,riverajason@gmail.com,Male,40,2020-04-11,46,14284.52
1393,Michael Nguyen,(262)194-9561x5204,timothybarrera@yahoo.com,Female,54,2024-11-07,53,45091.75
1394,Krystal Dudley,563-118-6584x241,jonesdanielle@branch-kelley.com,Male,32,2021-09-11,28,40891.01
1395,Timothy Harris,001-578-779-3205,sarah56@yahoo.com,Female,22,2020-01-21,67,48324.38
1396,Helen Scott,+1-135-040-4620x301,danaparker@miller.com,Female,34,2020-07-16,39,44826.94
1397,Charles Thomas,+1-917-651-1568x6360,allenmason@howell.com,Female,19,2022-04-20,67,48591.92
1398,Amanda May,001-908-614-8095,zsalazar@yahoo.com,Female,27,2022-07-03,24,22347.91
1399,Justin Ritter,(767)932-5445,robertbrandt@conner.net,Female,25,2024-04-18,68,42622.65
1400,Kimberly Hickman,+1-476-653-0928x16115,brownvanessa@henson.com,Female,20,2024-02-06,26,47977.02
1401,Sean Sweeney,491-489-2671x5530,petersonthomas@warner.com,Other,26,2024-04-19,30,40158.41
1402,Jeffery Robinson,6084702781,gmartinez@wolf-thompson.com,Female,44,2021-02-15,14,16746.32
1403,Gerald Bridges,(831)523-0999x642,brandy20@cooper-guerra.org,Female,57,2022-09-11,84,13846.07
1404,Colin Rose,851.135.2222x13281,destinyroy@henson.biz,Male,51,2024-10-10,55,18966.49
1405,Zachary Marshall,576-413-3447x326,juanlopez@rivas.com,Male,37,2022-06-13,72,20569.52
1406,Warren Dennis,227.066.0767x8783,danielle67@hotmail.com,Other,25,2020-11-11,29,44039.02
1407,Erik Hardy,345-218-1192x1368,laurasanders@mathis.biz,Female,33,2023-03-23,75,17065.85
1408,Samuel Smith,(068)187-3839x7636,lisalawson@conley.com,Other,52,2020-10-05,49,29262.13
1409,Dr. Wendy White,+1-886-897-4357,janet90@fernandez.com,Male,36,2024-09-30,19,27417.2
1410,Daniel Harvey,(148)264-3652x055,lisatran@hotmail.com,Other,49,2023-05-10,31,44337.45
1411,Daniel Macias,6322947927,lutzana@boyd.com,Other,39,2023-03-30,74,19701.62
1412,Amanda Willis,(261)397-9377,kendraramirez@hayes-martinez.net,Other,19,2023-03-06,49,43548.76
1413,Larry Peterson,692-310-7043x8685,robert55@yahoo.com,Female,36,2021-10-13,25,28518.52
1414,Elizabeth Jackson,231.860.7748x355,alexandraarnold@ramos.com,Male,30,2025-02-02,60,10622.12
1415,Glenda Carrillo,954.924.5177,steven21@gmail.com,Other,32,2020-09-25,9,3103.99
1416,Gregory Mccann,275-378-7931x66210,smyers@gmail.com,Other,45,2025-01-09,28,14757.04
1417,Juan Guerra,559-186-8313x76948,grice@bell.info,Female,38,2020-09-03,74,4972.45
1418,Jesse Meadows,001-061-759-3582,briannareynolds@williams-lewis.com,Other,32,2022-03-15,19,37461.54
1419,Andrew Cooper,001-428-593-2997,mbrooks@hart.com,Female,47,2021-09-07,11,31781.55
1420,Richard Jones,685-239-5949,lbryan@hotmail.com,Male,53,2022-08-01,16,18409.62
1421,William Lucas,001-816-722-5065x5679,nelsonmathew@scott.com,Other,60,2021-10-31,40,19523.06
1422,Mackenzie Gray,888-332-7511,davidwalters@hotmail.com,Other,52,2024-08-13,86,43992.34
1423,Victoria Duncan,+1-795-908-0567x232,fitzpatricksamuel@yahoo.com,Other,51,2023-05-28,31,15433.24
1424,Julie Clark,898-844-9730,ygreer@gmail.com,Female,19,2020-03-06,79,37004.4
1425,Erin Gomez,345-726-6617,erussell@hotmail.com,Other,45,2023-09-13,52,18668.99
1426,Eric Rodgers,+1-953-008-2584x706,keithswanson@savage-lee.com,Female,38,2023-12-20,57,29744.41
1427,Matthew Turner MD,5895839672,cassandralopez@wilson.com,Male,52,2025-01-27,46,37076.37
1428,Jessica Alvarez,(515)854-9302x71227,elee@foster.info,Female,41,2024-08-21,58,22951.4
1429,Joshua Barnes,+1-332-278-6411x5384,robertwolfe@yahoo.com,Female,44,2023-04-04,100,38758.03
1430,Shannon Soto,987-570-2719,xanderson@gmail.com,Female,24,2023-06-12,46,25114.29
1431,James Harris,957-927-3423,lawsoncathy@salazar.com,Female,30,2021-09-05,62,35913.92
1432,Anthony Hernandez,001-933-862-5495x4550,debbierodriguez@gmail.com,Male,49,2020-03-09,76,33504.68
1433,Karen Chandler,648-520-8736,larrysandoval@yahoo.com,Other,52,2021-12-18,38,27711.21
1434,Ana Jones,+1-677-389-2333,armstrongashley@miller.com,Other,51,2021-11-15,8,37863.9
1435,Benjamin Tran,+1-386-328-8896x564,michellezhang@harmon.com,Other,51,2022-08-27,11,46729.57
1436,David Mosley,051-624-9667,beverlycross@nelson.net,Female,36,2023-06-29,21,16452.85
1437,Ernest Brown,405.458.5503,john31@johnson-jennings.com,Other,46,2022-11-30,14,5905.46
1438,Dawn Larson,+1-291-226-9424,veronicaguerrero@yahoo.com,Male,25,2020-07-25,5,12862.82
1439,Dr. James Miller,+1-460-537-1969x0157,weissbenjamin@pennington-alvarez.com,Other,56,2024-04-16,25,3637.44
1440,William Miller,+1-121-676-0208x830,joshuasilva@yahoo.com,Other,48,2021-09-24,25,16024.57
1441,Erica Dean,274-597-3834,matthewbowman@yahoo.com,Female,58,2020-05-19,92,22404.34
1442,Matthew Conley,700-332-9321x489,kevin33@pena-jordan.com,Female,52,2024-03-13,47,10616.14
1443,Troy Bradley,5959093959,gutierrezalicia@campbell.com,Female,28,2023-08-28,75,32733.59
1444,Gary Norman,340-331-5835,christopher41@gmail.com,Female,19,2024-08-13,50,18884.54
1445,Mary Smith,(506)060-4791,millerdustin@yahoo.com,Male,27,2024-07-27,14,7555.03
1446,Brittany Freeman,001-861-555-7354x5330,bretthammond@gmail.com,Male,60,2021-12-01,100,7302.17
1447,Christina Stewart,1608276034,carterbeth@gmail.com,Female,20,2020-01-23,59,23219.13
1448,Peter Obrien,7126981328,audrey28@yahoo.com,Male,19,2022-02-11,73,25007.37
1449,Daniel Perez,189.333.6502,jacqueline57@yahoo.com,Female,28,2020-01-06,70,15830.64
1450,Phillip Hatfield,(303)336-2365,marshalldawn@yahoo.com,Other,41,2023-08-13,25,3957.47
1451,Christopher Zamora,001-632-292-5043x841,ingramdenise@gmail.com,Male,58,2025-02-08,61,6365.26
1452,Christopher Miller,001-893-643-7153x8211,david90@hotmail.com,Other,24,2023-01-14,24,14474.88
1453,Brian Reynolds,+1-627-008-8700x31924,walkermatthew@yahoo.com,Male,58,2024-05-30,6,45313.46
1454,Andrea Hicks,722.256.0643x2488,blake76@gmail.com,Female,32,2023-06-23,12,7599.95
1455,Joseph Parker,615.544.3484,christinechase@ramos.info,Other,49,2022-10-25,39,30933.47
1456,David Brown,+1-042-433-0952x78114,sandra84@gmail.com,Other,56,2021-10-04,4,18130.3
1457,Jessica Johnson,+1-223-789-6025,victoria71@gmail.com,Male,51,2022-03-28,42,2010.27
1458,Thomas Collins,538-042-1945x985,cassandra50@gmail.com,Male,51,2025-01-17,96,30273.11
1459,Anthony Garcia,384.344.8485,catherine57@yahoo.com,Male,41,2023-01-26,100,15642.42
1460,Aaron Nguyen,001-283-238-0085x75485,mary37@yahoo.com,Male,51,2023-05-09,88,28930.08
1461,Traci Glover,392-545-9347x654,miguelthomas@glass-harris.com,Male,33,2024-01-01,42,9317.4
1462,Ms. Nicole Long,001-573-656-0687x2284,csimmons@peters-byrd.net,Other,22,2023-06-11,31,9108.38
1463,Martin Harris,985-666-7760x5569,zsnow@yahoo.com,Male,34,2020-12-06,22,26631.37
1464,Matthew Gomez,588.217.2305x564,marilyn83@hotmail.com,Other,29,2024-12-18,51,16850.2
1465,Vernon Burns,001-636-564-7489x65506,thorntondonald@garza-thomas.com,Other,26,2022-06-28,4,3273.26
1466,Darryl Green,292.914.4965x08542,angela33@hotmail.com,Female,20,2022-01-16,60,34826.22
1467,Russell Davis,(006)767-2327x0963,karen75@gmail.com,Male,56,2020-06-15,73,33312.59
1468,Roger Shah,630.604.0339,williskristina@parrish.net,Male,19,2022-12-31,25,13580.65
1469,David Bowen,001-113-736-8979,samantha11@morton.com,Female,54,2021-09-12,8,37786.96
1470,Joseph Wong,918.876.8194x0866,barrettmark@collins.info,Other,34,2022-02-16,4,14013
1471,Sabrina Johnson,216-982-4109,michaelsanders@gmail.com,Female,22,2022-10-06,38,48527.01
1472,Michelle Ellis,(007)651-8121x53799,juliejacobs@gmail.com,Male,24,2021-03-16,3,9187.08
1473,Christopher Miller,+1-170-950-8905x04462,joshuafarmer@townsend-grant.com,Female,42,2021-06-27,21,16299.28
1474,Matthew Jackson,188.733.9695x444,curtis13@miller.org,Female,23,2022-09-20,63,3840.01
1475,Morgan Torres,499-696-7520,zrhodes@ryan.net,Female,37,2020-08-10,58,6694.72
1476,Dennis Simmons,001-511-412-1501,christine66@gmail.com,Female,31,2023-08-07,39,44931.01
1477,Lynn Garcia,516.819.1627,hardinraymond@logan-barrera.com,Female,58,2020-02-22,89,41172.02
1478,Kelsey Martin,001-094-682-7203x3939,jamesphillips@gmail.com,Other,59,2021-09-24,88,35988.4
1479,Mary Archer,+1-012-718-4802x552,jacksondavid@yahoo.com,Female,37,2024-06-28,96,8566.52
1480,Matthew Holland,001-857-495-6786x8923,wmoody@robinson-martin.biz,Female,32,2020-07-03,96,19871.99
1481,Lisa Greene DVM,+1-584-536-7065x243,terry17@campbell.com,Other,58,2023-10-12,76,26190.72
1482,Michael Gregory,001-958-117-7591x522,kennethmartinez@gmail.com,Female,46,2021-10-17,87,7285.37
1483,Taylor Larsen,313.652.1667x65174,aimee88@yahoo.com,Other,27,2024-09-18,11,2892.72
1484,James George,272.954.2401x5700,zacharybell@hotmail.com,Female,57,2020-09-01,71,8896.19
1485,Tim Cabrera,001-779-265-2668x77574,jasonrobinson@hotmail.com,Male,32,2021-10-20,33,33504.63
1486,Laura Klein,001-857-448-0952,evansstephanie@yahoo.com,Male,49,2022-11-29,53,26750.77
1487,Janet Wood,(998)507-6484x08848,hannahsuarez@miller-baldwin.info,Male,29,2023-02-03,20,12680.84
1488,Jane Miller,339.374.9590,jameswatson@faulkner.org,Other,31,2020-01-12,17,32996.42
1489,Heather Lane,914.011.3570,edward04@yahoo.com,Male,54,2023-10-07,94,6351.88
1490,Stephanie Flores,836-693-3850x9673,lloydvalerie@mills-gamble.com,Male,40,2020-03-13,58,7983.84
1491,James Miller,833-164-0539,mary71@christian.com,Other,54,2021-07-08,62,5041.59
1492,Kayla Kennedy,685.450.4144,ethompson@hotmail.com,Other,24,2021-12-23,52,4533.73
1493,Tabitha Robinson,028.032.6674x897,thorntonkristin@ellis.com,Female,55,2022-08-20,72,4551.04
1494,Sarah Weiss,050-657-4012x75752,sara03@smith-parsons.org,Other,57,2020-12-14,64,43656.9
1495,Margaret Preston,601-563-5860,virginiarose@davis-howe.biz,Male,21,2022-06-04,37,3472.64
1496,Jeff Roberson,898-027-1125x310,michelle22@burton.com,Male,31,2024-01-19,42,14857.96
1497,Michael Lee,(969)062-6919x699,wlee@gmail.com,Female,39,2022-03-04,47,26336.17
1498,Peter Terrell,(551)169-9756x350,yhernandez@yahoo.com,Male,35,2021-02-15,28,49574.95
1499,Brian White,+1-122-778-6989x37830,jonathan12@gmail.com,Male,46,2023-05-04,50,18558.97
1500,Joshua Houston,180.454.5742,sarahvalenzuela@bradley-hoffman.com,Female,38,2022-07-06,23,11515.92
1501,Maria Schneider,001-360-127-7833x5922,stephanieadams@schneider-lynn.com,Female,53,2022-10-13,30,7256.27
1502,Kimberly Hughes,(094)472-3048,kcarrillo@allen.net,Other,46,2021-05-01,61,33934.16
1503,Jose Hatfield,495-584-7210,mackenzie53@gmail.com,Other,18,2024-06-14,97,49002.07
1504,Tamara Whitney,056.972.7450,ewells@garcia-rodriguez.biz,Other,40,2023-09-16,23,5887.69
1505,David Larsen,803.400.4473x15927,patelmelissa@gregory-choi.com,Female,47,2023-01-11,9,17488.29
1506,Alan Baker,+1-756-206-6363x69102,katiehooper@hotmail.com,Male,31,2023-01-26,16,11188.96
1507,Rhonda Olsen,142-544-7669,moorebrittany@hotmail.com,Other,51,2020-06-01,38,25159.67
1508,Gerald Leonard,(568)336-4325x346,jessica91@carpenter.com,Male,49,2021-03-22,78,13787.21
1509,Kevin Conrad,+1-487-413-5629x5914,sheilakelley@kerr.info,Male,44,2023-08-03,25,26752.99
1510,Christine Ray,818-872-6437x2845,chill@sullivan.com,Male,49,2022-12-09,23,33674.1
1511,Krista Nichols,+1-645-419-6441,david75@hotmail.com,Female,32,2022-03-02,75,39472.69
1512,Amy Ruiz,737.301.3571x87038,edward26@silva.com,Female,19,2024-07-30,70,20796.75
1513,Gregory Pena,872.018.3830,thompsonsara@yahoo.com,Other,21,2022-08-23,77,43119.55
1514,Jody Chapman,(233)968-3389x8839,sheilagreen@hotmail.com,Male,38,2024-04-11,51,7030.64
1515,Jessica Mcintyre,655.712.9048,nicholascarlson@cox.com,Other,52,2020-08-19,55,21559.3
1516,Ashley Hampton,(386)583-0172x343,fbell@mcintyre-moore.com,Female,31,2021-01-29,80,38620.37
1517,Brian Maynard,312.129.3826,loridrake@yahoo.com,Female,38,2023-11-27,19,19139.43
1518,Gregory Gibson,001-201-450-2999x2084,aprilgaines@garcia.net,Female,32,2021-10-31,22,31109.92
1519,Cody Palmer,001-954-573-2975x2296,zoeweiss@hotmail.com,Other,38,2023-12-19,81,10994.79
1520,Austin Johnson,043.064.3119,julie34@johnson.net,Female,36,2022-08-12,25,37625.51
1521,Sarah Sanders,437.382.5796x0686,ygonzalez@hotmail.com,Other,31,2022-12-25,33,40497.84
1522,Kevin Jefferson,001-241-156-5673x86821,daltonbarrett@hotmail.com,Male,57,2024-06-10,71,34758.48
1523,Dawn Roman,3851389754,phodges@hotmail.com,Other,36,2022-06-18,3,46261.78
1524,Anthony Butler,623-323-0746,benjaminibarra@hotmail.com,Female,53,2023-07-01,31,49258.81
1525,Jennifer Peterson,913.071.7726,ryan33@gmail.com,Female,29,2022-05-13,91,12228.32
1526,Michael Fowler,+1-045-316-7489x40913,suarezchristine@garcia.info,Female,46,2022-09-04,95,10703.4
1527,Jacqueline Sellers,3220344696,bruce15@gmail.com,Other,52,2021-02-04,25,32143.14
1528,Jasmine Schultz,(923)219-3870,silvaabigail@foster-kennedy.com,Male,59,2021-10-04,45,11527.43
1529,Gregory Thompson,9686788547,teresa99@middleton-davis.com,Female,22,2023-08-08,27,27128.4
1530,Matthew Carter,8618503490,glarson@riggs.com,Other,31,2023-09-07,47,40258.04
1531,Christina Wheeler,2520047193,xbarrett@green.com,Other,26,2021-05-05,16,7953.86
1532,Lindsay Rocha,636-361-7819,garrettmatthew@yahoo.com,Female,37,2022-12-26,99,14507.57
1533,Wesley Jones,138.199.8175,riveragary@white.info,Other,19,2022-02-14,74,47424.49
1534,Nicole Kim,+1-977-956-6022x400,courtney17@gmail.com,Female,45,2024-07-22,41,48588.64
1535,Amber Martin,(987)606-7096x66961,carpentervirginia@hotmail.com,Other,37,2021-03-29,97,26900.42
1536,Dustin Johnson,(750)417-9340,daniellealexander@johnson.com,Female,58,2023-01-16,73,3286.36
1537,Katelyn Stein,014.656.2775,sean03@lewis.com,Female,21,2021-04-02,75,37454.1
1538,Jordan Berry,006-877-3739x7625,scottgarcia@parker-schmitt.info,Female,20,2020-05-07,80,44759.6
1539,Lynn Kent,+1-769-423-8183x079,nbishop@smith.com,Other,58,2021-10-06,68,43753.26
1540,David Riddle,001-808-003-8446x12832,moonjacob@daniel.com,Other,31,2022-03-09,29,41390.42
1541,Miranda Nelson,141.422.8493,underwoodheather@yahoo.com,Female,41,2022-01-15,81,46404.91
1542,Mrs. Kelli Evans DVM,425-889-8055x7065,mccoyalexa@sanchez.com,Female,48,2021-06-23,25,48887.49
1543,Virginia Spears,813.750.4703,qmartinez@patterson.org,Other,49,2024-04-29,74,31878.44
1544,Amy Coleman,001-518-808-5471x24117,christian50@hayes.com,Female,20,2022-01-16,26,5085.8
1545,Dr. David Smith,753.769.9515,ronaldtaylor@davis.com,Female,26,2024-05-22,65,23998.88
1546,Colin Stevens,(663)330-4965x746,mcintoshtroy@williams-jenkins.com,Male,59,2022-07-03,64,30808.52
1547,Elizabeth Reyes,0899313624,alexandergeoffrey@madden.net,Female,58,2020-03-11,89,2935.45
1548,Justin Martinez,331-576-6018,jacobfowler@yahoo.com,Male,59,2022-07-25,81,46427.48
1549,Ashley Walter,7835415430,kiaramurray@gmail.com,Male,46,2023-07-26,29,27246.42
1550,John Colon,(547)848-3656x9140,timothy34@yahoo.com,Other,44,2024-07-20,61,44079.04
1551,Tracy Morgan,+1-695-673-0643,nicolerodriguez@hammond.info,Female,20,2020-08-28,81,6421.02
1552,Joseph Higgins,001-289-544-7924,baileyjason@tanner.com,Female,46,2020-06-02,30,22539.72
1553,Rachel Dean,+1-373-785-0286x130,nicholas00@yahoo.com,Female,34,2022-12-09,42,34456.72
1554,Dana Gonzales,(861)437-2708,rollinscynthia@yahoo.com,Female,37,2022-11-05,83,8579.22
1555,Linda Porter,+1-890-991-7603x15316,caseyjames@gmail.com,Male,44,2024-11-19,10,40813.81
1556,Melody Taylor,+1-398-613-2008,uallen@gmail.com,Other,33,2020-12-10,2,24146.27
1557,Kelsey Barajas,001-446-446-9602x4457,vaughngregory@gmail.com,Female,55,2020-03-09,34,42232.92
1558,James Livingston,109-992-4578,aaron76@hotmail.com,Other,32,2023-09-24,9,2103.97
1559,Rhonda Buchanan,572-270-0885,bakersamuel@yahoo.com,Female,49,2022-02-04,36,21757.83
1560,Brittany Jimenez,001-881-935-8449,johnrivas@gmail.com,Male,52,2022-05-30,95,12619.34
1561,Briana Reeves,001-861-697-5988x77439,mikaylacarey@jones.com,Female,36,2024-07-05,86,3833.5
1562,Eddie Taylor,086.827.7322x4726,diazjeff@yahoo.com,Female,36,2021-05-09,30,23970.1
1563,Adam Reed,+1-060-699-0748x40260,emorrow@pena.net,Male,54,2022-11-22,62,33553.82
1564,Mrs. Leslie Carson,109.938.1365x1415,taylorann@williamson.com,Other,57,2023-12-02,4,36347.3
1565,Arthur Morris,514.833.7120,thomasbuck@yahoo.com,Male,42,2022-04-01,68,34116.8
1566,Sherri Reyes,016-400-3431,rebeccarussell@hotmail.com,Female,20,2021-03-31,38,25148.9
1567,Michael Wilson,303.311.3347x78701,dawnfarrell@evans.com,Other,58,2020-03-06,49,42918.99
1568,Charles Crawford,3898004300,ashley65@rodriguez-johnson.net,Female,32,2020-08-25,92,23511.8
1569,Ms. Christie Sampson,(653)872-7099,lmaldonado@hotmail.com,Male,25,2021-11-21,82,2967.13
1570,Bruce Frederick,506.386.4587x314,griffithscott@webb-fox.net,Male,27,2020-08-08,77,20949.28
1571,Shannon Garcia,344-021-0265x68400,lisagomez@randolph-tucker.org,Male,41,2024-10-26,8,42621.86
1572,Rebecca Craig,+1-123-191-0968x09920,petersonkayla@yahoo.com,Female,33,2024-09-07,81,28816.01
1573,Kevin Hamilton,312.883.9210x871,brownkathy@cole.com,Female,53,2021-05-16,90,27896.14
1574,Sandy Rowe,831.827.1816,alexa68@banks.com,Other,40,2020-11-21,46,42726.49
1575,Alvin Martinez,835.688.3442x806,ywhitaker@daniel-valdez.com,Male,20,2024-11-17,46,49235.2
1576,Gary Alvarez,(219)765-3603x5751,steve96@morris-patton.info,Other,22,2021-06-12,19,23223.53
1577,Darrell Anderson,2074614530,brianflores@hotmail.com,Other,21,2024-07-17,15,28603.32
1578,Stephanie Fowler,(355)555-8772x71359,joliver@yahoo.com,Female,46,2021-12-20,18,31745.21
1579,Kristen Garner,+1-297-598-6042x429,hallryan@gmail.com,Male,55,2021-12-31,95,35460.19
1580,Pamela Leonard,617-829-6324,kevin17@miller.biz,Other,19,2022-12-16,58,40503.98
1581,Phillip Becker,001-667-827-9761x3116,goodmanwilliam@edwards.com,Female,29,2023-11-14,15,2350.06
1582,Karen Harmon DVM,+1-536-879-8099x2744,fergusonvincent@lynn-stark.com,Female,49,2025-02-09,41,38917.4
1583,Aaron Larson,831-415-3432x23608,joneskatherine@yahoo.com,Female,28,2022-04-11,25,1868.75
1584,Erin Christian,(018)206-4851,kennethharris@baker.info,Male,40,2022-07-08,27,15341.34
1585,Alexander James,001-166-357-9808x74574,catherinebrown@greene-watson.com,Other,54,2024-05-27,71,26529.95
1586,Jennifer Gill,(573)846-4318x413,cli@edwards.org,Male,37,2020-01-20,24,11697.36
1587,Dawn Brown,+1-275-554-6502x2873,james13@baker.net,Other,55,2020-04-12,58,17769.18
1588,Lisa Neal,001-405-750-8648,kempmichelle@gmail.com,Female,56,2022-09-24,89,18310.44
1589,Heather Williams,(153)681-7291x02259,hgreen@yahoo.com,Female,35,2022-12-19,98,42593.94
1590,Melanie Hernandez,+1-499-343-3948x188,julieramirez@scott.com,Other,50,2021-10-26,55,4899.16
1591,Robert Neal,(490)817-4511,davidbridges@gmail.com,Female,32,2023-11-05,54,37908.29
1592,Caitlin Taylor,(973)995-4893,keith62@hotmail.com,Male,31,2023-05-22,94,46409.48
1593,Brian Reyes,(057)184-8948,stacy00@carroll.info,Female,29,2024-10-26,64,16587.11
1594,Mary Soto,551-373-1665,traymond@gmail.com,Other,24,2022-08-17,100,20000.35
1595,Ashley Hall,+1-029-560-6881,mcgrathzachary@johnson.com,Other,18,2021-01-31,5,3809.08
1596,Wesley Finley,401-068-9994x269,perezjose@turner.org,Male,30,2024-04-02,70,37020.87
1597,Anne Chang,(082)439-7915x144,odean@gmail.com,Female,34,2024-06-29,76,20197.61
1598,Katherine Allen,383.534.3699x8261,jamesgomez@foster-chen.com,Male,55,2023-03-05,37,43395.91
1599,Harold Silva,292-871-1376x14547,whitecharles@hotmail.com,Male,38,2023-02-07,84,25701.49
1600,Ashley Cobb,908-903-7358,rogerskristin@hotmail.com,Male,33,2025-02-25,72,12524.68
1601,Ann Fields,001-155-910-2522x732,andrea86@hotmail.com,Female,24,2024-07-26,41,38439.42
1602,Michael Hardy,001-433-483-9242x963,sharihopkins@hall.com,Female,28,2020-01-28,59,2458.03
1603,Linda Walker,711.771.0132x7485,anthony71@price-mccormick.net,Female,41,2025-01-17,11,3534.09
1604,Anne Rogers,001-285-474-3234,steelegregory@hotmail.com,Female,59,2020-07-23,72,41688.82
1605,Joseph Allen,(679)005-2293x3870,bunderwood@frazier.com,Female,35,2024-10-09,62,18259.45
1606,Tina Clark,(458)413-1811x74578,derekchen@beard.com,Other,22,2020-04-07,78,6487.21
1607,Robert Potter,372-710-5968,lopezjaclyn@cruz.com,Other,24,2020-02-29,18,22903.63
1608,Richard Carlson,+1-294-689-7908,mirandasean@hotmail.com,Male,53,2021-01-26,43,1005.8
1609,Shannon Woods,+1-462-943-5816x896,uthompson@winters.com,Female,60,2022-08-31,70,9454.67
1610,Lisa Duarte,001-577-887-4759,mcclurejustin@taylor.com,Male,22,2020-03-24,14,17885.21
1611,Veronica Harding,374.701.6904x26721,fulleralicia@yahoo.com,Other,43,2022-01-26,73,37669.22
1612,Kelly Figueroa,615.642.5510x6803,smithshannon@ford-ramirez.com,Other,36,2021-10-17,42,12235.31
1613,Nichole Rowe,7968542334,georgenewman@atkins.com,Male,39,2023-01-06,71,14314.65
1614,Kendra Vargas,237-638-5833x9552,joseph22@ross.net,Female,40,2025-01-06,20,48719.54
1615,Craig Curtis,942.235.1658,melissa02@gmail.com,Female,28,2022-01-07,70,40196.74
1616,Laura Davis,(965)255-3834,fsmith@miller-finley.com,Male,46,2022-02-06,23,14170.51
1617,Joseph Hood,+1-700-005-7530,danielferguson@hotmail.com,Male,52,2022-07-24,56,32154.61
1618,Matthew Miller,750.913.0078,michelletrevino@gmail.com,Other,38,2021-08-10,19,46421.8
1619,Jennifer Walters,959.606.7239x6938,kelly63@gmail.com,Male,49,2023-04-21,42,1337.86
1620,Alexandria Hernandez,(560)986-8271x353,roy87@yahoo.com,Other,22,2023-01-20,21,40708.54
1621,Rebecca Day,936.697.9646x0036,mjefferson@gmail.com,Male,24,2020-08-13,75,14296.38
1622,Joshua Doyle MD,(488)742-0339x695,omichael@gay.biz,Other,29,2020-03-20,15,36591.45
1623,Sean Parker,949-027-5056x8874,timothy06@gmail.com,Female,18,2023-08-07,32,2593.9
1624,Michael Coleman,+1-056-370-0667x349,james87@reed.com,Female,36,2020-10-24,85,44916.46
1625,Vanessa Young,354-273-0623,amanda45@hotmail.com,Female,35,2021-06-07,94,34213.9
1626,Jonathan Garcia,963.687.4278x9623,smithruth@russell.biz,Female,21,2021-07-20,44,36967.99
1627,Chelsea Spencer,(619)036-4758,eric25@donaldson.info,Female,18,2020-12-12,92,13298.7
1628,Jason Hale Jr.,+1-547-453-7108,ctaylor@king-hall.com,Male,31,2020-01-09,87,38058.51
1629,Laura Pitts,001-313-314-9314,katiebutler@ryan.com,Female,25,2023-02-01,91,38068.83
1630,Jason Strickland,448-900-3041x0197,rhondarogers@gmail.com,Male,20,2022-08-21,69,43581.96
1631,Ralph Rodriguez,(792)926-5072,vickie92@hotmail.com,Male,37,2021-08-12,73,6742.91
1632,Julia Weaver,711-320-0467x7581,gabriel45@hotmail.com,Female,48,2021-03-12,91,46842.71
1633,Christine Parker,+1-345-235-6215,merrittdavid@gmail.com,Male,26,2022-11-06,60,17837.62
1634,Andrew Sampson,1124688058,micheal97@gmail.com,Other,54,2022-12-30,4,22884.38
1635,Megan Chen,001-059-761-3737x281,barbaragaines@yahoo.com,Female,45,2021-08-11,66,19245.15
1636,Mr. Shane Anderson,+1-604-988-1507,kingadriana@hotmail.com,Male,53,2024-03-18,85,22168.29
1637,Michael Coleman,001-471-018-6493x460,donna10@hotmail.com,Female,31,2024-10-29,52,4214.73
1638,Alexandra Crawford,(687)752-1393x6144,njackson@yahoo.com,Male,28,2022-06-03,91,31944.35
1639,Rebecca Young,661.491.8328x614,eric60@yahoo.com,Male,23,2022-11-06,90,13040.4
1640,Mark Sweeney,444-673-7697x94885,jenniferdowns@hodge-gentry.biz,Other,22,2023-05-11,18,15464.05
1641,Daniel Guzman,001-456-935-3581x79969,johnwheeler@gmail.com,Other,19,2023-01-20,54,37171.77
1642,Ryan Goodwin,693-874-9143x0872,sharonedwards@hotmail.com,Male,29,2021-11-25,10,33192.75
1643,Dylan Lee,118-303-6533,devonwheeler@yahoo.com,Other,18,2024-08-29,71,49784.36
1644,Donna Frost,+1-266-058-7709x610,deborah92@davis.org,Female,46,2022-09-06,32,37497.61
1645,Adrian Burton,001-596-379-2847x4541,wjones@gonzalez-davis.com,Female,46,2024-12-15,77,32301.67
1646,Kathleen Escobar,(760)740-8991x9098,carmenfrazier@hotmail.com,Other,50,2024-04-01,33,27389.87
1647,Joseph Mclean,0503517286,sherry94@hoffman.com,Other,35,2020-12-28,100,44333.06
1648,Stephen Short,7407442319,joshuaho@gmail.com,Male,37,2023-03-22,4,20207.15
1649,Brittany Chavez,270-480-7384,allenjeanette@hotmail.com,Other,31,2024-07-29,80,30584.39
1650,Michael Levy,(478)923-3843,tracydennis@montoya.biz,Other,38,2022-08-31,34,34444.76
1651,John Young,(308)072-1962,flawson@cook-irwin.biz,Other,43,2022-11-11,31,7733.35
1652,Angela Williams,344.748.7140,allenpierce@gmail.com,Female,34,2023-06-20,29,20033.49
1653,Kayla Garcia,597.797.6440,dsanchez@sparks-harrell.com,Female,35,2024-01-04,25,14139.23
1654,Jordan Byrd,325-465-0487,svazquez@gmail.com,Other,29,2024-11-15,85,2161.19
1655,Cheryl Miller,001-013-831-9173,watkinsterri@morrow.com,Female,58,2021-12-10,32,6998.51
1656,John Jacobson,378-496-1786x20629,ulyons@yahoo.com,Female,22,2022-05-22,25,36649.03
1657,Amy Young,651.555.9182x5907,james06@brown.com,Female,22,2023-12-14,92,5953.26
1658,Jennifer Fox,0957379090,nhopkins@hotmail.com,Female,30,2021-05-18,52,43303.32
1659,Toni Lane,314-171-6646,rojasgregory@gmail.com,Male,48,2024-03-31,38,9173.84
1660,Melissa Willis,+1-949-547-9267,adamjohnson@hernandez.com,Other,18,2024-07-31,20,46518.57
1661,Teresa Martin,047.274.6670x59478,christopherdavis@rose.com,Other,41,2025-01-08,49,9367.68
1662,Gary Hebert,808.153.1661x77730,alexis98@yahoo.com,Male,55,2021-09-13,67,22409.01
1663,Alicia Martin,105-903-0036,caleb43@hotmail.com,Other,38,2021-05-24,27,8689.79
1664,Daniel Brown,(096)920-4836x5912,daniel32@copeland-parker.info,Other,38,2024-09-05,82,26906.35
1665,Janet Marks,201.836.8417x555,imiller@walton-reed.com,Male,57,2024-03-01,71,13439.13
1666,Derek Johnson,(314)178-8079x2988,ganderson@yahoo.com,Other,46,2021-07-17,49,43467.96
1667,Amanda Robertson,(023)512-4709x3342,dennisfreeman@gmail.com,Male,52,2024-01-15,4,41431.56
1668,Patricia Walker,687-306-1333,mark78@moore-blackwell.com,Female,58,2023-09-05,27,44480.21
1669,Stephanie Fox,(489)076-3006x871,heathsarah@gmail.com,Other,20,2021-05-18,71,9882.56
1670,Larry George,496.820.5009,christine36@yahoo.com,Other,60,2022-08-20,11,19995.06
1671,Jeffrey Rodriguez,(085)785-3684x0354,hfisher@skinner.com,Female,19,2020-11-16,8,9262.76
1672,Angel Daniels,+1-493-426-4396x305,hermanandrew@crawford-pitts.biz,Female,46,2023-01-14,17,5964.89
1673,Pamela Chandler,311.197.3817x23898,justinbates@hotmail.com,Male,44,2023-12-20,29,31896.93
1674,Thomas Werner II,+1-082-527-4397x57212,wsantos@gmail.com,Female,44,2024-04-05,66,4745.97
1675,Gabrielle Lee,116.988.0584,hward@fields-gibson.net,Male,27,2022-12-07,7,2552.67
1676,Cindy Hall,+1-404-918-5413x16739,eddiedavidson@yahoo.com,Male,28,2024-09-17,86,4666.48
1677,Crystal Wilkins,043.161.8819,marcus66@hotmail.com,Male,54,2020-07-25,42,46568.49
1678,Kristina Ellis,001-939-931-8162x17466,kochjennifer@phillips.com,Male,40,2023-10-19,93,3366.51
1679,Jamie Best,682.743.0006x2543,anthony20@martin-lewis.com,Male,29,2022-03-14,20,43172.96
1680,Latoya Nguyen,001-574-504-7505x526,leslie23@gmail.com,Other,29,2023-11-15,75,4007.83
1681,Michael Miller,7109245293,leebass@gmail.com,Other,55,2024-04-10,43,40562.21
1682,Sara Lambert,414-715-8594x1465,qpeterson@acosta.com,Male,56,2022-10-21,82,41506.51
1683,Christine Pruitt,(727)157-6071x3295,holly09@hoover.com,Male,23,2024-02-27,70,44580.71
1684,Paige Allen,274-093-4450x7761,kellythomas@collins.com,Female,47,2022-12-29,50,4927.44
1685,Jessica Nelson,068-795-7872x5461,ygraham@moore.com,Other,39,2024-07-15,94,11962.21
1686,Nicholas Nunez,+1-840-385-1812x0710,matthewprince@hotmail.com,Other,26,2021-07-18,94,25484.94
1687,Samantha Perez,021-958-8721x837,jose51@holt.com,Other,24,2023-06-22,10,20962.24
1688,Sarah Smith,(886)497-9563x26805,qkhan@yahoo.com,Other,18,2023-05-28,10,28122.59
1689,Bryan Williams,001-571-542-3330x730,dnelson@yahoo.com,Female,54,2023-03-08,87,43671.66
1690,John Freeman,+1-581-106-1662x47707,ifowler@hotmail.com,Other,25,2024-09-11,49,22156.01
1691,Jennifer Brooks,+1-612-708-4528x951,rickeybooker@buchanan-brewer.com,Male,38,2022-11-30,91,6273.35
1692,Shelby Howard,(357)987-8759x66829,yolanda02@gmail.com,Female,57,2022-01-28,35,21586.08
1693,Keith Moore,736-607-6590x365,carolmays@gomez.com,Female,55,2021-09-09,20,48912.22
1694,Christopher Smith,(002)675-2126,michael43@williams.com,Male,31,2020-09-25,64,34457.33
1695,Stephanie Meyer,403-740-4832x35579,cody69@williams.com,Male,26,2020-11-14,77,3644.39
1696,Joseph Jones,+1-196-744-4385x0734,reedbrent@dodson.com,Male,42,2022-05-19,59,18053.93
1697,Rodney Gentry,(666)928-8766,albert89@eaton-parker.org,Female,47,2023-10-13,2,27301.07
1698,Susan Hunt,+1-918-743-5321,stephensonsonia@lee.biz,Female,38,2024-03-28,36,2906.07
1699,Matthew Maxwell,969.051.9078x4059,qmack@coleman.com,Male,48,2022-01-25,20,20178.14
1700,Jeffrey Davis,+1-120-383-4999x4085,scott24@gmail.com,Female,30,2020-08-25,100,19536.73
1701,Crystal Mitchell,556.918.1263x421,bscott@stout.net,Female,45,2022-03-31,81,18274.35
1702,James Graham,098.463.6425x16624,huertajulie@yahoo.com,Male,40,2022-06-12,84,2864.09
1703,Kenneth Johnson,001-075-852-7100x8017,pbarrett@wilson.com,Male,18,2022-08-01,92,27691.38
1704,Erica Thompson,213.345.6556x103,paynearthur@miller-moreno.com,Female,43,2020-07-04,88,35751.83
1705,Lisa Bonilla,+1-012-531-4909x46501,richardsontyler@ray.org,Other,51,2022-07-05,60,4787.13
1706,Cheryl Harper,671.911.0438x734,jon38@forbes.net,Other,26,2021-08-10,19,30735.01
1707,Robert Gregory,+1-644-843-9388,woodardrachel@little-warner.com,Female,57,2022-12-30,98,14527.19
1708,Sandra Smith DVM,362-759-3363x2487,karenrodriguez@watson.biz,Male,27,2023-03-18,65,12045.51
1709,Caitlin Boone,124-458-7953,laurennorris@berry.biz,Female,37,2024-12-09,73,25964.1
1710,Seth Meadows,299-413-6937,cynthia18@olson-mcdaniel.org,Male,18,2024-09-06,63,19408.97
1711,Amanda Turner,001-740-705-0619,ekennedy@gmail.com,Other,45,2021-09-17,25,8940.77
1712,Angela Thornton,891.345.5923,ramirezdavid@flores.com,Female,30,2020-05-12,59,31795.61
1713,Haley Browning,+1-438-926-1772,ubartlett@gmail.com,Male,56,2020-11-15,38,1787.97
1714,Debbie Charles,835.480.9283,pknox@pratt.com,Female,49,2022-06-07,64,1596.6
1715,Angela Walker,346-540-2735x7424,uwilliams@yahoo.com,Male,34,2023-10-24,45,20868.76
1716,Anna Robinson,+1-476-530-0758x302,adrianaramirez@hotmail.com,Female,40,2022-07-06,54,44722.83
1717,Kyle Chen,001-075-957-7876x35375,qwright@hotmail.com,Other,39,2021-02-08,37,22270.27
1718,Eric Giles,980.380.9942x33033,tfoster@gmail.com,Male,57,2024-04-10,22,14171.19
1719,Teresa Hanson,4463352968,nyang@hotmail.com,Other,45,2021-04-30,4,41270.48
1720,Edward Allen,2025776816,christopherhenson@heath.biz,Other,48,2023-03-04,78,47289.69
1721,Jennifer Brewer,025.327.8126x119,bradley14@hotmail.com,Male,56,2022-12-02,42,18895.64
1722,Ronnie Rodriguez,8941724446,webblisa@yahoo.com,Other,19,2022-12-23,12,45853.96
1723,Alejandra Turner,(132)558-5868x8298,kimberlysilva@smith.com,Male,42,2023-12-22,33,33194.2
1724,Kimberly Cabrera,237.874.9598,nicholasmiller@shields.com,Male,52,2022-04-22,37,4857.16
1725,Sara Lopez,(301)812-8352x077,daviscraig@gmail.com,Other,56,2021-06-05,96,44683.32
1726,Brandon Jensen,285.816.7985,dlandry@newman.org,Other,51,2020-12-25,17,10791.48
1727,Gina Ramos,001-505-708-5863x31713,eharmon@gmail.com,Female,23,2022-06-01,3,15404.71
1728,Joel Moore,235-413-5949x758,caseymichelle@hotmail.com,Male,22,2024-03-02,48,39429.51
1729,Candace Gibbs,618-518-2365x12452,danacoleman@leach-williams.org,Other,59,2022-11-12,86,21959.37
1730,Richard Wall,001-659-099-4940x15982,wellsjoel@yahoo.com,Male,51,2023-03-02,2,35880.57
1731,April Parker,(570)016-5553,melissastephens@reid.com,Other,21,2023-10-20,75,2333.25
1732,Christopher Underwood,4515772609,bensonsandra@yahoo.com,Other,41,2020-07-21,15,26228.83
1733,Denise Harrison,6524935418,blanchardmary@brooks-keller.biz,Male,47,2022-09-17,11,38627.07
1734,Christopher Hanson,536-248-9529,isaiahsimon@mcmillan.com,Female,47,2024-11-10,66,10847.59
1735,Gary Wood,890.502.9246,ywalker@gonzalez.biz,Male,44,2022-01-23,81,26931.73
1736,Michelle Brown,217-300-1900x47415,sean45@perry-vance.com,Female,52,2022-08-01,27,12948.64
1737,Rose Martinez,(863)466-5096x439,erica58@singh.com,Male,49,2022-01-12,3,35824.29
1738,Gabriella Cooper,(465)618-6487,jacobsbrittany@spencer.info,Female,20,2021-07-02,8,7978.36
1739,Lance Page,359.491.3137,ymoore@gmail.com,Male,33,2023-12-19,16,48613.68
1740,Bernard West,+1-683-470-3640,hinesjo@yahoo.com,Other,55,2023-08-15,47,25735.07
1741,Malik Noble,787-165-2792x45611,longsteven@yahoo.com,Other,45,2020-03-11,65,43473.61
1742,Ashley Green,(346)219-5105x7171,mejiajames@hotmail.com,Female,23,2020-03-26,100,15992.07
1743,Ruth Williams,(515)156-1500x18894,robertmclean@gmail.com,Other,37,2024-08-15,25,11311.74
1744,Jessica King,975-979-1769x49627,kathy10@martinez-johnson.com,Male,34,2021-07-20,44,3572.63
1745,Traci Simmons PhD,(596)304-3680x97301,petersonomar@gmail.com,Male,23,2024-02-26,50,47361.37
1746,Glenn Reid,605-786-7723,mariah68@clay.biz,Female,53,2024-01-12,24,12810.27
1747,Elizabeth Wilson,2045703930,pmcpherson@roberson.com,Male,20,2022-06-30,16,21018.33
1748,Jesus Allen,313-509-2837x92133,whitakerjanet@hall-rodriguez.com,Female,26,2020-06-25,14,17352.15
1749,Cristian Barton,+1-569-417-2559x13447,pmeadows@yahoo.com,Male,52,2024-11-05,93,45465.49
1750,Judith Golden,(349)965-8881x36702,rcampbell@yahoo.com,Female,28,2021-08-05,89,7201.83
1751,Debbie Dawson,219-565-5457x28270,michaelstone@yahoo.com,Female,49,2022-11-27,35,17031.95
1752,Karina Benson,001-391-802-8799,mccarthyjohn@bowen-ward.biz,Other,25,2021-02-02,84,21529.35
1753,Ryan Gonzalez,425.588.1385x18489,trevorcampbell@schmidt.com,Female,23,2022-03-12,29,5438.56
1754,John Collins,+1-722-354-5621x323,mgibbs@yahoo.com,Male,20,2022-04-02,88,16429.83
1755,Karen Mason,001-858-119-3033,gjohnson@yahoo.com,Other,31,2021-12-11,65,4446.48
1756,David Russell,827-814-7343x801,stewartmargaret@thomas.com,Other,39,2022-04-17,90,16425.6
1757,Steve Green,+1-403-249-2686,christianroy@gmail.com,Male,41,2025-01-10,37,42349.21
1758,April Horn,246-715-4248x381,hayden08@meyer.org,Female,47,2021-09-08,98,7658.35
1759,Nicole Jones,5389278090,larrywilcox@gray.com,Female,52,2021-08-05,29,27231.21
1760,Micheal Anderson,+1-385-960-5437x9527,saundersemily@hotmail.com,Other,59,2020-07-20,95,26957.25
1761,Jennifer Blair,+1-711-123-4612,susan48@hotmail.com,Female,35,2022-09-14,96,28028.53
1762,David King,6213881764,grantmartin@newman-kim.com,Other,26,2022-01-01,37,11298.94
1763,Douglas Randolph,259.819.4592x04457,christianmorrison@gmail.com,Female,41,2020-08-16,45,31832.4
1764,Amy Boyd,464.064.0747x57446,james50@black.com,Female,23,2022-06-17,57,3874.45
1765,Michelle Vaughan,500.247.6521,dkoch@rice.com,Female,25,2020-05-13,36,25492.94
1766,David Moody,001-206-952-3214,glenn12@gmail.com,Male,57,2020-11-25,91,35326.1
1767,Daniel Barker,+1-979-391-3831x56499,uvaldez@gillespie.net,Female,42,2020-10-24,18,31069.48
1768,James Knapp,316.501.0416x60356,whitejessica@hotmail.com,Male,51,2023-01-17,10,44472.99
1769,Rachel Gonzalez,001-255-172-3718,wellstara@mendez.biz,Male,20,2022-11-29,90,28036.78
1770,Vanessa Sharp,001-436-850-5397x026,ebrown@gmail.com,Male,44,2021-10-18,23,8984.95
1771,Troy Jones,881.457.3012x063,david75@henry-tucker.biz,Male,47,2020-04-23,36,23165.54
1772,Katherine Brown,001-821-707-8205x365,kcarr@gmail.com,Male,47,2020-03-19,82,33980.37
1773,Stephen Miles,465.829.3412x53049,lori70@herrera.com,Male,46,2023-11-24,90,44598.75
1774,Allison Burton,001-023-264-1967x8988,krose@smith.com,Female,36,2023-12-03,89,28344.3
1775,Brian Robinson,660-885-6321x1442,max05@gmail.com,Other,30,2022-12-16,80,40409.36
1776,Gwendolyn Jones,+1-330-248-1012x3315,ashley65@hotmail.com,Other,40,2021-09-21,29,14297.85
1777,Mr. Jonathan Davis,(500)984-6062,kerrtimothy@yahoo.com,Male,34,2021-12-31,77,43707.7
1778,Sabrina Roberts,(011)978-2465,matthew55@yahoo.com,Male,25,2023-10-30,53,22876.03
1779,Dennis Hill,648-710-2717x683,robersonsteven@rogers.com,Female,58,2024-03-28,73,8160.5
1780,Richard Hansen,868-824-7867x508,guzmanmichael@hotmail.com,Male,45,2020-07-05,3,25230.86
1781,Mary Reyes,(875)904-9549,kcantu@luna.com,Other,42,2021-11-29,83,48432.9
1782,Anita Mitchell,816-701-9558,susangilbert@murillo.com,Female,29,2024-04-26,86,1482.14
1783,Craig Gomez,001-303-818-5598x65920,nicholas68@yahoo.com,Other,21,2021-11-04,98,34840.75
1784,Adrian Diaz,137-611-0105x26755,adrian28@hotmail.com,Male,46,2021-03-21,19,36427.53
1785,Raymond Hickman,+1-122-707-6674x0308,jill70@gmail.com,Other,51,2024-01-11,48,26409.63
1786,Mr. Jeffrey Welch,(136)430-8791,kristi42@gmail.com,Other,26,2020-01-14,12,21339.39
1787,Cynthia Smith,746.167.8890x7143,markperez@hotmail.com,Male,47,2024-11-30,37,36874.52
1788,Kathleen Aguilar,(339)342-3621x964,melissaroth@rodriguez.biz,Male,37,2021-12-06,77,32343.57
1789,Madison Tran,+1-192-127-3997x313,fmiller@yahoo.com,Female,29,2025-01-08,31,42000.33
1790,Sherri Brooks DVM,(864)163-8324x292,benjamin84@hotmail.com,Female,57,2024-07-07,3,41348.23
1791,Kelly Hart,(351)100-2604,phillip62@yahoo.com,Male,36,2022-03-11,13,49292.11
1792,John James,+1-495-843-8655x6238,wendy06@yahoo.com,Female,29,2023-09-08,47,7734.43
1793,Ashley Hughes,(624)583-0954,collinsjonathan@herring.biz,Female,45,2023-07-27,34,48049.33
1794,Sara Harvey,(546)713-3952x157,kwood@yahoo.com,Male,54,2024-06-15,27,13632.91
1795,Phillip Robinson,7556559992,wvelasquez@gmail.com,Female,48,2020-08-21,38,46827.5
1796,Paul Vance,737-730-1690,michaelmorales@coleman.biz,Other,53,2025-02-14,53,10997.87
1797,Howard Jackson,218-559-3495,trandall@elliott-baker.com,Male,38,2020-09-21,93,31665.52
1798,Jimmy Contreras,001-080-347-3035x36520,fmoore@wu.com,Other,27,2022-08-02,66,41058.53
1799,Thomas Goodwin,470.142.8556x4138,hmoore@shelton-thomas.info,Other,20,2023-09-15,56,47407.24
1800,Kimberly Wells,(702)036-2984,inicholson@hotmail.com,Female,36,2024-03-11,28,2381.71
1801,Megan Nixon,943-352-9058x50481,emoyer@fox.net,Other,60,2020-06-03,98,22331.14
1802,Wendy Ward,(549)021-1039x1735,lmartin@hotmail.com,Female,38,2021-09-28,69,40507.02
1803,Nina Oconnor,5237623987,farmerjacob@morrow.com,Female,56,2021-12-06,10,22654.54
1804,James Simpson,+1-456-066-8788x18230,carloslopez@gmail.com,Female,40,2024-05-12,61,5041.94
1805,Melanie Jackson,837-121-7683x41623,gordonhowe@hotmail.com,Other,25,2020-11-04,26,48356.76
1806,Eddie Watson,(914)613-8290,johnfrench@hendricks-barnes.biz,Male,31,2022-04-20,77,47971.11
1807,Jose Cooper,2515932578,tsolomon@cortez.com,Female,50,2021-05-22,88,11019.24
1808,Chad Mcgee,+1-266-104-9767x373,fullertimothy@gmail.com,Male,33,2023-09-16,10,7556.16
1809,James Phillips,(152)986-2655x2202,christopherflynn@simon-barber.com,Male,34,2022-01-30,97,49130.83
1810,John Davenport,536-498-3303,carmen17@mendoza.info,Male,18,2024-08-04,86,48344.36
1811,Phillip Green,334-364-6107x55991,hallerin@yahoo.com,Female,18,2023-01-05,96,27212.4
1812,Melanie Johnson,245.219.1885,brennanpamela@gomez.com,Female,33,2023-03-10,23,10504.6
1813,Virginia Guerra,161.866.1972,toddsingleton@sherman-richardson.com,Other,28,2023-11-23,25,8528.44
1814,Kristin Garcia,(996)468-7502x88602,tyler95@perez.com,Female,37,2020-01-28,12,36120.45
1815,Joshua Miller,(489)627-2852x868,david98@keller.net,Female,58,2024-05-29,67,21023.2
1816,Sarah Smith,001-704-496-8031x08033,khankevin@vazquez.biz,Male,49,2021-02-02,90,14041.17
1817,John Harris,001-407-449-1610,hunterwarren@clark.org,Other,58,2022-04-17,80,35313.34
1818,Casey Gomez,001-929-104-9892x01712,lindsayray@harmon-robinson.org,Female,27,2020-03-23,19,23224.74
1819,Kristen Barnes,001-640-184-8870x7752,jessicamarsh@yahoo.com,Male,54,2023-04-17,22,13541.65
1820,Vincent Gibson,+1-681-413-6926x0314,georgeevans@peterson.com,Female,56,2022-05-29,26,46704.59
1821,Wendy Santos,136.507.5073x5170,briananderson@yahoo.com,Other,24,2020-11-06,57,28311.36
1822,Jill Ellis,874.468.0555x9199,zsanders@yahoo.com,Male,53,2020-08-16,4,17587.01
1823,Eric Stone MD,(230)282-8455x821,woodsusan@phillips.com,Other,31,2023-02-22,49,16743.1
1824,Christopher Lewis,488-493-6607,mike46@frye-flores.biz,Female,36,2020-04-26,24,10496.65
1825,Lauren Morrow,+1-910-310-9797x675,jennifer72@gmail.com,Other,47,2020-03-02,93,18318.12
1826,David Mason,+1-772-047-1507,aaron51@sutton.org,Male,52,2022-04-13,47,3176.09
1827,Jessica Krueger,8816744889,melissa99@sparks.com,Other,30,2021-09-17,17,39918.05
1828,Ricky White,027.922.9739x331,sarah44@gmail.com,Other,31,2023-03-22,6,5776.04
1829,Ricky Morris,1373085110,keith16@gmail.com,Female,18,2021-01-19,69,35794.09
1830,Heather Bean,070.050.0108x067,keithvaughn@henderson.com,Other,18,2024-05-30,75,40926.3
1831,Randall Everett,3847100259,bmitchell@nicholson-nelson.com,Male,54,2021-10-09,89,25909.75
1832,Briana Johnson,(444)295-8744,lopezcolleen@barry.com,Female,60,2023-09-17,93,45296.44
1833,John Doyle,191-259-1711x393,rhonda01@garcia.info,Female,58,2024-10-29,66,1465.61
1834,Courtney Myers,001-070-033-2437x2194,valdezdonna@gmail.com,Male,24,2023-06-09,52,16981.67
1835,Thomas Landry,(263)729-9690x15780,pyoder@hotmail.com,Male,42,2022-09-26,2,11014.96
1836,Darius Foster,+1-654-159-9803x426,mtorres@gmail.com,Female,42,2020-03-17,52,4571.75
1837,Gwendolyn Patel,+1-128-919-7358,conniemckinney@yahoo.com,Male,60,2025-02-23,73,25489.49
1838,Kathleen Stone,227.441.5842x15217,alyssaromero@christensen-hunter.com,Female,47,2022-12-13,86,7771.13
1839,Shannon Hall,001-237-342-5695,craig80@hotmail.com,Other,40,2023-02-09,1,27134.13
1840,Lisa Wong DVM,681-294-5630x5431,wlee@yahoo.com,Other,39,2020-02-25,5,38093.77
1841,Isaac Price,(247)306-6891,brianallen@hotmail.com,Male,49,2021-09-11,79,34984.64
1842,Anna Wood,3177702697,dreynolds@hotmail.com,Other,38,2024-12-17,15,44867.24
1843,Samantha Alvarado,001-278-528-1635,flynnmegan@yahoo.com,Male,22,2020-03-11,43,29519.12
1844,Melissa Mcbride,405.371.8235x037,kelliott@chapman-burton.com,Male,18,2021-07-11,92,31022.46
1845,Joshua Mcintosh,001-691-505-5286x08748,robertwilson@love.biz,Female,30,2020-06-07,87,10373.62
1846,Eric Molina,591.737.6886x077,gparrish@yahoo.com,Male,36,2021-04-26,72,39713.63
1847,Betty Howe,(479)420-3899x189,eric83@edwards.org,Male,27,2023-03-09,98,34488.22
1848,Kristin Lloyd,511.622.4255,williamsdarryl@keller.com,Other,23,2024-04-13,85,29990.02
1849,Aaron Faulkner,+1-615-897-8460x853,melissa28@hotmail.com,Male,41,2022-12-04,75,15097.74
1850,Christopher Wall,(594)729-2639x5568,nicole85@smith.info,Other,53,2022-03-22,5,14445.89
1851,Carrie Smith,427-754-3636x4340,jonathan10@hotmail.com,Female,28,2022-12-22,44,17669.2
1852,Amber Snyder,233.975.2254x8554,hernandezanthony@jackson.com,Male,54,2020-07-21,43,11862.45
1853,Derek Gonzalez,001-536-846-2491,jharris@hotmail.com,Female,26,2021-08-15,78,5663.67
1854,Edward Crawford,078-575-0549,curtis13@hotmail.com,Male,21,2024-02-14,71,3849.63
1855,Christina Bowers,001-607-234-8030x231,moyerantonio@yahoo.com,Male,37,2024-07-25,42,15671.61
1856,Darren Cook,(613)429-8544x3619,brianmays@gmail.com,Other,38,2022-03-28,1,17934.95
1857,Matthew Nicholson,573-935-0708x95245,sanchezchristopher@brown.biz,Female,23,2024-01-03,38,34280.98
1858,Jennifer Schneider,001-838-313-5097x99299,vgutierrez@mendez.com,Male,29,2024-02-18,23,28745.68
1859,Megan Pearson,001-107-405-2553x1860,xbailey@yahoo.com,Other,24,2023-03-04,96,12122.37
1860,Bill Nichols,(340)392-6823x19387,williamsjames@hotmail.com,Male,59,2024-10-30,43,22411.64
1861,Brianna Wright,+1-383-407-1390x145,autumn62@carter.biz,Female,36,2023-06-20,44,48995.04
1862,Meghan Morrow,463-762-8626,philip47@hotmail.com,Male,28,2021-01-07,79,43987.47
1863,Jillian Graham,001-968-482-0479x09360,wigginssteven@yahoo.com,Female,41,2023-09-20,94,34818.75
1864,Nancy Grant,+1-600-009-0397,martinhull@mclaughlin-brooks.org,Other,21,2023-07-08,88,38192.51
1865,Jose Johnson,809.127.9899,fowens@williams.com,Female,58,2023-06-02,11,13771.81
1866,Cynthia Ryan,+1-916-311-0489x977,zachary92@hotmail.com,Female,35,2020-05-30,7,30690.31
1867,Matthew Bailey,836.881.3423,lbarron@gmail.com,Male,46,2022-02-16,73,10547.43
1868,James Cortez,727-185-1525,jodysmith@yahoo.com,Male,29,2024-11-24,97,11516.79
1869,Tiffany Rose,(262)177-0239,wilsonbruce@hotmail.com,Male,37,2024-04-18,6,6094.56
1870,Melanie Harris,841-982-6086x7156,harrisdavid@moss.biz,Other,32,2021-06-11,45,37254.85
1871,Stephen Wright,324-891-3066,fknight@gmail.com,Other,52,2022-01-29,79,25685.79
1872,Maria Wheeler,+1-874-051-6369x467,jrosales@yahoo.com,Other,43,2024-04-25,99,34671.5
1873,Kimberly Lozano,+1-409-890-9400x2059,weavertheresa@pierce-luna.com,Male,20,2021-04-16,63,10379.26
1874,Robert Gentry,+1-766-651-2510,kleingina@allen.biz,Other,46,2024-11-27,54,41227.42
1875,Shelley Carpenter,216-540-7635x748,michaelpope@foster-vang.com,Female,55,2024-05-09,12,43070.35
1876,Joseph Gregory PhD,(496)838-9044x19426,riospatrick@bond-moore.biz,Other,32,2024-02-09,62,22875.69
1877,Scott Collins,+1-411-580-0548,eric18@williams-villarreal.com,Male,31,2021-12-28,30,27700.35
1878,Amanda Pacheco,+1-607-761-0587x8387,estradapatricia@love.com,Male,57,2020-03-11,49,11511.57
1879,Kristin Mays,893.523.4742x84439,donald92@hess.net,Female,47,2023-03-01,35,16728.34
1880,Melinda Ramos,+1-522-363-9969,jasonmontes@thomas.com,Male,32,2024-01-19,41,1188.83
1881,Malik Tran,1656732421,zwagner@hotmail.com,Other,54,2022-10-14,58,5297.3
1882,Nicole Allen,961.804.3245x41585,zacharywashington@martinez.com,Other,58,2021-11-20,55,18439.22
1883,Paul Taylor,001-773-593-4075,hannah45@christian.net,Other,42,2024-05-16,93,44621.88
1884,Aaron Williams,001-154-479-6787,amyberry@andrade.info,Female,40,2021-07-16,94,25068.06
1885,Morgan Richmond,611-031-9445x432,slopez@yahoo.com,Male,49,2020-03-22,93,32149.47
1886,Christina Melendez,745-910-8598x137,amandaali@hotmail.com,Other,25,2021-06-26,26,7613.96
1887,Max Shelton,001-246-465-9355,jacqueline27@benton.net,Female,56,2024-07-29,10,42379.07
1888,Kayla Anderson,209.211.8601,larrygonzales@yahoo.com,Male,31,2021-10-26,76,44466.77
1889,Glenda Webb,350-371-2940x03385,ppena@mckinney.com,Female,43,2023-06-24,66,4554.98
1890,Paul Becker,001-429-621-0775x4222,tararodriguez@randall.com,Female,53,2023-08-04,81,12626.34
1891,Timothy Castaneda,001-299-159-5980x4651,zsullivan@dorsey.com,Male,33,2023-10-16,87,22616.95
1892,Danielle Schmidt,001-255-294-3552x087,ianhanson@livingston.com,Male,42,2020-03-23,91,44944.72
1893,Cheryl Franco,5209342204,alexandria21@yahoo.com,Male,33,2021-05-22,58,14202.46
1894,Jordan Richard,962-520-9204x655,ivargas@yahoo.com,Other,28,2024-12-08,56,30547.99
1895,Shane Downs,427.587.3604,brianhuang@yahoo.com,Male,31,2023-05-30,13,6834.11
1896,Emily Murray,001-307-150-4035x886,whitetamara@gmail.com,Other,57,2020-08-29,50,44172.38
1897,Allison Osborne,+1-640-891-8442x408,xalvarado@hotmail.com,Other,33,2022-12-10,51,46627.61
1898,Casey Phillips,001-988-306-5193x2005,singletonjames@gmail.com,Male,27,2020-10-10,88,4185.07
1899,Victor Cox,167.873.2420,fisherbrandon@holland-arroyo.biz,Male,27,2023-12-27,99,11827.64
1900,Jennifer Weaver DVM,(412)036-7648,danielhernandez@ray.info,Female,38,2021-08-12,50,6360.32
1901,Peggy Adams,001-654-998-1489,susan92@yahoo.com,Male,36,2022-01-22,76,14768.06
1902,Heather Taylor,+1-546-526-8121x4990,robert53@gmail.com,Male,41,2023-07-02,90,29258.77
1903,Kevin Trevino,+1-817-552-5130x087,ebrown@hotmail.com,Other,48,2022-06-01,87,18033.54
1904,Allen Rocha,001-863-601-7026x0072,daniel73@mays.biz,Male,53,2020-12-24,87,33779.55
1905,Jessica Garcia,(019)040-8195,tony67@gmail.com,Female,23,2021-02-20,38,44457.34
1906,Shelby Christensen,319.178.0601,robertlindsey@rice.com,Male,39,2024-08-27,10,25079.24
1907,Angel Young,+1-203-556-3433,fostertheresa@reyes-collins.org,Other,39,2021-01-10,15,8178.56
1908,Darrell Mcgrath,390.358.6258x90612,sanchezdonald@brown.com,Other,25,2020-12-15,56,42706.85
1909,Dennis Wheeler,+1-998-696-1767x1977,andrewtaylor@yahoo.com,Male,50,2022-03-17,39,36910.84
1910,Jaime Adams,+1-320-104-7801x537,zmiller@ramos.info,Other,33,2024-01-30,88,31573.85
1911,Katie Johnson,0704216151,garywright@andrews.com,Female,57,2022-07-01,93,25204.72
1912,Jeffrey Johnson,+1-484-727-4707x66215,joneszachary@yahoo.com,Male,24,2024-08-26,88,46782.22
1913,Sandy Fisher,437-039-0332,munozmatthew@burgess-smith.com,Other,55,2024-05-28,66,35492.69
1914,David Nguyen,+1-110-541-9633x526,ashleysimon@hotmail.com,Female,28,2024-11-07,100,8474.62
1915,Justin Harvey,(319)489-9502x1753,cheryl46@peck-ford.com,Other,53,2023-11-28,92,13307.98
1916,Kaylee Ward,919-744-7773x47692,shelbydavis@brown.com,Female,45,2022-12-21,79,33499.9
1917,Timothy Dennis,0362079596,patelcynthia@hotmail.com,Male,45,2020-10-16,26,44523.26
1918,Rebecca Lynn DVM,001-786-568-1723,michellegreen@paul.com,Male,51,2022-01-01,14,12048.54
1919,Michael Boyd,6848707369,syoung@goodman.com,Male,59,2024-07-09,53,27811.72
1920,Zachary Moreno,851.298.0549,jacobslynn@king.com,Male,23,2023-07-16,12,17597.17
1921,Mrs. Katherine Williams DDS,+1-269-786-8680x0051,hedwards@powell-holloway.com,Female,27,2025-02-01,49,6868.77
1922,Shannon Short,+1-791-225-6945,derekevans@hotmail.com,Other,47,2020-03-14,87,22151.25
1923,Elaine Stephens,965-800-1026x2613,david65@gmail.com,Other,60,2020-09-05,86,20438.51
1924,Ellen Hall,364.263.2202x625,john17@singh-flores.com,Other,49,2021-09-13,12,11451.31
1925,Andrea Thomas,9137187028,uedwards@hotmail.com,Female,23,2020-08-31,22,9824.85
1926,Matthew Hill,+1-169-726-1677x500,patricia44@ortiz.com,Male,57,2025-01-01,5,27117.15
1927,James Mayer,001-117-105-7446x992,smorgan@ramirez-vazquez.info,Male,34,2024-05-03,5,10995.13
1928,Joseph Rodriguez,252.033.5988,maryashley@pierce-robinson.info,Male,23,2024-10-13,34,31300.91
1929,Anne Thomas,602.916.5022x11664,thomaswatts@yahoo.com,Male,32,2024-02-14,27,49205.03
1930,Mark Romero,777-071-5018,xyork@howell-carter.com,Male,41,2024-09-19,24,16483.52
1931,David Riley,7744860350,michael23@anderson.com,Male,52,2020-02-10,74,26731.5
1932,Jennifer Schwartz,359.818.1938x525,kevinjones@hotmail.com,Other,22,2022-03-15,26,35520.26
1933,Chad Reyes,+1-227-698-3180x6251,whill@thornton.com,Female,38,2020-01-07,57,36283.14
1934,Brian Contreras,(750)391-0998x2692,moorealicia@roberts.biz,Female,44,2020-07-14,91,14241.62
1935,Michael West,136.089.0611,david28@martinez-leonard.biz,Other,34,2022-11-10,27,37487.42
1936,David Lamb,136-753-4899x83777,ericfarrell@yahoo.com,Other,36,2022-09-27,57,6338.39
1937,Michael Nelson,499-450-4673x039,afrench@hotmail.com,Male,46,2022-01-01,85,18683.08
1938,Lisa Smith,(328)173-2796x75582,josephstevens@friedman.org,Other,50,2020-08-27,1,8279.2
1939,Carl Gibson,525.012.2092x63334,davidholland@clark.info,Male,47,2023-05-04,77,28147.91
1940,Joshua Clark,045.910.4034x8338,rgraham@hotmail.com,Male,32,2023-03-12,72,34772.88
1941,Stephen Mcdaniel,+1-271-099-4309x3547,morrislaurie@lewis.com,Other,25,2024-02-04,48,6456.04
1942,William Jimenez,+1-742-488-0074x8764,wbaxter@dalton.com,Female,18,2024-06-17,24,40366.14
1943,Mr. Matthew Foster MD,102-039-4062,colemanrodney@yahoo.com,Female,22,2020-11-25,100,2629.26
1944,Brianna Gray,(050)276-3514x18614,ymeyer@sanders.com,Male,19,2024-02-20,11,33073.64
1945,Latasha Kidd,6205543047,ashleyhouston@yahoo.com,Other,46,2022-06-09,86,38739.12
1946,Courtney Howe,001-453-575-6899x301,woodbeth@gmail.com,Other,44,2024-11-11,93,8489.29
1947,Kyle Jacobs,1931137387,andrea38@garza.org,Other,59,2024-04-24,54,7435.49
1948,James Mcmillan,051.197.0103x048,lindahernandez@yahoo.com,Other,44,2024-03-16,29,30378.4
1949,Laura Williams,032-258-1079x398,uobrien@hopkins.net,Other,56,2022-01-14,62,5859.29
1950,Melody Torres,723.869.0312x21259,ngeorge@hotmail.com,Male,57,2020-05-22,70,9896.85
1951,Bonnie Clark,001-460-693-7405x400,heidihamilton@lewis.com,Female,36,2021-09-05,75,41886.22
1952,Nicole Barron,025.965.2670x83465,roger33@murphy.com,Female,51,2023-03-30,47,10979.44
1953,Joseph Warner,(840)091-7530,njohnson@mays.biz,Other,52,2020-10-09,64,7547.29
1954,Emily Burgess,(246)015-9186,stricklandchristopher@garcia.net,Male,27,2020-06-02,82,48435.8
1955,Johnny Marshall,089-344-0366,emma30@yahoo.com,Male,27,2024-07-14,37,20136.87
1956,Anna Ferrell,+1-257-237-4216x18567,pamelalopez@gmail.com,Female,51,2021-08-11,89,28415.25
1957,Taylor Martinez,(630)905-6279x022,charlene48@hotmail.com,Other,37,2024-08-03,29,19834.79
1958,Dawn Mathews,(742)231-4743,burtonmatthew@gmail.com,Male,38,2025-02-05,99,45760.01
1959,Daniel Wiggins,(386)822-9653,jonathansweeney@hotmail.com,Female,29,2023-05-07,49,28449.17
1960,Adam Cook,2713318313,sabbott@gray.info,Female,32,2022-06-01,33,31511.66
1961,Leah Santiago,741.814.6840x0058,margaretgraham@sheppard-johnson.com,Male,22,2020-12-15,58,49317.45
1962,Pamela Saunders,483-744-2537,ufernandez@anderson-martinez.com,Female,34,2021-09-25,40,14327.48
1963,Tiffany White,+1-279-405-3849x91699,andersonmary@kennedy-hunt.info,Other,42,2023-02-19,49,23745.28
1964,David Jensen,001-781-480-1429x98936,michelle67@hotmail.com,Other,51,2020-04-16,84,41498.46
1965,Heather Phillips,9452536640,carrollnicole@fisher.com,Male,20,2020-03-12,92,14271.46
1966,Savannah Li,965-239-6862,erikadean@yahoo.com,Male,53,2024-09-26,99,3548.28
1967,Heather Alexander,+1-435-404-3163x6231,hopkinskenneth@yahoo.com,Female,40,2021-10-06,95,36975.34
1968,Patricia Turner,(961)795-5133x14561,bradley73@hotmail.com,Male,22,2023-10-24,76,17593.94
1969,Sara Whitaker,001-000-226-8226,hernandezanthony@yahoo.com,Female,28,2020-03-31,18,18692.41
1970,Mark Lopez,107-778-3044x414,raustin@miller.com,Male,22,2020-08-22,72,16634.89
1971,Stanley Williamson,262-523-3734,jared89@gmail.com,Male,36,2020-05-18,6,11120.91
1972,Michelle Salazar,(924)388-2512x32197,julie84@white-barker.biz,Other,36,2024-04-15,74,7782.16
1973,Michael Hays,783-954-3532x908,coffeyantonio@reid.org,Male,28,2020-05-04,84,20919.58
1974,Mr. Christopher Crawford Jr.,001-637-161-6552x1798,rvargas@miller.com,Male,44,2020-12-28,29,36437.11
1975,Daniel Mathews,(204)322-8612x969,changpatricia@yahoo.com,Female,52,2021-10-08,14,13875.92
1976,Jordan Brady,036-764-9608x812,josephduncan@hotmail.com,Female,32,2022-07-17,40,2131.78
1977,Carla Smith,001-489-200-9290x5007,lpeterson@yahoo.com,Female,19,2021-03-16,40,30008.8
1978,Joseph Ingram,126-099-8912,hullcharlotte@berry.biz,Other,21,2021-03-12,72,48260.69
1979,Suzanne Williams,001-736-813-4616,dennis88@yahoo.com,Female,51,2023-05-09,81,17988.15
1980,Julie Mills,+1-781-239-8237x88293,olivia62@yahoo.com,Other,59,2021-10-21,86,46077.62
1981,Robert Thompson,266.966.9953x01430,mooneymichelle@hotmail.com,Male,21,2021-09-12,82,49391.73
1982,Megan Rose DDS,289-050-8819,emily72@lyons.com,Male,21,2020-03-09,100,33666.81
1983,Alyssa Thomas,524.640.3293x36263,mary20@yahoo.com,Male,29,2025-02-09,17,6057.36
1984,Jessica Butler,001-525-915-5342,morganmichael@gonzalez.org,Male,50,2024-03-05,99,48960.46
1985,Brittany Johnson,(091)720-2713,phicks@nelson-ayers.biz,Other,19,2022-06-13,40,7456.19
1986,Scott Walton,001-151-176-3287x143,taracollins@hotmail.com,Male,57,2020-03-06,34,10120.73
1987,Karen Bishop,834.748.5665x6316,williamsthomas@yahoo.com,Other,43,2024-12-24,51,48493.45
1988,Sarah Carroll,(221)937-0011x5206,amanda33@valenzuela-carter.biz,Other,51,2023-02-21,72,27447.19
1989,Peter Johnson,308-244-5578x4230,sarah22@lee.com,Male,56,2020-08-27,51,21743.01
1990,Kayla Moore,(705)286-4970,collinscolleen@yahoo.com,Female,60,2024-08-22,35,16185.91
1991,Whitney Diaz,(765)032-1802x219,wagnerchristopher@gmail.com,Female,57,2020-02-17,78,18442.96
1992,Taylor Carr,+1-416-881-5303x62076,dmartin@hotmail.com,Male,36,2020-09-17,22,35451.11
1993,Jeremy Jensen,001-301-083-6166x44498,tracey72@mcintyre.com,Female,39,2023-05-16,67,24971.4
1994,Cassandra Hatfield,381.142.0490,matthewwheeler@lawson.com,Female,20,2022-08-02,71,32977.22
1995,Cody Miller,(662)985-5536,gwalsh@yahoo.com,Male,57,2023-11-14,60,42845.92
1996,William Nelson,+1-886-846-2634,martintammy@gmail.com,Female,29,2021-12-10,75,42640.85
1997,Erika Parker,619.249.5579x576,lopezamanda@powell.com,Male,26,2020-06-28,95,35216.02
1998,Kristin Gross,001-948-771-1141x3962,clifford61@gmail.com,Other,22,2022-05-02,38,33376.49
1999,Donna Quinn DVM,001-355-131-5868x9748,laura62@ford-park.com,Female,52,2022-01-20,85,33407.07
2000,Zachary Perez,(817)128-0905x223,emily41@anderson.com,Male,47,2020-03-03,52,48564.99
