payment_id,ride_id,customer_id,amount_paid,payment_method,transaction_status,transaction_date
1,1785,1602,315.7,Wallet,Failed,2025-02-28
2,9706,1079,264.19,UPI,Success,2025-02-26
3,3996,1649,454.44,Wallet,Success,2025-01-16
4,2012,568,248.38,Cash,Success,2025-02-02
5,6547,936,407.46,Wallet,Success,2025-01-13
6,8157,1421,126.61,Wallet,Failed,2025-03-03
7,2141,694,196.08,Card,Pending,2025-02-12
8,3790,1112,471.43,Card,Success,2025-01-13
9,320,1255,150.22,Card,Success,2025-02-12
10,3610,1611,69.84,Card,Pending,2025-03-03
11,2952,607,215.02,Wallet,Pending,2025-02-22
12,6097,1589,339.53,Card,Failed,2025-01-04
13,765,61,454.65,Cash,Success,2025-02-13
14,1820,841,391.32,Wallet,Pending,2025-01-20
15,2091,1100,477.51,Wallet,Failed,2025-02-16
16,2935,1745,89.47,UPI,Success,2025-01-25
17,4490,1179,216.29,Cash,Success,2025-01-28
18,5277,822,246.42,Wallet,Success,2025-01-08
19,9870,648,89.25,Card,Failed,2025-02-14
20,3118,1947,486.79,UPI,Success,2025-02-20
21,5931,1848,218,Cash,Pending,2025-01-20
22,4126,320,273.62,Cash,Success,2025-02-23
23,4060,1426,343.86,Wallet,Success,2025-02-12
24,6622,1260,54.39,UPI,Success,2025-02-05
25,4006,1143,378.91,Card,Failed,2025-02-23
26,6688,289,276.14,Wallet,Success,2025-02-02
27,7793,1873,259.02,Wallet,Failed,2025-02-08
28,883,1352,215.08,Card,Success,2025-01-21
29,7237,1911,89.43,Cash,Pending,2025-01-19
30,3531,1434,220.84,UPI,Failed,2025-02-25
31,6083,918,383.89,Card,Success,2025-01-13
32,2564,1257,180.68,UPI,Failed,2025-01-24
33,9754,641,310.34,Wallet,Failed,2025-01-27
34,2121,298,455.22,Card,Success,2025-02-17
35,1149,1463,489.87,UPI,Failed,2025-01-01
36,921,455,283.62,UPI,Failed,2025-01-23
37,1609,588,83.08,Card,Pending,2025-02-06
38,4025,1852,194.24,UPI,Failed,2025-01-27
39,9387,1928,451.96,Cash,Failed,2025-01-28
40,7923,921,32.52,Wallet,Failed,2025-02-11
41,8838,1512,34.39,UPI,Failed,2025-02-13
42,5675,1774,391.41,UPI,Failed,2025-02-10
43,8451,1290,242.95,Wallet,Pending,2025-02-21
44,708,1274,202.54,Cash,Failed,2025-02-27
45,6363,409,36.84,Cash,Pending,2025-01-19
46,5191,1377,430.28,Wallet,Pending,2025-01-27
47,9283,1830,185.16,UPI,Success,2025-02-28
48,43,1171,90.58,Cash,Pending,2025-01-27
49,4796,673,385.36,UPI,Failed,2025-02-01
50,1820,1502,233.22,Cash,Pending,2025-01-01
51,4220,975,483.52,Cash,Success,2025-02-26
52,1906,1673,302.04,Cash,Pending,2025-02-23
53,8561,1746,482.06,Card,Success,2025-02-04
54,1122,66,133,UPI,Pending,2025-01-04
55,7123,1270,358.97,Card,Failed,2025-02-25
56,5020,1609,356.12,Card,Pending,2025-02-23
57,4334,1390,160.34,Cash,Failed,2025-02-10
58,3899,1999,188.02,Card,Failed,2025-01-23
59,1857,308,332.36,Card,Failed,2025-01-08
60,4604,1318,341.77,UPI,Success,2025-02-19
61,8591,475,335.36,UPI,Failed,2025-02-09
62,2074,432,451.22,Cash,Failed,2025-02-10
63,187,468,431.49,Cash,Failed,2025-02-21
64,9209,458,110.72,Wallet,Pending,2025-02-20
65,8199,105,72.93,Wallet,Failed,2025-02-18
66,7417,1388,415.56,UPI,Pending,2025-01-30
67,6421,1149,159.85,Wallet,Success,2025-02-01
68,9476,398,332.67,Cash,Success,2025-01-28
69,4771,172,393.82,Cash,Pending,2025-02-21
70,8694,846,120,Cash,Success,2025-02-25
71,3713,136,316.54,UPI,Failed,2025-01-17
72,1321,91,394.05,UPI,Success,2025-01-07
73,2363,1240,79.02,Wallet,Success,2025-01-03
74,6940,837,263.51,UPI,Success,2025-01-31
75,8638,12,105.52,UPI,Success,2025-01-09
76,7116,233,117.74,Wallet,Failed,2025-01-17
77,6098,98,323.24,Card,Success,2025-01-08
78,1131,1750,199.45,UPI,Pending,2025-01-28
79,7882,180,375.94,UPI,Failed,2025-02-12
80,6041,1463,306.83,UPI,Pending,2025-02-21
81,8443,246,68.36,Card,Failed,2025-01-21
82,3028,348,210.53,Cash,Failed,2025-01-30
83,3647,673,70.8,Cash,Pending,2025-01-07
84,3547,432,167.33,Card,Pending,2025-01-11
85,5215,831,415.13,Wallet,Failed,2025-02-11
86,9803,1824,494.61,Cash,Pending,2025-02-13
87,4702,423,401.17,Cash,Success,2025-02-12
88,4638,1765,225.46,Wallet,Failed,2025-02-15
89,2651,267,207.71,Wallet,Success,2025-01-01
90,110,1931,35.5,Card,Failed,2025-01-28
91,8176,616,67.59,Card,Success,2025-02-26
92,985,121,444.99,Wallet,Success,2025-01-05
93,4804,1808,447.44,Wallet,Pending,2025-01-01
94,8343,253,210.39,Wallet,Success,2025-02-24
95,2269,940,382.04,Card,Pending,2025-01-28
96,1936,1680,235.16,Cash,Pending,2025-01-10
97,7999,1799,482.79,Cash,Success,2025-03-03
98,9212,419,296.38,UPI,Success,2025-01-12
99,1667,1771,346.48,Cash,Pending,2025-02-12
100,6627,789,178.67,Card,Success,2025-01-10
101,3333,241,362.54,Cash,Success,2025-01-17
102,9068,1012,312.03,Wallet,Success,2025-02-05
103,3677,1839,220.32,Cash,Success,2025-01-04
104,1212,1468,427.76,Card,Pending,2025-01-28
105,2220,1200,418.09,Cash,Success,2025-01-11
106,3217,334,76.96,UPI,Failed,2025-02-04
107,2730,563,404.24,Card,Success,2025-01-17
108,6529,1438,369.9,Card,Success,2025-02-15
109,9911,1412,162.31,UPI,Pending,2025-02-02
110,4899,1445,337.07,Card,Success,2025-01-22
111,221,1513,376.77,Card,Failed,2025-02-02
112,8455,698,254.27,Cash,Failed,2025-03-02
113,4374,1192,414.74,UPI,Failed,2025-02-09
114,8974,1204,207.27,Wallet,Failed,2025-02-08
115,3533,1448,97.57,UPI,Success,2025-01-28
116,7855,1795,337.32,Card,Success,2025-01-04
117,5198,187,448.72,UPI,Success,2025-01-14
118,8892,378,268.4,UPI,Success,2025-02-14
119,2399,1092,364.21,Wallet,Pending,2025-01-10
120,4114,1580,156.53,Card,Success,2025-02-23
121,5614,284,356.88,Card,Success,2025-01-03
122,9803,535,294.51,Cash,Success,2025-01-18
123,5185,1128,451.75,Wallet,Pending,2025-02-24
124,71,761,104.6,Card,Pending,2025-01-29
125,5837,233,140.51,Wallet,Pending,2025-01-05
126,9460,389,88.32,Cash,Success,2025-03-03
127,6329,987,139.63,Cash,Pending,2025-02-26
128,6245,1004,340.99,Card,Failed,2025-03-02
129,3497,1822,331.48,Cash,Success,2025-02-12
130,4024,1371,464.42,Cash,Success,2025-02-25
131,2826,16,270.54,Cash,Failed,2025-02-24
132,7703,1250,371.03,Card,Failed,2025-02-12
133,6979,465,396.98,Card,Failed,2025-03-03
134,6832,876,198.33,Cash,Failed,2025-02-13
135,3010,1338,386.04,UPI,Success,2025-03-01
136,2573,787,283.5,UPI,Pending,2025-01-12
137,1096,288,311.46,Wallet,Failed,2025-02-16
138,2735,1955,404.11,Card,Pending,2025-02-17
139,5057,807,318.03,Cash,Failed,2025-02-23
140,1630,13,242.18,Card,Success,2025-02-19
141,1535,382,474.97,Cash,Failed,2025-01-04
142,3950,414,32.68,UPI,Failed,2025-01-18
143,1306,1701,450.45,Wallet,Failed,2025-02-01
144,1139,1610,372.58,Wallet,Pending,2025-01-27
145,3442,1977,103.39,UPI,Pending,2025-01-02
146,5610,48,399.47,UPI,Success,2025-01-17
147,9131,240,414.59,UPI,Success,2025-01-07
148,8723,914,425.28,UPI,Success,2025-03-02
149,2290,88,79.06,UPI,Failed,2025-02-10
150,8159,625,492.32,UPI,Pending,2025-01-28
151,3918,582,145.95,Cash,Success,2025-02-02
152,1965,792,339.35,Card,Failed,2025-01-25
153,2213,1841,360.54,Wallet,Failed,2025-01-12
154,5222,357,59.93,Wallet,Success,2025-02-25
155,7484,35,456.26,Cash,Pending,2025-01-16
156,4223,1624,116.34,Wallet,Success,2025-01-28
157,7104,1497,200.14,Card,Failed,2025-01-22
158,7013,547,394.5,Card,Success,2025-02-25
159,7067,1866,241.41,Wallet,Pending,2025-02-09
160,4715,572,240.7,Cash,Failed,2025-01-25
161,3663,173,94.46,Wallet,Failed,2025-01-19
162,7109,1611,100.24,UPI,Success,2025-01-02
163,3480,1296,67.11,Cash,Pending,2025-01-30
164,3228,1903,69.64,Cash,Failed,2025-01-30
165,1909,421,185.35,Wallet,Success,2025-01-02
166,2727,522,78.22,UPI,Pending,2025-02-10
167,9093,1373,360.33,Wallet,Pending,2025-02-17
168,391,929,198.06,Card,Success,2025-01-02
169,3812,1673,463.23,Card,Success,2025-02-28
170,7385,1059,53.92,Card,Pending,2025-02-13
171,4316,922,461.08,UPI,Failed,2025-02-19
172,7022,790,486.79,UPI,Pending,2025-01-30
173,3807,1316,193.03,Wallet,Success,2025-01-10
174,749,816,499.16,UPI,Pending,2025-01-03
175,6543,368,413.54,Cash,Success,2025-01-23
176,1262,1965,243.51,Card,Success,2025-02-08
177,8294,158,473.73,Cash,Pending,2025-02-20
178,1995,739,301.44,Wallet,Pending,2025-01-10
179,8493,684,231.99,Card,Success,2025-01-03
180,1531,989,333.61,Cash,Success,2025-01-13
181,3041,939,493.75,Cash,Pending,2025-02-08
182,8619,472,225.27,Card,Failed,2025-01-03
183,3409,866,112.14,UPI,Success,2025-01-15
184,2733,1684,137.66,Cash,Failed,2025-01-26
185,6842,1783,332.1,UPI,Pending,2025-01-01
186,8752,772,368.82,UPI,Failed,2025-02-23
187,3131,326,293.53,Wallet,Success,2025-02-18
188,8801,680,173.64,UPI,Success,2025-02-22
189,9458,1999,404.4,UPI,Pending,2025-01-31
190,6024,116,294.33,UPI,Pending,2025-01-04
191,1863,649,471.49,Cash,Success,2025-01-30
192,3755,1748,43.35,Cash,Pending,2025-01-25
193,4709,1045,383.12,Card,Success,2025-01-25
194,830,499,342.34,Cash,Success,2025-02-17
195,9837,428,202.03,Card,Failed,2025-01-07
196,2227,493,215.22,Cash,Success,2025-01-05
197,9746,1964,115.35,UPI,Success,2025-02-18
198,2509,605,394.26,Cash,Pending,2025-03-02
199,9862,1155,465.91,UPI,Pending,2025-02-03
200,2868,1182,384.32,Card,Pending,2025-01-04
201,490,1406,416.96,UPI,Pending,2025-02-04
202,7925,165,348.72,UPI,Success,2025-03-02
203,8414,1964,371.22,UPI,Pending,2025-01-17
204,1662,260,349.38,Card,Pending,2025-02-20
205,8877,547,39.12,UPI,Failed,2025-01-13
206,3347,529,107.51,UPI,Pending,2025-01-01
207,267,317,376.72,Cash,Pending,2025-01-31
208,6846,202,314.72,Card,Failed,2025-02-01
209,2279,89,185.2,UPI,Pending,2025-02-27
210,9602,47,443.96,Card,Pending,2025-01-22
211,7914,1944,295.97,Cash,Failed,2025-03-01
212,9009,1885,245.67,UPI,Failed,2025-02-16
213,6475,262,68.55,UPI,Failed,2025-02-19
214,3352,746,472.11,UPI,Success,2025-02-18
215,8255,396,370.55,Card,Failed,2025-02-22
216,7756,650,187.6,Cash,Failed,2025-01-08
217,2693,1371,101.41,Card,Failed,2025-01-11
218,8999,1934,253.26,UPI,Pending,2025-02-20
219,8411,1449,330.31,Card,Success,2025-01-24
220,3401,283,83.04,UPI,Failed,2025-02-09
221,7013,1492,175.09,Wallet,Success,2025-02-14
222,4449,1795,230.73,UPI,Success,2025-01-07
223,2792,843,173.97,UPI,Success,2025-01-15
224,8646,690,302.46,Card,Failed,2025-01-27
225,7528,373,265.07,Cash,Success,2025-03-02
226,1377,1145,75.26,Card,Failed,2025-01-17
227,2360,141,124.23,Cash,Failed,2025-01-28
228,6745,1749,164.18,Wallet,Success,2025-02-13
229,3424,1043,481.1,Cash,Success,2025-03-02
230,3333,362,406.7,UPI,Success,2025-02-02
231,5691,53,406.97,Wallet,Success,2025-02-02
232,7733,319,327.45,Cash,Failed,2025-03-03
233,2131,439,480.46,Card,Failed,2025-02-27
234,5476,905,409.56,Wallet,Pending,2025-02-28
235,4218,494,159.4,UPI,Pending,2025-01-23
236,3906,352,448.35,UPI,Pending,2025-02-09
237,2224,336,388.53,Cash,Pending,2025-01-01
238,4848,1434,155.8,Cash,Pending,2025-01-16
239,6419,788,232.44,Cash,Success,2025-03-02
240,3674,1334,363.42,UPI,Success,2025-01-15
241,6373,1941,31.48,UPI,Success,2025-02-03
242,7075,8,416.78,Wallet,Failed,2025-02-04
243,5324,480,110.53,Wallet,Pending,2025-02-19
244,4566,351,249.9,Card,Pending,2025-01-03
245,8694,154,239,Card,Failed,2025-02-20
246,5006,987,225.85,Wallet,Pending,2025-01-24
247,4960,5,184.67,Wallet,Pending,2025-02-06
248,8064,1349,437.33,UPI,Pending,2025-01-03
249,4249,1947,287.08,Cash,Success,2025-02-10
250,3108,458,78.32,Cash,Success,2025-03-02
251,7097,705,51.08,Cash,Pending,2025-02-09
252,1998,864,456.97,UPI,Success,2025-01-07
253,3220,480,66.47,UPI,Pending,2025-02-26
254,6012,511,458.91,Card,Pending,2025-02-19
255,50,1336,326.36,Wallet,Pending,2025-02-08
256,5673,298,425.67,Cash,Success,2025-02-26
257,4847,306,410.03,Card,Success,2025-02-20
258,2141,844,280.3,Card,Success,2025-01-28
259,456,573,495.7,Cash,Failed,2025-01-06
260,1685,871,148.88,Cash,Failed,2025-01-24
261,7633,1279,369.23,Card,Pending,2025-02-27
262,7337,1197,374.07,Wallet,Success,2025-02-20
263,5488,1632,141.81,Cash,Success,2025-01-01
264,3564,792,282.08,Card,Success,2025-01-13
265,2346,214,191.27,Wallet,Pending,2025-01-13
266,803,1767,137.27,Wallet,Pending,2025-01-24
267,1702,100,266.28,Cash,Failed,2025-01-04
268,7359,1148,44.57,Cash,Pending,2025-01-08
269,3929,1532,384.52,Card,Failed,2025-02-17
270,8811,1832,398.25,UPI,Failed,2025-01-15
271,3661,1333,419.52,Wallet,Failed,2025-02-14
272,2033,1024,417.11,Card,Pending,2025-01-30
273,3677,975,71.12,Card,Success,2025-01-07
274,1418,676,145.04,UPI,Failed,2025-01-04
275,8926,1254,110.4,UPI,Success,2025-01-07
276,3627,671,368.28,Cash,Success,2025-01-31
277,2678,324,57.01,Cash,Success,2025-01-07
278,5086,243,312.13,Cash,Success,2025-02-24
279,569,1792,88.03,UPI,Success,2025-02-19
280,6767,809,363.86,Card,Success,2025-01-31
281,1164,1621,266.19,Card,Failed,2025-01-06
282,4891,663,189.66,Card,Failed,2025-01-20
283,7098,1569,117.76,Card,Pending,2025-01-26
284,6289,435,248.13,UPI,Failed,2025-02-20
285,350,1803,231.48,Card,Success,2025-01-18
286,6357,1589,340.57,UPI,Pending,2025-02-12
287,8659,708,45.63,UPI,Pending,2025-02-01
288,7237,1791,288.2,Cash,Failed,2025-02-15
289,8896,18,491.57,UPI,Pending,2025-02-16
290,6747,205,34.08,Card,Failed,2025-02-18
291,3002,1686,195.82,Card,Success,2025-02-18
292,582,1193,224.52,Wallet,Failed,2025-02-04
293,6017,1931,79.84,Wallet,Success,2025-01-09
294,515,676,277.11,Wallet,Success,2025-01-24
295,2686,578,188.04,Cash,Pending,2025-02-09
296,6400,629,250.95,Card,Failed,2025-02-20
297,7394,232,125.16,Card,Pending,2025-01-25
298,1091,463,137.53,Cash,Pending,2025-02-27
299,5012,913,381.13,Card,Failed,2025-03-02
300,3301,977,286.72,Cash,Pending,2025-02-12
301,9374,1794,373.86,Card,Failed,2025-01-28
302,8456,1683,290.41,Card,Pending,2025-01-12
303,5133,745,299.39,Cash,Success,2025-01-08
304,8348,1185,40.95,Cash,Failed,2025-01-18
305,886,943,282.27,Cash,Failed,2025-01-11
306,3519,1254,212.48,UPI,Failed,2025-03-03
307,218,107,40.55,Card,Pending,2025-02-08
308,4538,440,462.67,Cash,Failed,2025-02-11
309,4367,1366,390.77,Cash,Failed,2025-01-22
310,3199,1980,343.41,Card,Success,2025-02-22
311,8253,1249,476.72,Card,Failed,2025-01-20
312,769,492,406.86,Card,Failed,2025-02-05
313,9076,1527,42.13,Cash,Success,2025-02-05
314,1806,1273,82.96,UPI,Pending,2025-02-14
315,3859,630,51.17,UPI,Failed,2025-01-19
316,5767,151,300.69,Wallet,Pending,2025-01-24
317,6405,47,75.95,Cash,Failed,2025-01-21
318,5744,681,88.27,Card,Pending,2025-01-13
319,5346,1514,62.92,Card,Pending,2025-01-21
320,7055,314,146.97,Cash,Success,2025-01-10
321,8482,89,173.95,UPI,Failed,2025-01-08
322,9321,463,177.18,Wallet,Success,2025-01-25
323,6362,280,32.93,Cash,Success,2025-01-29
324,9800,335,198.69,Wallet,Pending,2025-01-11
325,3021,1140,253.77,UPI,Pending,2025-01-12
326,2325,1011,299.95,Card,Pending,2025-02-28
327,2315,1912,116.09,Cash,Success,2025-01-05
328,9970,1467,296.83,Cash,Pending,2025-02-07
329,7537,401,344.23,Card,Failed,2025-01-22
330,3002,1381,249.08,UPI,Pending,2025-01-19
331,4376,628,492.27,UPI,Failed,2025-02-05
332,9731,1659,496.27,Wallet,Pending,2025-01-02
333,5353,975,435.8,Cash,Pending,2025-01-31
334,3284,381,78.67,Cash,Pending,2025-01-01
335,4728,839,473.21,Wallet,Pending,2025-01-07
336,7168,238,371.23,UPI,Failed,2025-01-09
337,9161,321,487.19,Wallet,Success,2025-01-13
338,5388,233,375.04,Wallet,Pending,2025-01-13
339,5974,376,353.58,Cash,Pending,2025-02-25
340,4634,1551,368.29,Wallet,Pending,2025-01-30
341,444,281,363.59,UPI,Success,2025-02-12
342,3792,6,244.98,UPI,Failed,2025-02-22
343,9292,1455,360.39,Cash,Pending,2025-01-27
344,4413,496,132.37,Card,Pending,2025-01-08
345,626,560,360.03,Cash,Success,2025-02-25
346,7461,1080,462.91,Wallet,Pending,2025-01-23
347,4464,984,59.02,Wallet,Success,2025-01-17
348,6396,265,215.05,Cash,Success,2025-02-16
349,762,1801,40.75,UPI,Failed,2025-01-07
350,2772,783,427.49,Cash,Success,2025-01-04
351,1148,835,173.23,Wallet,Success,2025-02-25
352,241,1685,92.94,UPI,Success,2025-01-16
353,1489,1216,209.17,Wallet,Pending,2025-02-19
354,4070,400,460.65,UPI,Failed,2025-02-10
355,6650,1836,263,Card,Failed,2025-01-05
356,7201,984,400.01,UPI,Pending,2025-03-01
357,1342,1715,238.42,Wallet,Failed,2025-01-15
358,4763,752,427.6,Card,Pending,2025-02-20
359,898,95,160.73,Cash,Failed,2025-03-02
360,4464,1357,381.11,Card,Pending,2025-02-12
361,3141,695,161.52,Card,Pending,2025-02-09
362,3713,38,117.45,Cash,Success,2025-02-02
363,1140,11,299.34,Card,Pending,2025-02-26
364,8275,1955,101.67,Wallet,Failed,2025-02-17
365,4664,1404,168.21,Cash,Failed,2025-01-09
366,4590,1158,318.31,Card,Failed,2025-02-12
367,2921,1993,325.3,Cash,Pending,2025-01-31
368,9547,22,108.21,UPI,Success,2025-02-22
369,1883,837,61.88,Cash,Success,2025-02-13
370,7600,1651,423.76,UPI,Failed,2025-02-07
371,6003,407,219.14,UPI,Pending,2025-02-20
372,4646,355,453.31,UPI,Success,2025-01-19
373,7105,839,366.33,UPI,Success,2025-01-19
374,8675,1632,447.06,Wallet,Pending,2025-03-02
375,2818,1581,209.97,Card,Failed,2025-01-24
376,114,734,293.69,UPI,Success,2025-01-01
377,7305,1176,120.55,UPI,Failed,2025-01-08
378,1198,1158,154.1,Cash,Success,2025-01-15
379,1502,1651,287.53,Card,Failed,2025-01-21
380,5040,1218,127.25,Card,Pending,2025-01-29
381,8658,1476,177.12,Cash,Pending,2025-01-27
382,6868,633,345.77,UPI,Success,2025-02-12
383,5903,1467,223.55,Wallet,Success,2025-02-21
384,8556,251,387.96,Cash,Success,2025-02-20
385,4465,395,323.81,Wallet,Pending,2025-02-28
386,7279,1709,360.36,UPI,Success,2025-02-24
387,8171,263,229.91,UPI,Success,2025-02-25
388,7176,934,471.4,UPI,Pending,2025-02-16
389,2694,1340,381.38,Card,Pending,2025-01-07
390,3714,1844,476.55,UPI,Pending,2025-01-06
391,9381,1385,250.06,Cash,Failed,2025-03-03
392,5956,154,434.33,Card,Failed,2025-01-27
393,239,59,149.41,UPI,Success,2025-01-19
394,4493,1901,175.1,Wallet,Pending,2025-02-19
395,408,1352,153.84,Card,Pending,2025-03-02
396,1806,1008,410.08,Cash,Pending,2025-02-08
397,3065,830,474.68,Card,Success,2025-02-10
398,166,1213,178.1,Cash,Success,2025-02-27
399,671,418,110.24,Wallet,Failed,2025-02-05
400,3524,1314,257.33,Card,Pending,2025-02-25
401,7477,1949,42.64,Cash,Failed,2025-01-24
402,852,676,42.8,Cash,Failed,2025-01-17
403,3985,290,124.31,Cash,Pending,2025-02-13
404,786,463,198.93,UPI,Failed,2025-01-07
405,7077,1049,365.32,Wallet,Failed,2025-01-22
406,366,226,490.82,Wallet,Success,2025-01-02
407,2485,1722,424.76,Cash,Success,2025-02-21
408,1069,267,351.57,Cash,Pending,2025-02-13
409,8524,128,409.77,UPI,Success,2025-02-19
410,6613,980,388.08,Card,Failed,2025-02-07
411,6533,44,466.74,Wallet,Pending,2025-02-12
412,9171,660,229.49,UPI,Success,2025-01-04
413,3501,798,187.88,Cash,Failed,2025-01-19
414,4618,1115,121.8,Card,Success,2025-02-24
415,7804,1103,200.78,UPI,Pending,2025-02-10
416,8810,1152,38.78,UPI,Failed,2025-03-03
417,4102,1081,55.75,Card,Success,2025-02-21
418,7783,1294,48.24,UPI,Pending,2025-01-21
419,1000,828,289.47,Card,Failed,2025-02-28
420,646,443,128.98,Cash,Pending,2025-02-01
421,7527,301,419.07,Cash,Success,2025-01-19
422,1104,889,201.91,Card,Success,2025-02-28
423,4635,1992,280.86,Wallet,Success,2025-01-12
424,7742,1775,313.71,Card,Success,2025-02-11
425,5181,333,79.23,Cash,Failed,2025-02-12
426,3186,135,384.48,Wallet,Failed,2025-01-27
427,994,38,352.28,Cash,Failed,2025-02-02
428,4633,1739,376.74,Wallet,Failed,2025-02-17
429,2770,176,57.51,Card,Pending,2025-01-27
430,6662,181,46.77,Card,Failed,2025-02-21
431,2924,137,448.75,Card,Failed,2025-02-06
432,8754,676,177.64,Card,Pending,2025-01-26
433,7786,923,137.46,Card,Success,2025-01-07
434,4311,1216,410.55,UPI,Failed,2025-01-10
435,3585,75,33.15,Card,Failed,2025-02-24
436,3075,1401,152.43,Wallet,Success,2025-02-09
437,1688,793,288.39,Card,Failed,2025-01-28
438,9546,1818,424,Wallet,Success,2025-01-24
439,8330,367,351.67,UPI,Pending,2025-01-21
440,8695,1682,237.44,Cash,Failed,2025-02-10
441,2496,599,360.35,Cash,Pending,2025-01-28
442,4010,1786,177.43,Wallet,Pending,2025-02-24
443,8582,1160,370.63,Card,Success,2025-02-05
444,402,1164,468.67,Wallet,Pending,2025-02-25
445,7268,1738,164.17,Wallet,Pending,2025-01-16
446,4311,42,201.12,Cash,Failed,2025-01-21
447,2640,374,166.74,Cash,Pending,2025-02-22
448,5728,429,208.82,Card,Pending,2025-01-22
449,3467,1234,375.9,UPI,Pending,2025-01-26
450,7717,1622,297.98,Card,Success,2025-02-10
451,9615,107,395.69,Cash,Failed,2025-01-21
452,3617,1595,175.24,Wallet,Success,2025-01-24
453,5025,518,485.04,UPI,Success,2025-01-27
454,3660,1921,198.31,Wallet,Success,2025-02-27
455,719,1171,395.65,Cash,Success,2025-02-08
456,3154,1044,437.73,UPI,Success,2025-02-24
457,4055,483,96.79,Cash,Success,2025-01-12
458,9659,921,226.91,Wallet,Success,2025-02-17
459,5944,1494,303.78,Cash,Pending,2025-01-21
460,4129,617,200.55,Wallet,Success,2025-01-13
461,8103,1457,295.83,Card,Success,2025-01-14
462,6353,1558,445.9,UPI,Pending,2025-02-21
463,483,1606,37.7,UPI,Pending,2025-01-07
464,4163,1742,142.81,Wallet,Pending,2025-01-05
465,2248,941,263.17,Cash,Failed,2025-01-09
466,6813,838,427.64,Cash,Pending,2025-01-26
467,249,1249,358.08,Card,Pending,2025-01-30
468,1725,1143,187.38,Cash,Failed,2025-02-09
469,3911,1929,177.87,UPI,Success,2025-02-02
470,9961,1760,298.64,UPI,Success,2025-01-15
471,5821,364,130.62,Card,Success,2025-02-17
472,7331,1749,489.1,UPI,Failed,2025-01-29
473,1116,1578,291.5,Card,Pending,2025-02-19
474,1399,1489,168.69,Card,Pending,2025-02-21
475,4432,950,60.14,Card,Failed,2025-01-21
476,8519,1525,480.74,Card,Failed,2025-02-05
477,7704,1651,427.6,Card,Success,2025-01-22
478,2342,968,258.94,Wallet,Pending,2025-02-12
479,6477,712,462.08,Cash,Pending,2025-01-26
480,8185,75,473.42,Cash,Pending,2025-02-17
481,594,1830,448.11,Card,Pending,2025-01-24
482,4108,25,47.62,Wallet,Pending,2025-02-19
483,5068,1856,347.45,Card,Pending,2025-01-15
484,7078,659,322.08,UPI,Pending,2025-02-13
485,5770,136,133.64,Card,Pending,2025-02-18
486,6866,590,373.57,UPI,Success,2025-01-01
487,3956,300,112.5,UPI,Failed,2025-02-26
488,8903,322,439.79,Cash,Pending,2025-02-22
489,7582,656,493.24,Card,Failed,2025-02-28
490,8036,1701,141.01,Card,Failed,2025-01-11
491,4630,112,371.76,Cash,Failed,2025-01-08
492,4032,1466,372.72,UPI,Failed,2025-02-05
493,3931,246,478.34,Cash,Failed,2025-02-03
494,759,921,328.82,Wallet,Failed,2025-02-08
495,2757,748,480.03,UPI,Failed,2025-01-04
496,3830,1885,31.09,Cash,Pending,2025-01-25
497,9461,282,472.02,UPI,Success,2025-01-17
498,4844,1700,471.55,Cash,Pending,2025-02-21
499,852,974,484.99,Wallet,Success,2025-02-18
500,9465,1807,257.41,Cash,Pending,2025-01-26
501,7450,1378,395.18,Card,Success,2025-02-26
502,2867,1112,447.55,Wallet,Failed,2025-02-24
503,7065,327,473.83,UPI,Failed,2025-01-20
504,5123,84,309.11,Wallet,Failed,2025-01-02
505,3025,655,213.69,Wallet,Pending,2025-01-13
506,3514,546,497.15,Wallet,Pending,2025-01-11
507,2618,117,283.38,UPI,Success,2025-01-28
508,6103,820,107.33,UPI,Failed,2025-02-08
509,1651,395,395.43,UPI,Success,2025-02-24
510,4942,1031,225.47,Card,Success,2025-01-01
511,2749,431,121.98,Cash,Success,2025-02-04
512,945,1454,260.78,Card,Failed,2025-03-02
513,6285,1646,174.33,Card,Pending,2025-02-04
514,8861,265,306.63,Card,Success,2025-02-24
515,141,936,388.16,Wallet,Pending,2025-01-24
516,9794,1457,163.74,Cash,Pending,2025-01-01
517,8647,201,457.2,UPI,Pending,2025-01-25
518,8882,1004,49.61,UPI,Pending,2025-02-19
519,133,1517,250.21,Card,Success,2025-01-28
520,5396,1438,43.68,UPI,Success,2025-01-26
521,3922,1944,300.66,Card,Failed,2025-02-11
522,9138,280,42.86,Cash,Failed,2025-02-13
523,5885,420,460.82,Wallet,Pending,2025-02-25
524,5989,1632,390.15,UPI,Failed,2025-01-15
525,1064,161,499.12,Wallet,Failed,2025-02-14
526,839,1998,185.52,Card,Failed,2025-02-11
527,1111,327,363.76,Cash,Success,2025-01-30
528,5673,289,294.66,Wallet,Failed,2025-01-13
529,8999,502,201.52,UPI,Failed,2025-01-17
530,9072,538,81.7,UPI,Failed,2025-03-01
531,4397,1811,215.25,Card,Failed,2025-01-30
532,268,261,236.31,UPI,Pending,2025-02-14
533,8926,196,293.66,UPI,Failed,2025-01-08
534,4952,1844,377.35,UPI,Pending,2025-01-17
535,3147,914,309.31,Card,Failed,2025-02-26
536,7458,1162,323.16,Card,Success,2025-01-24
537,1390,1532,32.19,UPI,Pending,2025-02-20
538,6439,1593,286.56,UPI,Success,2025-02-09
539,7024,912,321.12,Wallet,Failed,2025-01-02
540,5340,1128,39.33,Card,Success,2025-01-23
541,9038,1537,170.59,Wallet,Success,2025-02-12
542,6404,694,428.02,Cash,Pending,2025-01-28
543,9852,764,330.84,UPI,Failed,2025-02-07
544,9126,1815,80.03,Wallet,Failed,2025-02-10
545,9891,890,195.45,Card,Pending,2025-01-06
546,8840,931,230.08,Cash,Success,2025-01-19
547,5131,846,39.27,Cash,Failed,2025-02-01
548,3361,227,174.73,Wallet,Pending,2025-02-01
549,1030,1428,88.58,Card,Failed,2025-01-11
550,2435,1531,387.87,Wallet,Failed,2025-02-25
551,1973,1649,479.73,Card,Failed,2025-02-27
552,1917,1994,453.01,Cash,Failed,2025-01-05
553,4191,1835,196.7,Card,Pending,2025-01-10
554,6235,467,267.18,Wallet,Pending,2025-02-04
555,699,147,244.24,UPI,Failed,2025-01-20
556,3937,1070,415.39,UPI,Failed,2025-02-28
557,7299,247,84.26,Cash,Failed,2025-02-11
558,1084,1431,300.15,Cash,Failed,2025-02-18
559,9295,1031,155.21,Cash,Pending,2025-02-10
560,178,347,139.48,Wallet,Success,2025-01-03
561,324,443,248.7,UPI,Failed,2025-02-24
562,6482,1978,475.24,UPI,Pending,2025-01-06
563,7453,150,36.45,Card,Failed,2025-02-25
564,4464,1564,31.36,Card,Failed,2025-01-06
565,1924,1623,193.23,Card,Failed,2025-02-04
566,1134,544,129.6,Cash,Success,2025-02-27
567,3336,1359,335.55,UPI,Pending,2025-02-15
568,2272,404,31.14,Wallet,Failed,2025-02-22
569,485,1554,399.53,Cash,Failed,2025-01-07
570,1276,987,214.23,Wallet,Success,2025-02-22
571,6285,1291,142.2,Cash,Pending,2025-03-03
572,4801,1408,67.11,UPI,Success,2025-02-24
573,5173,463,82.63,Cash,Success,2025-01-02
574,8717,1078,449.06,Cash,Success,2025-02-22
575,6094,1721,278.13,Card,Failed,2025-01-01
576,7208,856,435.32,UPI,Success,2025-02-08
577,8159,70,429.98,Card,Failed,2025-01-20
578,1229,694,156.3,Card,Pending,2025-02-13
579,8532,397,162.78,Wallet,Pending,2025-02-10
580,3205,793,148.26,Card,Failed,2025-01-02
581,1356,322,492.67,Cash,Failed,2025-02-12
582,8846,852,176.84,Card,Pending,2025-01-21
583,5247,384,299.99,UPI,Success,2025-01-08
584,900,540,122.06,Cash,Success,2025-02-07
585,1072,1225,254.7,UPI,Pending,2025-01-28
586,5097,1372,130.07,Cash,Pending,2025-02-26
587,601,795,412.63,Cash,Failed,2025-01-26
588,586,1960,417.9,Wallet,Pending,2025-03-03
589,7768,1786,440.41,Wallet,Pending,2025-02-20
590,8878,689,375.53,UPI,Failed,2025-01-01
591,8263,607,206.35,Cash,Pending,2025-01-11
592,5938,748,233.14,Card,Pending,2025-01-05
593,3378,1388,79.9,UPI,Failed,2025-02-23
594,8514,1993,180.96,Cash,Failed,2025-02-26
595,9345,1370,256.98,Card,Success,2025-01-24
596,9536,783,41.98,Card,Success,2025-02-04
597,7393,1021,425.58,Card,Success,2025-01-05
598,7542,1558,431.04,UPI,Pending,2025-01-18
599,8989,632,465.33,Card,Failed,2025-01-18
600,9941,498,71.49,Cash,Pending,2025-02-08
601,569,736,191.28,Card,Failed,2025-01-05
602,8975,383,43.8,Wallet,Pending,2025-01-05
603,7866,1031,479.01,Card,Success,2025-01-14
604,260,1509,73.94,UPI,Success,2025-03-02
605,7260,855,168.93,Card,Pending,2025-01-29
606,936,86,121.66,Cash,Failed,2025-02-03
607,3983,1852,140.67,UPI,Pending,2025-01-15
608,2091,1860,499.99,UPI,Success,2025-02-06
609,94,48,412.36,Cash,Success,2025-01-09
610,9091,628,136.23,Cash,Success,2025-01-14
611,7407,508,170.33,Wallet,Failed,2025-02-08
612,5941,1927,320.83,UPI,Failed,2025-01-13
613,1489,223,264,Cash,Failed,2025-02-14
614,8349,1138,216.83,Card,Success,2025-02-20
615,143,1373,360.88,UPI,Failed,2025-01-25
616,8441,982,96.1,Wallet,Success,2025-01-08
617,8912,1868,348.23,UPI,Pending,2025-02-20
618,9908,1146,194.41,Card,Success,2025-02-12
619,3509,1332,379.61,Card,Success,2025-02-08
620,9421,364,234.57,Card,Failed,2025-02-14
621,6177,1388,189.63,Cash,Pending,2025-02-10
622,7227,163,90.41,Cash,Pending,2025-01-12
623,8042,1867,173.18,Card,Pending,2025-01-26
624,6409,1383,406.2,Wallet,Failed,2025-01-18
625,4984,1408,186.34,Card,Failed,2025-02-23
626,9608,1697,311.77,Wallet,Failed,2025-01-28
627,8289,1829,426.44,UPI,Pending,2025-03-01
628,2561,1163,303.93,Wallet,Success,2025-02-18
629,1672,1022,380.76,Cash,Pending,2025-02-28
630,4997,1018,367.89,UPI,Success,2025-01-18
631,8812,1739,409.73,Cash,Failed,2025-02-12
632,6063,278,80.13,UPI,Success,2025-02-08
633,3300,1310,198.13,Card,Failed,2025-02-11
634,2294,1959,409.09,Wallet,Success,2025-02-01
635,4606,644,301.38,Wallet,Success,2025-01-23
636,9364,535,380.52,Cash,Success,2025-01-01
637,2202,1934,352.58,UPI,Failed,2025-03-03
638,6086,1418,58.98,Wallet,Success,2025-02-02
639,4967,315,306.19,Cash,Success,2025-02-10
640,2503,1899,388.4,Cash,Pending,2025-02-13
641,1471,481,342.7,Cash,Success,2025-02-17
642,5618,1372,139.11,UPI,Success,2025-01-29
643,3604,1859,41.68,Card,Success,2025-02-09
644,7602,1157,275.04,UPI,Pending,2025-01-11
645,9400,1310,377.77,Cash,Pending,2025-02-18
646,5940,1577,366.19,UPI,Failed,2025-01-04
647,3996,1093,245.82,UPI,Pending,2025-01-25
648,2572,919,337.48,Cash,Success,2025-01-17
649,1965,856,311.91,Card,Success,2025-01-14
650,8436,1932,130.95,Cash,Success,2025-02-14
651,9013,791,266.54,UPI,Success,2025-01-09
652,4998,1324,96.6,Cash,Pending,2025-02-03
653,4235,1676,479.78,Wallet,Pending,2025-01-23
654,4067,236,387.13,Wallet,Pending,2025-02-11
655,6992,1144,410.06,Wallet,Pending,2025-01-27
656,7244,155,203.6,Cash,Failed,2025-02-14
657,5047,1762,459.48,Cash,Failed,2025-01-14
658,4528,1578,283.86,UPI,Success,2025-03-02
659,2736,452,468.72,Card,Success,2025-02-23
660,3793,18,111.45,Card,Pending,2025-01-07
661,374,1319,381.41,Card,Pending,2025-01-01
662,5839,799,414.89,Cash,Failed,2025-01-07
663,7074,220,243.05,Wallet,Success,2025-01-10
664,4093,1797,212.44,UPI,Success,2025-03-03
665,7648,1159,265.9,UPI,Success,2025-02-23
666,8136,865,105.34,Cash,Pending,2025-01-25
667,2274,1231,439.85,Wallet,Success,2025-01-03
668,5673,1756,291.3,Wallet,Pending,2025-01-03
669,8180,655,363.23,Card,Success,2025-02-10
670,5335,1542,363,Wallet,Success,2025-02-04
671,2172,399,377.41,UPI,Failed,2025-02-21
672,685,1453,166.26,Card,Failed,2025-01-21
673,8425,1287,341.24,Wallet,Success,2025-01-30
674,2075,691,253.86,Wallet,Pending,2025-01-09
675,7750,1901,108.05,Card,Success,2025-01-04
676,189,1737,475.54,Cash,Success,2025-02-08
677,7873,409,372.69,Wallet,Pending,2025-01-30
678,6881,729,439.89,UPI,Pending,2025-02-02
679,4202,1958,304.42,Wallet,Failed,2025-01-10
680,420,504,135.11,Cash,Success,2025-01-11
681,1020,257,421.18,UPI,Success,2025-02-15
682,1603,1690,477.02,Wallet,Pending,2025-02-25
683,2885,1804,376.96,Cash,Failed,2025-01-21
684,1945,1665,59.43,Card,Success,2025-02-12
685,4110,1427,349.83,Cash,Pending,2025-02-25
686,4108,1708,449.17,Card,Success,2025-01-09
687,9967,81,374.73,Cash,Pending,2025-01-23
688,860,1553,39.1,Card,Failed,2025-02-20
689,4218,1674,451.41,Card,Success,2025-02-15
690,1019,1702,171.23,UPI,Failed,2025-01-08
691,9181,1456,353.62,Wallet,Success,2025-02-12
692,2703,1621,265.49,Wallet,Success,2025-01-26
693,7061,1139,471,Wallet,Pending,2025-01-23
694,2259,1410,309.27,UPI,Failed,2025-02-19
695,9370,1647,203.09,Card,Pending,2025-01-09
696,4877,1979,263.89,UPI,Pending,2025-01-13
697,5128,1297,328.62,Card,Success,2025-02-12
698,1261,229,214.66,Card,Success,2025-01-21
699,2874,1221,56.27,Card,Pending,2025-01-11
700,8378,1527,224.65,Wallet,Failed,2025-01-16
701,8141,1511,441.46,Cash,Failed,2025-01-28
702,4257,1096,89.47,Wallet,Pending,2025-01-01
703,3845,1126,471.97,Cash,Success,2025-03-02
704,815,1683,382.39,Cash,Failed,2025-01-11
705,5383,141,115.04,Card,Success,2025-02-06
706,9623,1758,425.89,Wallet,Success,2025-03-02
707,161,148,196.46,Cash,Pending,2025-02-07
708,3850,954,340.02,Wallet,Success,2025-01-30
709,1434,1075,257.92,Wallet,Failed,2025-01-11
710,4718,288,151.39,UPI,Success,2025-01-20
711,1348,1023,281.88,UPI,Failed,2025-02-18
712,422,44,261.75,Wallet,Pending,2025-02-16
713,1496,505,245.07,Cash,Success,2025-01-15
714,2923,1149,85.87,Cash,Failed,2025-01-12
715,7041,20,356.49,Wallet,Pending,2025-01-18
716,2098,519,387.03,Card,Success,2025-01-17
717,3855,1295,156.77,UPI,Success,2025-01-28
718,6380,1010,142.59,Card,Pending,2025-02-03
719,2732,310,383.78,Cash,Success,2025-01-15
720,5092,1025,362.12,Card,Success,2025-01-08
721,7814,149,488.33,UPI,Failed,2025-01-21
722,8647,1004,368,Wallet,Pending,2025-03-03
723,883,1377,490.42,UPI,Success,2025-01-08
724,8424,1959,378.66,Card,Failed,2025-01-23
725,9519,496,388.26,Card,Failed,2025-01-24
726,7240,728,107.06,Card,Failed,2025-01-03
727,8666,1105,128.51,Wallet,Success,2025-01-27
728,7242,1372,453.59,Card,Pending,2025-01-08
729,5103,1953,116.54,UPI,Success,2025-01-29
730,9436,280,119.29,UPI,Failed,2025-01-04
731,2204,1844,369.13,Wallet,Success,2025-01-17
732,5803,1195,405,Card,Failed,2025-01-08
733,615,184,275.1,Card,Failed,2025-01-31
734,6106,1177,281.97,Wallet,Failed,2025-02-11
735,905,1493,171.4,UPI,Failed,2025-01-30
736,4226,512,93.64,Wallet,Success,2025-01-30
737,6110,665,122.59,Wallet,Pending,2025-01-29
738,4114,167,310.88,Wallet,Failed,2025-02-24
739,9537,1662,268.37,Wallet,Failed,2025-01-23
740,7110,1260,488.92,UPI,Success,2025-01-06
741,5366,214,483.21,Cash,Success,2025-02-24
742,3485,1599,186.92,Cash,Success,2025-01-07
743,4835,118,390.51,Card,Success,2025-01-23
744,3258,676,252.92,UPI,Failed,2025-03-01
745,3053,1610,117.95,Card,Failed,2025-02-15
746,9597,962,152.7,UPI,Pending,2025-01-11
747,3000,1891,317.14,Card,Failed,2025-02-02
748,9319,1179,173.77,Wallet,Success,2025-01-17
749,4739,56,43.21,Wallet,Pending,2025-02-10
750,6408,1410,270.1,Cash,Pending,2025-01-22
751,4373,1656,352.23,UPI,Failed,2025-01-04
752,432,1855,101.84,Card,Pending,2025-02-08
753,3103,16,130.26,Wallet,Failed,2025-01-13
754,1945,1204,426.32,Cash,Pending,2025-01-27
755,9524,100,478.6,Card,Success,2025-02-28
756,2406,1692,35.26,Card,Success,2025-02-16
757,4120,1847,342.64,Wallet,Failed,2025-02-25
758,9069,917,257.73,Cash,Pending,2025-02-07
759,5521,361,340.88,Wallet,Pending,2025-02-22
760,7484,1566,82.83,Wallet,Pending,2025-02-11
761,854,748,260.47,Wallet,Success,2025-02-14
762,5579,1881,158.62,Cash,Failed,2025-02-06
763,3825,1081,128.06,Wallet,Pending,2025-01-03
764,5818,846,252.48,Cash,Failed,2025-01-27
765,3067,1686,203.52,Cash,Failed,2025-01-10
766,6484,671,200.44,UPI,Failed,2025-01-07
767,355,41,97.6,Cash,Success,2025-01-07
768,7255,969,379.27,UPI,Success,2025-01-13
769,3457,297,225.41,Card,Failed,2025-02-03
770,3431,1434,460.76,Card,Pending,2025-02-21
771,9599,1598,386.01,UPI,Success,2025-01-12
772,5123,1746,247.63,Wallet,Failed,2025-02-21
773,8725,470,108.3,Cash,Failed,2025-01-24
774,1046,1165,283.92,Card,Pending,2025-02-25
775,620,103,189.26,UPI,Failed,2025-01-09
776,2822,1416,365.87,Cash,Failed,2025-01-02
777,7284,321,49.55,Wallet,Failed,2025-01-20
778,6547,720,240.6,Card,Failed,2025-01-08
779,4065,932,351.21,UPI,Pending,2025-01-19
780,6848,882,396.38,UPI,Pending,2025-01-15
781,4545,997,238.67,UPI,Pending,2025-01-22
782,6880,1016,454.32,Card,Pending,2025-01-24
783,678,995,224.2,Card,Pending,2025-02-10
784,4177,56,127.25,UPI,Failed,2025-02-03
785,5958,1689,365.27,Card,Failed,2025-02-10
786,2215,5,217.13,Card,Pending,2025-01-12
787,9512,1707,345.95,UPI,Success,2025-01-03
788,2079,534,141.62,Wallet,Failed,2025-02-08
789,5914,585,458.17,Card,Failed,2025-01-28
790,7076,279,346.6,UPI,Failed,2025-02-11
791,7114,1929,263.47,Cash,Pending,2025-01-08
792,9973,836,432.28,Wallet,Failed,2025-01-18
793,1566,426,145.33,Wallet,Failed,2025-01-20
794,6289,856,259.12,Card,Pending,2025-01-17
795,1344,729,428.08,Cash,Pending,2025-03-01
796,4216,1552,198,Card,Success,2025-01-14
797,3768,3,145.18,Wallet,Pending,2025-03-03
798,2813,1324,188.98,Cash,Pending,2025-01-14
799,5138,1306,373.84,Wallet,Success,2025-01-26
800,7027,812,185.03,Cash,Failed,2025-02-26
801,4751,1236,345.93,UPI,Success,2025-03-03
802,3714,77,168.05,UPI,Success,2025-02-15
803,6680,412,242.14,Card,Failed,2025-01-26
804,9592,1841,139.87,Cash,Success,2025-02-27
805,2852,1603,169.82,Card,Success,2025-02-16
806,7265,721,259.59,Wallet,Pending,2025-02-09
807,5847,666,332.12,Wallet,Pending,2025-02-26
808,3490,1149,439.73,Wallet,Failed,2025-01-25
809,1737,374,463.04,Cash,Success,2025-02-04
810,6948,1872,120.34,Cash,Success,2025-01-18
811,2401,1668,45.68,Card,Success,2025-01-03
812,6686,1926,342.2,Cash,Failed,2025-01-18
813,6030,998,312.13,Cash,Success,2025-01-10
814,5617,230,59.44,Cash,Pending,2025-01-17
815,4471,1515,404.86,Card,Failed,2025-02-14
816,3962,1557,367.8,UPI,Failed,2025-02-24
817,528,1321,166.02,Wallet,Failed,2025-01-23
818,3628,1821,80.19,Card,Failed,2025-01-29
819,7599,81,288.34,Card,Success,2025-02-24
820,1872,1629,296.85,Cash,Pending,2025-01-23
821,4716,786,329.97,Card,Failed,2025-01-11
822,3499,445,364.02,UPI,Pending,2025-03-03
823,2699,1091,151.65,Card,Failed,2025-01-22
824,594,1410,172.23,Cash,Failed,2025-02-04
825,3421,1056,383.11,UPI,Success,2025-01-14
826,5279,1543,192.01,Cash,Success,2025-02-16
827,9924,425,340.55,Cash,Failed,2025-01-01
828,6467,1193,36.35,Card,Success,2025-02-20
829,3558,780,89.91,UPI,Success,2025-02-26
830,6124,1713,398.35,Wallet,Pending,2025-01-12
831,3641,275,285.22,Card,Pending,2025-01-24
832,9093,1113,477.2,UPI,Failed,2025-02-28
833,9903,589,447.35,Card,Failed,2025-02-13
834,1569,704,495.24,Wallet,Success,2025-01-22
835,4034,73,486.98,UPI,Pending,2025-02-06
836,760,66,446.5,Wallet,Success,2025-02-24
837,306,1911,122.99,Card,Success,2025-02-09
838,8365,321,360.72,UPI,Pending,2025-01-12
839,7552,814,358.24,UPI,Failed,2025-01-20
840,6597,46,349.91,UPI,Pending,2025-02-28
841,4764,440,234.49,Card,Pending,2025-01-05
842,7245,1528,30.86,Cash,Success,2025-01-25
843,8575,998,407.18,Wallet,Success,2025-02-23
844,6217,11,191.99,Wallet,Success,2025-03-01
845,8974,1982,148.33,UPI,Failed,2025-02-24
846,4497,470,100.85,Wallet,Pending,2025-01-10
847,5266,1625,276.45,UPI,Pending,2025-01-29
848,755,774,123.24,Wallet,Pending,2025-02-26
849,4390,298,494.18,Wallet,Pending,2025-02-21
850,2771,1342,120.69,Cash,Success,2025-01-19
851,5019,419,238.58,UPI,Success,2025-01-23
852,8515,1250,219.55,UPI,Success,2025-01-13
853,5117,264,259.14,Cash,Success,2025-01-07
854,2612,1,341.33,Wallet,Pending,2025-01-29
855,9400,615,405.24,Cash,Pending,2025-01-22
856,6683,219,331.2,Cash,Failed,2025-02-04
857,9273,19,446.44,UPI,Success,2025-03-02
858,9507,833,151.72,Card,Pending,2025-02-11
859,2614,103,37.19,Card,Pending,2025-02-17
860,5569,330,170.87,Wallet,Success,2025-02-14
861,3450,194,420.97,Wallet,Failed,2025-02-22
862,3754,790,459.66,Wallet,Pending,2025-02-20
863,5576,473,197.19,Card,Pending,2025-01-28
864,4112,585,290.38,UPI,Pending,2025-01-06
865,9745,1389,323.48,Wallet,Pending,2025-01-13
866,3532,1827,55.04,UPI,Success,2025-02-19
867,5717,474,203.44,UPI,Success,2025-01-07
868,5209,686,42.08,UPI,Failed,2025-01-06
869,1520,1895,163.14,Card,Failed,2025-01-17
870,1566,494,174.88,UPI,Failed,2025-01-05
871,3350,1169,202.67,Card,Success,2025-02-21
872,9758,1588,89.68,UPI,Failed,2025-02-15
873,7190,719,287.05,UPI,Pending,2025-02-05
874,4461,900,258.38,UPI,Pending,2025-02-13
875,5210,1257,120.43,UPI,Failed,2025-01-31
876,3390,499,466.35,Card,Failed,2025-01-14
877,4985,237,147.19,Wallet,Success,2025-01-18
878,7976,35,203.22,Cash,Failed,2025-01-17
879,5288,496,130.27,Cash,Success,2025-02-23
880,347,651,168.93,Wallet,Success,2025-02-05
881,9477,1123,494.74,Cash,Success,2025-01-24
882,3265,1335,229.27,UPI,Pending,2025-02-24
883,2697,817,50.9,Card,Failed,2025-02-12
884,3519,1804,105.32,Wallet,Success,2025-02-14
885,461,1188,162.81,Cash,Failed,2025-01-07
886,1614,787,307,Card,Failed,2025-01-12
887,4023,1234,465.33,Wallet,Failed,2025-01-16
888,9672,1140,118.43,Wallet,Failed,2025-02-16
889,6352,433,351.81,UPI,Pending,2025-01-06
890,3095,97,412.63,UPI,Pending,2025-01-19
891,156,1077,138.85,Wallet,Pending,2025-02-17
892,7344,546,126.66,Card,Success,2025-02-18
893,6567,353,180.61,Card,Failed,2025-02-05
894,7382,1608,183.72,Card,Success,2025-02-28
895,6965,1958,341.67,Card,Success,2025-01-29
896,4488,525,175.76,Wallet,Failed,2025-01-04
897,6860,261,250.67,Wallet,Success,2025-01-25
898,5105,1417,195.08,Wallet,Pending,2025-03-01
899,7566,23,448.08,Wallet,Pending,2025-01-17
900,7588,1718,320.91,UPI,Failed,2025-02-10
901,239,146,269.82,Card,Pending,2025-02-26
902,7877,1359,328.71,Wallet,Pending,2025-01-10
903,3434,290,320.75,Cash,Success,2025-02-01
904,6798,535,304.53,Cash,Failed,2025-01-01
905,536,1458,60.82,Card,Pending,2025-01-31
906,6586,372,475.05,Card,Failed,2025-02-27
907,2944,1948,254.96,Wallet,Success,2025-01-05
908,4007,1259,399.5,UPI,Failed,2025-02-01
909,8546,830,221.13,Card,Success,2025-02-13
910,711,1240,236.23,Card,Pending,2025-01-21
911,6371,129,118.25,Card,Pending,2025-01-28
912,9158,901,403.04,UPI,Pending,2025-02-16
913,6716,1358,222.16,Cash,Success,2025-02-19
914,6437,1309,66.63,Wallet,Pending,2025-01-18
915,1158,1002,263,Card,Success,2025-02-16
916,8566,1505,203.42,UPI,Pending,2025-01-10
917,8018,90,381.5,UPI,Success,2025-01-29
918,7948,733,430.95,UPI,Success,2025-02-25
919,4671,1339,166.45,Card,Pending,2025-01-19
920,9248,97,136.46,UPI,Failed,2025-01-24
921,9648,1350,392.69,Card,Failed,2025-01-10
922,3785,1508,429.01,Wallet,Success,2025-02-13
923,8836,1711,383.04,Wallet,Pending,2025-01-26
924,7199,229,152.87,Cash,Pending,2025-01-07
925,2181,1702,217.23,Wallet,Pending,2025-02-20
926,596,1033,406.52,Wallet,Failed,2025-02-07
927,649,1066,320.05,Cash,Failed,2025-01-27
928,5856,887,358.28,Card,Success,2025-01-22
929,1889,261,212.78,Wallet,Success,2025-02-22
930,1041,469,157.59,Card,Pending,2025-02-19
931,5176,1690,101.62,Card,Failed,2025-02-20
932,2048,1615,288.84,UPI,Pending,2025-01-12
933,4130,560,131.59,UPI,Success,2025-02-14
934,1314,737,93.84,Cash,Failed,2025-01-16
935,3065,1399,340.93,Wallet,Pending,2025-02-27
936,2801,22,184.02,Cash,Failed,2025-03-01
937,8946,1343,380.71,Wallet,Failed,2025-01-10
938,6449,861,62.77,UPI,Pending,2025-01-17
939,4147,1345,386.73,Cash,Failed,2025-03-01
940,7480,1683,386.01,Wallet,Failed,2025-02-19
941,4933,1642,482.85,UPI,Success,2025-01-10
942,866,1222,46.86,Card,Pending,2025-02-18
943,3818,541,49.34,Cash,Success,2025-02-14
944,9686,51,152.71,Card,Pending,2025-01-23
945,8606,497,200.15,Wallet,Success,2025-02-27
946,9581,687,470.09,UPI,Success,2025-02-23
947,505,40,42.08,Cash,Failed,2025-01-22
948,2402,494,47.54,UPI,Success,2025-01-30
949,4091,923,235.33,Cash,Failed,2025-02-27
950,8124,852,170.33,Card,Pending,2025-01-27
951,9852,1370,209.19,Card,Pending,2025-02-13
952,2317,611,184.09,Cash,Pending,2025-01-04
953,1638,1999,123.45,Cash,Pending,2025-03-03
954,1069,305,419.26,Wallet,Failed,2025-01-17
955,2611,738,244.5,Wallet,Failed,2025-01-17
956,6604,554,311.37,UPI,Pending,2025-01-18
957,3134,1000,178.65,UPI,Failed,2025-01-28
958,7067,1928,49.02,Wallet,Failed,2025-01-22
959,8066,341,327.42,Cash,Failed,2025-01-01
960,4003,1826,299.46,UPI,Success,2025-02-26
961,7727,845,252.24,Cash,Failed,2025-01-09
962,7868,1624,158.75,Cash,Success,2025-01-27
963,422,860,124.34,Card,Success,2025-01-26
964,8021,1715,347.9,Card,Pending,2025-01-18
965,317,393,492.82,Card,Pending,2025-02-09
966,391,3,63.26,Card,Failed,2025-01-10
967,1564,1214,424.17,Wallet,Pending,2025-02-05
968,2640,360,41,Cash,Failed,2025-02-28
969,153,1978,495.93,Cash,Failed,2025-03-01
970,4027,366,432.09,Card,Failed,2025-01-17
971,7419,1131,254.64,UPI,Success,2025-02-05
972,6982,602,180.01,UPI,Success,2025-01-01
973,9835,887,73.83,Card,Pending,2025-01-20
974,1337,1313,114.94,UPI,Success,2025-02-23
975,7401,1537,485.17,Cash,Success,2025-01-26
976,2273,1076,468.94,UPI,Pending,2025-02-03
977,4876,958,394.12,UPI,Failed,2025-01-10
978,4178,379,262.62,Cash,Success,2025-01-08
979,8202,1753,368.92,UPI,Pending,2025-01-10
980,4818,1664,434.17,Cash,Failed,2025-01-01
981,2049,1925,62.03,Wallet,Pending,2025-02-21
982,3180,254,37.79,Cash,Failed,2025-01-19
983,9344,1833,259,Wallet,Success,2025-02-03
984,8586,1454,380.48,Cash,Failed,2025-03-02
985,6641,509,123.99,Card,Pending,2025-01-04
986,4349,954,350.6,Card,Success,2025-02-19
987,9812,240,174.07,Wallet,Failed,2025-02-22
988,5975,584,235.87,Cash,Pending,2025-03-01
989,9318,260,100.73,Wallet,Pending,2025-01-10
990,4323,1526,251.96,Card,Failed,2025-01-31
991,4666,1690,356.08,Wallet,Pending,2025-01-17
992,6990,1126,437.95,Card,Pending,2025-02-02
993,1734,174,194.39,Wallet,Pending,2025-01-04
994,7221,1033,222.52,Card,Failed,2025-01-15
995,3237,1296,483.46,UPI,Pending,2025-01-23
996,3215,1419,344.94,Wallet,Pending,2025-01-13
997,9571,41,391.43,Cash,Failed,2025-01-04
998,4387,494,445.08,UPI,Pending,2025-01-29
999,1318,1742,219.5,Cash,Pending,2025-02-03
1000,4908,1116,100.34,Cash,Failed,2025-01-23
1001,1754,495,342.3,Card,Success,2025-01-20
1002,7224,998,468.16,Card,Failed,2025-01-12
1003,6549,597,309.96,Cash,Failed,2025-01-06
1004,486,1668,288.25,UPI,Failed,2025-03-02
1005,8924,1819,464.96,Card,Pending,2025-03-01
1006,7143,99,46.66,Card,Failed,2025-02-06
1007,5586,310,398.99,UPI,Pending,2025-01-28
1008,6949,207,313.55,UPI,Failed,2025-02-28
1009,2943,1897,343.52,Cash,Success,2025-03-01
1010,8284,702,221.43,Wallet,Pending,2025-01-15
1011,7515,1275,67.13,UPI,Failed,2025-02-19
1012,1637,1097,35.29,UPI,Failed,2025-01-13
1013,3175,664,323.51,Card,Failed,2025-02-09
1014,5850,1472,105.79,Cash,Success,2025-01-28
1015,9955,1289,178.99,Card,Success,2025-02-10
1016,4302,318,375.17,Wallet,Failed,2025-01-02
1017,9144,225,365.05,Wallet,Pending,2025-02-08
1018,3869,1069,218.56,Cash,Pending,2025-01-12
1019,7535,354,462.68,Wallet,Pending,2025-02-12
1020,5772,250,474.36,UPI,Failed,2025-03-02
1021,1589,954,463.71,Wallet,Pending,2025-01-19
1022,6411,763,253.32,Cash,Pending,2025-01-11
1023,9944,565,453.16,Wallet,Pending,2025-02-07
1024,4619,1773,72.48,Card,Pending,2025-02-26
1025,8023,405,147.22,UPI,Pending,2025-03-01
1026,224,1993,114.59,UPI,Pending,2025-01-28
1027,8591,1092,289.15,Wallet,Success,2025-02-04
1028,9555,1648,140.18,Wallet,Pending,2025-02-02
1029,3080,1072,199.17,Wallet,Pending,2025-01-16
1030,4556,365,193.39,Wallet,Failed,2025-01-20
1031,2907,1857,331.45,Card,Success,2025-01-06
1032,2240,1301,205.29,Wallet,Pending,2025-01-02
1033,178,1641,193.42,Wallet,Pending,2025-03-03
1034,1497,1986,326.94,UPI,Success,2025-02-02
1035,4504,1646,490.27,UPI,Success,2025-01-24
1036,6913,133,257.42,Card,Pending,2025-02-02
1037,7411,920,443.34,Wallet,Failed,2025-02-23
1038,878,1501,421.34,Card,Pending,2025-02-08
1039,4073,641,50.39,Card,Success,2025-02-25
1040,9983,217,140.1,Wallet,Success,2025-01-08
1041,515,1147,328.36,Card,Pending,2025-01-08
1042,2700,1568,162.28,Cash,Pending,2025-02-07
1043,6538,340,301.05,Cash,Failed,2025-02-09
1044,2082,722,453.74,Card,Failed,2025-03-03
1045,8394,1012,34.99,Cash,Success,2025-02-24
1046,6731,54,384.33,UPI,Pending,2025-01-25
1047,4241,1050,436.49,Cash,Pending,2025-02-15
1048,260,459,159.52,UPI,Success,2025-02-06
1049,5846,199,484.99,Card,Failed,2025-01-26
1050,8224,1239,244.9,Cash,Failed,2025-02-02
1051,8213,1418,140.48,Wallet,Success,2025-03-02
1052,3349,431,256.11,Cash,Pending,2025-02-22
1053,2772,1583,133.75,Card,Success,2025-01-30
1054,9824,670,58.78,UPI,Success,2025-01-24
1055,1062,224,220.08,Wallet,Success,2025-02-02
1056,2687,1496,438.41,Wallet,Failed,2025-01-09
1057,470,1644,166.35,Cash,Success,2025-02-13
1058,500,1228,397.19,Card,Failed,2025-01-05
1059,277,1739,416.93,UPI,Pending,2025-02-04
1060,5226,338,352.94,Wallet,Pending,2025-02-07
1061,9170,496,69.76,UPI,Failed,2025-02-17
1062,9015,735,33.67,UPI,Success,2025-03-01
1063,4464,1777,95.74,Card,Success,2025-01-16
1064,8752,1590,117.71,Card,Failed,2025-01-15
1065,7746,546,46.28,UPI,Failed,2025-03-01
1066,8571,1359,44.3,Cash,Success,2025-02-04
1067,8846,660,367.97,Wallet,Success,2025-01-05
1068,9496,1814,282.45,Wallet,Pending,2025-01-18
1069,8425,573,169.6,UPI,Failed,2025-03-02
1070,6264,417,459.11,Card,Failed,2025-01-09
1071,2272,1783,305.54,Card,Failed,2025-01-22
1072,8531,1881,399.67,Card,Success,2025-02-26
1073,4255,16,279.11,Card,Failed,2025-02-08
1074,4195,901,462.9,Card,Failed,2025-02-07
1075,7145,1369,249.53,Card,Success,2025-01-16
1076,4238,49,440.47,Cash,Failed,2025-01-14
1077,4196,747,301.79,Cash,Pending,2025-02-04
1078,851,181,256.35,Card,Failed,2025-03-03
1079,5730,698,458.31,Card,Pending,2025-01-27
1080,2501,1535,362.45,UPI,Success,2025-02-18
1081,9461,1538,83.98,Cash,Pending,2025-01-13
1082,154,531,210.3,Cash,Success,2025-02-02
1083,2844,1685,296.21,Card,Pending,2025-01-10
1084,4119,945,205.11,Card,Failed,2025-01-15
1085,8990,948,225.77,UPI,Success,2025-01-02
1086,5339,1915,411.72,Cash,Success,2025-01-28
1087,4873,1245,31.89,UPI,Pending,2025-01-19
1088,6852,1007,338.13,UPI,Failed,2025-02-13
1089,2630,441,251.78,Wallet,Pending,2025-02-02
1090,3365,225,491.3,Wallet,Success,2025-02-22
1091,7373,452,308.14,Cash,Success,2025-01-29
1092,901,1369,369.54,Cash,Failed,2025-01-02
1093,5861,731,465.16,UPI,Failed,2025-01-05
1094,9773,325,231.41,Card,Success,2025-02-19
1095,7017,1514,349.2,Cash,Pending,2025-02-17
1096,7231,1297,414.84,UPI,Success,2025-02-07
1097,9564,1799,35.65,Cash,Success,2025-01-01
1098,9008,797,204.76,Wallet,Pending,2025-02-24
1099,1251,882,46.58,Card,Pending,2025-02-28
1100,1763,347,283.96,UPI,Failed,2025-02-28
1101,7713,1624,448.42,Card,Success,2025-01-08
1102,6819,222,227.18,UPI,Pending,2025-01-15
1103,3212,180,188.24,UPI,Success,2025-02-26
1104,2775,1417,100.87,Card,Pending,2025-01-25
1105,6114,1939,496.67,Wallet,Success,2025-01-22
1106,1729,1156,74.25,Card,Failed,2025-01-10
1107,6259,1670,395.08,UPI,Failed,2025-01-17
1108,2119,1912,401.55,Wallet,Success,2025-01-11
1109,7172,1581,351.36,Wallet,Pending,2025-01-13
1110,5135,543,48.14,Cash,Failed,2025-02-16
1111,74,983,189.76,Card,Success,2025-02-04
1112,7683,815,380.42,Card,Pending,2025-02-13
1113,2848,25,423.76,Wallet,Failed,2025-01-03
1114,1348,1604,72.01,Wallet,Pending,2025-02-06
1115,1812,857,416.52,Cash,Success,2025-01-10
1116,92,1363,341.13,Card,Success,2025-01-07
1117,7656,1971,42.26,Card,Success,2025-02-17
1118,8579,97,323.87,Cash,Success,2025-02-05
1119,3410,1598,102.57,Wallet,Pending,2025-02-05
1120,7220,1653,319.23,UPI,Success,2025-02-14
1121,3510,1261,300.57,Cash,Success,2025-01-10
1122,9455,1868,394.69,UPI,Success,2025-01-22
1123,7344,1513,95.86,Wallet,Success,2025-02-13
1124,9237,1436,219.21,Card,Pending,2025-01-10
1125,9322,1516,273.5,UPI,Pending,2025-01-27
1126,4393,57,161.11,Card,Success,2025-02-27
1127,7192,55,156.92,UPI,Failed,2025-03-02
1128,996,726,160.4,Wallet,Success,2025-01-30
1129,6765,1640,210.19,Cash,Failed,2025-01-11
1130,122,1314,221.74,Card,Success,2025-01-24
1131,1541,12,297.57,Wallet,Failed,2025-01-23
1132,6547,191,336.76,Cash,Pending,2025-01-14
1133,7995,792,38.08,Cash,Pending,2025-02-26
1134,2176,415,87.62,Wallet,Success,2025-02-19
1135,9773,1828,296.5,Wallet,Success,2025-01-02
1136,8168,1954,332.89,Wallet,Failed,2025-02-02
1137,4961,1448,179.99,UPI,Pending,2025-01-26
1138,6980,1860,247.08,Card,Failed,2025-03-01
1139,7836,573,109.71,Card,Pending,2025-02-04
1140,9525,1134,110.01,Cash,Success,2025-01-06
1141,7719,232,211.18,UPI,Pending,2025-02-25
1142,7812,1745,209.81,UPI,Failed,2025-01-13
1143,3066,267,458.83,UPI,Success,2025-01-13
1144,3246,1176,109.98,Card,Failed,2025-01-21
1145,4206,438,150.25,UPI,Success,2025-01-14
1146,482,1650,363.42,Card,Failed,2025-01-06
1147,8811,1914,379.92,Wallet,Failed,2025-01-23
1148,6722,7,180.38,UPI,Pending,2025-02-20
1149,8402,598,208.63,Card,Success,2025-01-06
1150,3275,1551,254.9,Cash,Success,2025-02-08
1151,5863,1382,374.2,Wallet,Pending,2025-01-01
1152,8375,1698,348.06,Wallet,Success,2025-01-28
1153,7178,116,201.07,Card,Success,2025-02-24
1154,8770,1585,458.86,Wallet,Success,2025-03-02
1155,1196,905,301.4,Wallet,Pending,2025-02-09
1156,6611,1271,466.52,Card,Failed,2025-01-01
1157,961,737,344.79,UPI,Success,2025-01-31
1158,8514,1261,159.54,Cash,Success,2025-01-01
1159,2459,559,267.47,Wallet,Pending,2025-01-19
1160,2583,1140,66.11,Cash,Success,2025-01-02
1161,9603,211,109.16,Wallet,Success,2025-02-19
1162,8091,1460,270.67,Wallet,Pending,2025-02-13
1163,2241,347,56.28,Card,Success,2025-01-30
1164,5047,1836,205.44,Cash,Success,2025-01-29
1165,4651,1547,75.83,Cash,Success,2025-02-23
1166,2017,571,213.35,UPI,Failed,2025-02-02
1167,8821,704,349.9,Cash,Pending,2025-01-03
1168,864,1068,419.41,UPI,Pending,2025-01-20
1169,9409,922,222.36,Cash,Success,2025-02-09
1170,6626,656,50.24,UPI,Pending,2025-01-13
1171,3470,708,198.78,Cash,Success,2025-01-23
1172,6813,425,362.3,Card,Failed,2025-01-18
1173,9592,1575,408.78,Cash,Failed,2025-01-18
1174,2924,79,258.39,Wallet,Pending,2025-01-14
1175,7489,1999,156.55,Wallet,Pending,2025-01-24
1176,3959,82,148.27,Wallet,Pending,2025-02-26
1177,7209,1430,358.28,Wallet,Success,2025-01-12
1178,9879,267,401.02,Wallet,Pending,2025-01-30
1179,3729,9,414.51,Cash,Pending,2025-02-22
1180,3457,1668,322.62,Wallet,Failed,2025-01-16
1181,9730,1494,320,Card,Failed,2025-02-28
1182,833,216,404.97,Wallet,Failed,2025-02-14
1183,7745,122,293.02,Wallet,Success,2025-01-23
1184,229,843,183.21,UPI,Success,2025-01-15
1185,2397,533,131.38,Wallet,Pending,2025-02-10
1186,204,1054,127.49,Card,Success,2025-02-04
1187,1622,837,460.65,Wallet,Failed,2025-02-20
1188,4229,979,254.79,Wallet,Pending,2025-01-27
1189,7470,549,301.3,Card,Failed,2025-01-02
1190,4567,870,355.02,Card,Pending,2025-02-08
1191,1313,1115,467.74,Wallet,Success,2025-01-18
1192,6268,1043,163.18,Wallet,Success,2025-01-31
1193,3600,692,329.21,Cash,Pending,2025-01-11
1194,6187,327,299.54,UPI,Pending,2025-01-24
1195,1857,1205,339.11,Wallet,Pending,2025-01-10
1196,4403,1809,97.34,Card,Success,2025-01-22
1197,2009,991,37.92,UPI,Pending,2025-01-21
1198,5728,1220,99.29,Card,Failed,2025-02-21
1199,9907,1139,424.27,Card,Failed,2025-02-11
1200,994,636,137.47,Wallet,Failed,2025-01-01
1201,3479,153,305.11,Wallet,Pending,2025-01-30
1202,3047,423,432.98,Card,Failed,2025-01-24
1203,7371,761,205.35,Wallet,Failed,2025-01-23
1204,2895,1156,448.46,Card,Pending,2025-01-13
1205,1527,16,299.62,UPI,Success,2025-02-02
1206,8633,295,467.06,Card,Failed,2025-01-27
1207,1082,1299,257.63,Cash,Success,2025-01-15
1208,850,57,262.32,Wallet,Pending,2025-02-21
1209,281,651,221.68,Cash,Pending,2025-02-05
1210,9803,391,339.06,UPI,Pending,2025-01-06
1211,1144,535,390.33,Card,Pending,2025-01-19
1212,8289,1288,312.15,Cash,Success,2025-02-14
1213,2620,1994,332.54,Wallet,Success,2025-01-05
1214,8308,1942,62.32,Card,Failed,2025-02-16
1215,179,1805,181.77,Wallet,Success,2025-01-21
1216,7810,1892,490.33,Wallet,Success,2025-03-03
1217,2931,1250,151.26,Wallet,Success,2025-01-28
1218,644,1718,408.53,Cash,Success,2025-02-20
1219,2338,59,340.32,Cash,Failed,2025-01-05
1220,250,1373,474.33,Card,Pending,2025-02-19
1221,3383,1687,306.96,Card,Failed,2025-01-31
1222,9969,643,459.01,Wallet,Success,2025-02-02
1223,5198,1511,201.72,Wallet,Pending,2025-02-16
1224,6901,1889,455.3,UPI,Pending,2025-02-11
1225,2903,1135,142.18,Wallet,Pending,2025-02-06
1226,5367,218,410.9,Wallet,Failed,2025-01-07
1227,389,1241,496,UPI,Success,2025-01-29
1228,4381,312,404.06,UPI,Success,2025-01-11
1229,4430,1862,82.99,UPI,Failed,2025-02-10
1230,4737,1431,230.97,UPI,Pending,2025-01-08
1231,4217,316,451.92,Cash,Pending,2025-01-28
1232,340,393,421.1,Card,Failed,2025-01-15
1233,3171,14,256.92,Cash,Success,2025-02-14
1234,7811,1620,79.22,Card,Failed,2025-02-22
1235,7411,241,249.58,Cash,Pending,2025-01-21
1236,3992,1283,326.17,Card,Success,2025-02-08
1237,4044,1267,125.48,Card,Pending,2025-01-26
1238,4599,1921,380.7,UPI,Pending,2025-02-17
1239,4627,1260,332.73,Card,Pending,2025-01-29
1240,2318,6,77.6,Wallet,Pending,2025-02-08
1241,5570,828,48.03,Wallet,Failed,2025-01-09
1242,9177,876,295.14,Card,Failed,2025-02-25
1243,4937,1143,419.69,Cash,Failed,2025-01-29
1244,1062,52,216.41,Card,Success,2025-01-14
1245,5202,1709,445.83,Wallet,Success,2025-02-22
1246,5984,1549,103.72,Cash,Failed,2025-01-17
1247,7338,1895,345.08,Cash,Success,2025-01-02
1248,9419,1698,371.47,Cash,Pending,2025-02-19
1249,7677,404,235.19,UPI,Failed,2025-02-01
1250,7414,1208,93.58,Cash,Pending,2025-02-14
1251,5568,146,324.63,UPI,Failed,2025-01-19
1252,4647,244,126.59,Wallet,Success,2025-02-01
1253,3908,801,246.57,Card,Failed,2025-01-23
1254,4948,195,205.65,Card,Failed,2025-02-22
1255,9247,1549,212.34,Wallet,Failed,2025-01-05
1256,1477,1280,323.62,Wallet,Success,2025-02-19
1257,9722,1489,281.58,Cash,Success,2025-02-11
1258,7559,605,112.17,UPI,Success,2025-01-06
1259,1411,842,259.46,Cash,Pending,2025-02-16
1260,2644,927,209.59,Card,Failed,2025-02-25
1261,9684,744,332.62,UPI,Success,2025-02-23
1262,9582,227,461.32,Cash,Failed,2025-01-25
1263,1493,819,31.19,Wallet,Failed,2025-01-08
1264,8642,1477,116.93,Card,Success,2025-01-23
1265,1665,1114,170.41,Wallet,Success,2025-01-23
1266,4359,1260,475.82,UPI,Success,2025-01-10
1267,390,1499,231.38,Card,Success,2025-02-04
1268,3819,213,279.5,Cash,Failed,2025-01-31
1269,3619,1805,412.71,Wallet,Success,2025-03-01
1270,4089,1841,242.71,Wallet,Failed,2025-01-02
1271,8336,1742,180.05,UPI,Success,2025-01-23
1272,5906,978,333.45,Cash,Pending,2025-02-13
1273,1523,1061,393.76,Card,Pending,2025-01-26
1274,6918,1408,340.73,Wallet,Success,2025-02-20
1275,3464,84,73.51,Cash,Success,2025-02-25
1276,5713,665,84.45,UPI,Pending,2025-01-09
1277,609,1418,42.29,Wallet,Failed,2025-02-13
1278,8181,1117,441.13,Card,Success,2025-02-24
1279,8776,1157,307.77,Cash,Failed,2025-01-30
1280,5584,1208,127.64,Card,Success,2025-02-05
1281,9120,354,157.68,UPI,Failed,2025-02-08
1282,5768,1916,278.64,Cash,Success,2025-02-11
1283,5187,857,338.83,UPI,Failed,2025-01-06
1284,6865,1313,245.95,Wallet,Success,2025-02-23
1285,1834,120,395.37,UPI,Pending,2025-02-28
1286,2649,1228,358.61,Cash,Pending,2025-02-27
1287,7399,1696,374.37,UPI,Failed,2025-01-14
1288,4576,755,367.01,Wallet,Pending,2025-02-04
1289,3443,1528,31.59,Card,Pending,2025-03-01
1290,4365,1429,188.72,UPI,Pending,2025-01-15
1291,2576,1525,297.87,Cash,Success,2025-02-19
1292,8415,1671,275.95,Wallet,Failed,2025-02-25
1293,8312,1214,33.18,Card,Pending,2025-01-04
1294,7739,1090,141.44,Cash,Success,2025-02-01
1295,3741,2,198.26,Wallet,Success,2025-01-27
1296,1569,661,256.02,Card,Failed,2025-01-10
1297,4633,974,38.15,Cash,Failed,2025-02-19
1298,8943,36,104.61,Card,Pending,2025-02-11
1299,1138,355,279.99,UPI,Pending,2025-01-29
1300,6125,1085,156.59,Cash,Pending,2025-02-08
1301,7480,1677,154.82,Wallet,Success,2025-01-19
1302,6510,876,256.78,Card,Success,2025-02-24
1303,7210,1757,478.49,UPI,Success,2025-01-20
1304,1156,1834,92.44,Cash,Failed,2025-01-08
1305,6315,870,245.13,Wallet,Success,2025-02-27
1306,6313,797,280.48,UPI,Success,2025-02-08
1307,5381,844,280.42,Cash,Failed,2025-01-10
1308,6593,1090,480.91,Wallet,Success,2025-01-16
1309,9772,1084,94.05,UPI,Pending,2025-02-20
1310,2457,588,493.68,UPI,Pending,2025-01-27
1311,1589,1197,325.77,Card,Failed,2025-03-03
1312,4176,1601,486.49,Wallet,Success,2025-02-25
1313,6027,1445,121.9,Wallet,Pending,2025-01-30
1314,6016,622,470.11,UPI,Success,2025-02-22
1315,3650,620,285.34,UPI,Pending,2025-02-02
1316,1488,1993,116.95,UPI,Success,2025-02-03
1317,5922,1021,64,UPI,Pending,2025-02-06
1318,6366,664,245.54,Wallet,Success,2025-02-13
1319,7320,1539,349.48,Card,Failed,2025-02-22
1320,3084,1203,71.58,Wallet,Pending,2025-01-22
1321,7844,203,90.08,UPI,Pending,2025-02-01
1322,1853,158,102.99,Card,Failed,2025-02-21
1323,3571,1994,265.31,Card,Failed,2025-01-21
1324,2599,627,241.95,Wallet,Failed,2025-03-01
1325,4814,166,47.79,UPI,Success,2025-01-22
1326,5312,172,398.17,Card,Pending,2025-02-27
1327,8949,352,62.62,Cash,Failed,2025-01-28
1328,330,455,232.4,Cash,Success,2025-01-18
1329,4270,1776,237.57,Wallet,Pending,2025-01-01
1330,1770,666,328.91,Cash,Pending,2025-02-11
1331,1496,1281,137.61,UPI,Failed,2025-01-09
1332,9301,1394,239.1,Card,Pending,2025-01-02
1333,256,1321,490.85,Wallet,Pending,2025-02-16
1334,8498,627,139.78,Cash,Success,2025-01-27
1335,8201,101,289.06,Cash,Success,2025-02-08
1336,6383,1856,477.26,Card,Failed,2025-01-22
1337,8594,1713,41.6,Cash,Pending,2025-02-12
1338,3173,559,267.75,Cash,Success,2025-02-05
1339,5562,96,212.18,UPI,Failed,2025-03-01
1340,3311,972,221.66,Card,Success,2025-02-18
1341,5455,629,40.39,Wallet,Failed,2025-01-08
1342,826,1114,397.48,Cash,Failed,2025-01-29
1343,7156,1673,415.18,Cash,Failed,2025-01-02
1344,6865,1641,411.69,Cash,Failed,2025-01-07
1345,7816,480,211,UPI,Pending,2025-02-05
1346,8063,1177,382.83,Card,Pending,2025-02-08
1347,3714,1178,349.17,Wallet,Pending,2025-02-22
1348,2061,1207,123.72,Wallet,Failed,2025-02-28
1349,287,1691,370.56,Wallet,Success,2025-02-25
1350,9539,1605,283.84,Cash,Success,2025-01-14
1351,8737,1095,75.26,Card,Success,2025-02-28
1352,9179,1668,357.47,UPI,Success,2025-03-03
1353,8756,453,485.24,UPI,Success,2025-02-07
1354,2,40,483.18,Wallet,Pending,2025-02-19
1355,5303,359,32.04,Card,Pending,2025-01-06
1356,3554,1040,219.46,Card,Failed,2025-01-18
1357,461,1581,84.1,Cash,Failed,2025-01-31
1358,3667,1537,267.03,Cash,Pending,2025-01-26
1359,1589,1799,261.2,Card,Pending,2025-02-02
1360,1210,1853,266.37,Card,Success,2025-01-31
1361,7448,451,193.24,Wallet,Pending,2025-01-30
1362,7431,1591,46.06,Cash,Failed,2025-03-01
1363,6272,948,268.36,Card,Failed,2025-01-29
1364,4110,95,56.54,UPI,Failed,2025-02-02
1365,7670,1149,193.79,Wallet,Success,2025-01-06
1366,8,925,220.79,Card,Pending,2025-01-05
1367,7060,131,209.46,UPI,Failed,2025-01-28
1368,8749,1063,468.49,Cash,Success,2025-02-13
1369,8791,1275,387.57,UPI,Failed,2025-02-27
1370,258,238,423.09,Cash,Pending,2025-02-14
1371,8543,1724,221.68,Wallet,Failed,2025-02-02
1372,9349,1997,394.83,UPI,Pending,2025-01-11
1373,4788,1380,158.12,UPI,Pending,2025-02-05
1374,8865,409,330.15,Cash,Failed,2025-01-21
1375,7918,1602,247.69,UPI,Pending,2025-01-24
1376,8380,240,474.58,Wallet,Pending,2025-02-08
1377,8150,1777,46.9,Card,Success,2025-02-13
1378,208,908,395.25,Card,Success,2025-02-19
1379,5919,1581,160.73,UPI,Failed,2025-02-04
1380,8455,697,355.32,UPI,Pending,2025-01-18
1381,2168,1052,442.64,Wallet,Success,2025-01-11
1382,7643,260,401.81,UPI,Failed,2025-02-14
1383,9559,683,480.69,Cash,Failed,2025-02-17
1384,9765,1204,443.03,Card,Failed,2025-01-05
1385,4921,1524,112.72,Cash,Pending,2025-01-11
1386,2513,871,217.12,Cash,Failed,2025-02-18
1387,1990,1563,171.55,Wallet,Failed,2025-01-16
1388,7771,261,335.19,Cash,Success,2025-01-08
1389,5936,324,164.71,Cash,Pending,2025-02-02
1390,51,545,405.31,UPI,Failed,2025-01-06
1391,4895,1587,93.35,Wallet,Failed,2025-01-12
1392,2850,127,279.11,UPI,Pending,2025-01-16
1393,6029,738,156.19,Card,Failed,2025-01-08
1394,5547,119,225,Card,Pending,2025-01-04
1395,1305,867,350.57,Cash,Success,2025-01-14
1396,4825,454,76.64,UPI,Pending,2025-01-26
1397,4595,1432,282.78,Wallet,Failed,2025-01-29
1398,8245,1539,387.81,Cash,Success,2025-01-05
1399,6486,1703,305.73,Cash,Failed,2025-01-02
1400,8250,1705,371.67,Wallet,Failed,2025-02-25
1401,6300,695,229.12,Card,Success,2025-01-02
1402,2108,501,288.38,Card,Failed,2025-01-22
1403,6785,1938,131.82,Card,Failed,2025-01-24
1404,8162,1796,239.41,Card,Success,2025-01-24
1405,4954,460,310.73,Cash,Pending,2025-01-06
1406,1494,317,293.96,Wallet,Pending,2025-02-08
1407,456,890,448.61,UPI,Failed,2025-01-03
1408,2578,216,288.18,UPI,Success,2025-02-08
1409,5019,893,157.22,Cash,Failed,2025-02-03
1410,9560,1467,71.99,Cash,Success,2025-01-08
1411,8185,11,247.77,UPI,Failed,2025-01-01
1412,9863,414,267.74,Cash,Failed,2025-02-09
1413,37,1442,324.38,UPI,Failed,2025-02-28
1414,2631,1626,356.34,Card,Failed,2025-01-23
1415,1580,652,327.52,Cash,Success,2025-01-13
1416,3261,526,139.82,UPI,Failed,2025-02-11
1417,9359,1231,468.98,Cash,Failed,2025-01-09
1418,1798,746,49.98,Wallet,Success,2025-01-12
1419,6053,437,292.11,Card,Failed,2025-02-16
1420,9821,521,427.72,Cash,Failed,2025-01-23
1421,6693,119,426.78,Cash,Success,2025-01-06
1422,3909,1977,36.65,Wallet,Failed,2025-01-04
1423,7764,1984,343.53,Cash,Pending,2025-01-16
1424,1075,1066,278.29,Cash,Failed,2025-01-03
1425,2234,992,296.49,Wallet,Success,2025-01-15
1426,1507,133,50.42,Wallet,Success,2025-02-27
1427,782,1230,356.21,Cash,Failed,2025-02-23
1428,8411,1604,254.84,Card,Success,2025-01-18
1429,4026,141,91.81,Cash,Success,2025-02-26
1430,9262,561,340.49,Wallet,Failed,2025-01-27
1431,7129,851,318.35,UPI,Pending,2025-02-21
1432,9678,1598,396.5,Card,Failed,2025-01-20
1433,8068,971,265.78,UPI,Pending,2025-02-07
1434,5296,1313,246.06,UPI,Pending,2025-02-10
1435,8150,737,473.77,Wallet,Pending,2025-01-15
1436,3734,638,483.36,Card,Failed,2025-03-02
1437,4819,1489,458.54,Card,Failed,2025-02-27
1438,3687,632,487.62,UPI,Pending,2025-01-08
1439,4639,1347,286.15,Wallet,Pending,2025-02-22
1440,5775,1121,395.07,Cash,Pending,2025-01-28
1441,2115,1266,56.9,Cash,Success,2025-02-20
1442,941,1740,264.74,Cash,Failed,2025-01-14
1443,9638,1143,49.97,Cash,Success,2025-02-21
1444,608,1263,480.84,Wallet,Pending,2025-01-02
1445,6015,1501,326.82,UPI,Success,2025-02-16
1446,1741,1279,31.68,Wallet,Success,2025-02-28
1447,5117,958,322.24,UPI,Failed,2025-01-30
1448,9054,1856,358.15,UPI,Failed,2025-02-01
1449,121,1165,60.8,Wallet,Failed,2025-02-02
1450,6176,72,94.16,Card,Pending,2025-01-07
1451,5846,1361,498.14,UPI,Failed,2025-01-10
1452,5703,1347,426.81,Card,Pending,2025-02-23
1453,5121,963,312.45,Cash,Failed,2025-02-23
1454,387,1562,164.06,Card,Failed,2025-02-18
1455,338,1002,410.96,Card,Pending,2025-01-02
1456,8430,1649,465.11,Wallet,Success,2025-02-05
1457,2456,1308,491.82,Card,Success,2025-01-15
1458,2967,357,59.32,Cash,Pending,2025-01-08
1459,629,351,208.74,Card,Pending,2025-02-18
1460,4877,1943,337.43,Wallet,Failed,2025-01-27
1461,1888,1635,476.43,Wallet,Success,2025-02-07
1462,5449,1117,298.14,Card,Success,2025-03-03
1463,3599,971,187,Card,Pending,2025-01-12
1464,5490,1522,57.34,UPI,Pending,2025-01-24
1465,4790,523,361.6,Cash,Pending,2025-02-26
1466,722,1473,214.15,Card,Failed,2025-02-22
1467,8433,1523,73.21,UPI,Failed,2025-01-10
1468,3249,1436,324.41,Cash,Pending,2025-02-17
1469,8413,132,339.59,Card,Success,2025-01-16
1470,4945,1879,105.45,Card,Success,2025-01-12
1471,538,1402,478.58,UPI,Pending,2025-01-23
1472,3845,994,210.21,Wallet,Failed,2025-02-17
1473,7298,1007,176.1,Card,Failed,2025-01-01
1474,9551,905,349.02,Cash,Failed,2025-01-06
1475,3,1073,294.45,UPI,Success,2025-03-01
1476,6644,1388,80.45,Cash,Failed,2025-01-24
1477,2736,815,377.07,UPI,Success,2025-01-12
1478,1593,1104,212.18,Wallet,Failed,2025-02-13
1479,2684,1807,440.59,Card,Success,2025-02-06
1480,6758,52,357.84,Wallet,Pending,2025-01-20
1481,4195,1693,68.95,Card,Success,2025-02-07
1482,8756,947,467.36,Cash,Pending,2025-01-01
1483,985,581,431.27,UPI,Failed,2025-01-16
1484,6476,276,56.95,Card,Failed,2025-02-23
1485,9649,1969,439.66,Cash,Success,2025-01-27
1486,6371,795,45.4,Cash,Failed,2025-01-04
1487,4895,1987,219.53,Card,Pending,2025-01-15
1488,3700,1984,360.24,Card,Success,2025-01-15
1489,9106,1263,435.95,Card,Pending,2025-01-27
1490,3605,97,296.93,Cash,Failed,2025-01-27
1491,9781,1294,138.62,Cash,Success,2025-01-06
1492,1697,367,437.91,UPI,Pending,2025-01-18
1493,4125,36,41.73,Wallet,Success,2025-01-28
1494,5317,192,417.17,Card,Success,2025-02-23
1495,7906,499,227.07,Cash,Failed,2025-01-19
1496,5035,1358,489.78,Cash,Pending,2025-01-13
1497,6900,1813,323.04,Cash,Failed,2025-01-11
1498,3941,1870,223.82,Wallet,Failed,2025-01-03
1499,8837,1263,327.31,Cash,Success,2025-01-18
1500,9503,766,131.79,Wallet,Failed,2025-02-25
1501,9279,1143,412.3,UPI,Failed,2025-01-08
1502,6687,608,495.84,Wallet,Success,2025-02-17
1503,6112,1423,94.3,UPI,Success,2025-01-30
1504,4892,559,213.88,Wallet,Success,2025-02-18
1505,5575,1746,395.84,UPI,Success,2025-02-18
1506,2680,1902,82.2,Wallet,Failed,2025-01-20
1507,3788,1812,84.97,UPI,Pending,2025-02-13
1508,6311,1179,170.3,Cash,Pending,2025-02-17
1509,1213,1799,433.84,Card,Pending,2025-03-02
1510,4493,833,457.98,UPI,Pending,2025-03-03
1511,8955,1188,163.1,Card,Failed,2025-02-04
1512,5322,1639,310.84,Card,Failed,2025-02-20
1513,8292,1804,432.73,Card,Pending,2025-03-01
1514,5710,63,79.32,UPI,Pending,2025-01-27
1515,7148,826,395.45,UPI,Pending,2025-01-21
1516,6383,1153,307.83,UPI,Failed,2025-01-20
1517,8938,1184,418.79,Wallet,Pending,2025-01-24
1518,39,1412,53.24,Cash,Success,2025-02-24
1519,9397,613,316.5,Card,Pending,2025-01-05
1520,828,1550,438.84,UPI,Success,2025-01-20
1521,6028,1463,98.87,UPI,Failed,2025-01-02
1522,249,471,191.02,Cash,Success,2025-03-03
1523,9916,1734,296.31,Wallet,Failed,2025-02-22
1524,7359,698,348.71,Wallet,Success,2025-02-27
1525,6971,1860,242.95,Wallet,Success,2025-03-02
1526,4639,1245,392.29,Cash,Pending,2025-02-06
1527,7083,1792,201.1,Wallet,Failed,2025-01-27
1528,2022,415,392.48,Wallet,Pending,2025-02-07
1529,9390,1578,334.91,Card,Success,2025-02-15
1530,338,25,396,Wallet,Success,2025-01-13
1531,8248,419,71.93,Cash,Success,2025-01-12
1532,7711,928,443.51,Cash,Failed,2025-02-06
1533,5171,699,108.6,Wallet,Failed,2025-01-08
1534,815,667,52.07,Cash,Pending,2025-01-10
1535,554,1584,328.45,UPI,Pending,2025-02-07
1536,8238,1217,235.99,Wallet,Pending,2025-02-12
1537,1352,1757,71.17,Cash,Success,2025-02-28
1538,1888,148,247.53,UPI,Success,2025-01-08
1539,4896,1992,494.37,UPI,Success,2025-01-01
1540,239,595,455.38,Cash,Pending,2025-01-24
1541,8744,1789,58.28,Cash,Pending,2025-02-15
1542,1552,1694,135.44,Wallet,Success,2025-02-15
1543,6831,72,119.3,Cash,Pending,2025-02-12
1544,584,1401,80.59,Wallet,Failed,2025-02-05
1545,635,603,478.4,UPI,Success,2025-01-28
1546,2206,1771,249.93,Card,Success,2025-02-14
1547,3058,1745,306.14,Wallet,Success,2025-01-05
1548,679,1202,193.39,Card,Failed,2025-01-25
1549,1370,573,112.68,UPI,Pending,2025-01-17
1550,6839,1878,97.34,Wallet,Pending,2025-01-27
1551,4037,1061,175.11,Cash,Failed,2025-02-23
1552,1442,1871,42.65,Cash,Pending,2025-01-16
1553,4652,639,109.09,Wallet,Failed,2025-02-03
1554,8168,1005,146.7,UPI,Success,2025-01-23
1555,9475,1945,308.47,Card,Pending,2025-01-29
1556,524,1791,479.76,Wallet,Failed,2025-01-26
1557,7313,145,483.44,Wallet,Success,2025-02-24
1558,4053,580,254.45,Cash,Success,2025-02-17
1559,8375,1352,198.14,Wallet,Failed,2025-01-23
1560,2614,82,342.66,Wallet,Success,2025-02-13
1561,3120,1627,428.2,UPI,Pending,2025-03-01
1562,5949,7,204.14,Card,Failed,2025-01-18
1563,3075,841,432.24,Cash,Success,2025-02-27
1564,3120,1638,71.33,UPI,Success,2025-01-02
1565,2926,176,140.93,UPI,Failed,2025-03-01
1566,9252,1162,373.1,UPI,Failed,2025-02-05
1567,959,660,449.5,Cash,Success,2025-01-03
1568,7191,1880,394.55,Card,Success,2025-02-04
1569,6667,1889,115.34,Cash,Success,2025-02-16
1570,7008,1046,262.12,Cash,Pending,2025-01-08
1571,7513,629,223.62,Card,Pending,2025-03-03
1572,2294,354,436.07,UPI,Pending,2025-01-12
1573,3345,1980,406.94,Cash,Pending,2025-01-11
1574,5637,544,234.85,Wallet,Failed,2025-02-11
1575,4841,1675,160.54,Card,Pending,2025-01-10
1576,6681,1990,298.9,Cash,Success,2025-02-07
1577,5129,808,146.99,Card,Pending,2025-01-29
1578,5019,1346,277.33,Cash,Pending,2025-02-02
1579,8441,1265,310.72,Wallet,Pending,2025-01-11
1580,9477,558,422.81,Card,Pending,2025-01-06
1581,3222,1153,397.1,Wallet,Pending,2025-01-06
1582,9213,1975,109.54,Cash,Success,2025-02-23
1583,5723,1496,184.2,Card,Pending,2025-01-03
1584,7415,1558,174.5,Card,Success,2025-02-25
1585,6400,1706,37.96,Cash,Pending,2025-01-21
1586,2532,1999,151.36,Card,Failed,2025-02-07
1587,9363,1442,70.96,Wallet,Success,2025-01-02
1588,4629,1531,383.71,Cash,Failed,2025-01-13
1589,7952,1175,165.92,UPI,Pending,2025-01-07
1590,3688,1711,36.43,Cash,Success,2025-01-31
1591,5225,1590,421.32,UPI,Failed,2025-01-10
1592,203,764,184.28,Card,Pending,2025-02-03
1593,2533,354,30.85,Cash,Pending,2025-01-27
1594,3764,1546,396,Card,Pending,2025-01-19
1595,6747,1207,474.61,Cash,Pending,2025-02-27
1596,3255,357,279.85,Cash,Success,2025-01-05
1597,5192,1790,210.47,UPI,Success,2025-02-21
1598,2924,708,51.97,Cash,Failed,2025-01-30
1599,9151,737,187.21,UPI,Success,2025-01-24
1600,413,1973,183.35,Cash,Failed,2025-02-14
1601,1323,1793,446.58,Card,Success,2025-02-28
1602,3588,1154,106.13,Cash,Failed,2025-02-01
1603,4173,126,41.41,Card,Pending,2025-02-14
1604,9291,1262,304.79,Wallet,Failed,2025-02-26
1605,3406,1048,492.26,Cash,Success,2025-02-12
1606,2732,51,324.17,UPI,Pending,2025-02-06
1607,2829,30,235.17,Wallet,Failed,2025-01-14
1608,6952,602,464.86,UPI,Success,2025-02-10
1609,9629,1254,361.24,Cash,Success,2025-01-25
1610,1853,743,442.13,UPI,Failed,2025-02-21
1611,367,53,497.61,UPI,Success,2025-01-18
1612,2261,275,167.29,Card,Pending,2025-01-09
1613,6801,1365,362.31,Wallet,Failed,2025-02-03
1614,3734,14,264.35,UPI,Pending,2025-01-29
1615,4311,354,79.18,UPI,Success,2025-01-30
1616,8160,722,292.08,Wallet,Success,2025-02-21
1617,598,840,97.8,UPI,Success,2025-02-16
1618,8687,924,119.8,UPI,Pending,2025-02-21
1619,6825,691,54.56,Wallet,Success,2025-01-09
1620,7068,1689,360.77,UPI,Success,2025-02-27
1621,8045,1165,138.74,Card,Success,2025-02-12
1622,9207,1450,479.38,Cash,Success,2025-02-25
1623,5944,41,33.23,Wallet,Pending,2025-02-24
1624,981,52,134.59,Card,Failed,2025-02-02
1625,6290,1980,223.89,Wallet,Success,2025-01-14
1626,803,1250,435.45,UPI,Failed,2025-02-10
1627,3615,1823,163.41,Card,Pending,2025-03-03
1628,7542,1266,464.12,Card,Success,2025-01-16
1629,7260,124,390.48,Card,Pending,2025-01-28
1630,7722,849,120.27,UPI,Failed,2025-02-21
1631,3810,599,142.93,Wallet,Pending,2025-01-10
1632,3219,1955,494.7,Wallet,Success,2025-02-25
1633,4191,1352,325.34,Card,Failed,2025-02-08
1634,2747,649,241.81,Cash,Success,2025-01-27
1635,3666,1881,52.65,Card,Pending,2025-01-09
1636,4081,1816,126.12,UPI,Pending,2025-01-31
1637,3912,1426,66.41,UPI,Failed,2025-01-13
1638,2075,1561,71.71,Cash,Failed,2025-02-06
1639,1446,832,64.91,Card,Pending,2025-01-16
1640,3905,547,244.23,Cash,Pending,2025-02-13
1641,600,1252,151.61,Card,Pending,2025-02-25
1642,8662,1776,434.91,Wallet,Success,2025-01-14
1643,2053,1732,468.47,Cash,Failed,2025-01-09
1644,3451,199,122.31,Cash,Failed,2025-02-05
1645,9990,1830,264.93,Cash,Pending,2025-01-16
1646,6406,118,393.56,Card,Success,2025-02-10
1647,5194,1411,430.93,Wallet,Success,2025-02-14
1648,7252,1129,133.56,Card,Success,2025-01-30
1649,7929,1239,494.48,Card,Failed,2025-01-19
1650,6649,733,404.33,Card,Success,2025-02-20
1651,9600,247,218.91,Cash,Success,2025-02-03
1652,1614,1909,158.1,UPI,Pending,2025-01-24
1653,6033,866,422.44,Cash,Success,2025-02-26
1654,6561,1680,456.13,Cash,Success,2025-02-21
1655,9851,528,473.49,UPI,Failed,2025-02-13
1656,9252,564,346.47,UPI,Failed,2025-01-17
1657,6662,1403,190.64,Wallet,Failed,2025-02-06
1658,5602,1793,113.75,Cash,Pending,2025-01-22
1659,3899,821,476.64,Wallet,Pending,2025-02-01
1660,7403,1381,201.85,UPI,Success,2025-02-10
1661,5425,748,295.65,Cash,Pending,2025-02-27
1662,7445,1612,398.09,Card,Failed,2025-01-18
1663,91,724,381.31,Wallet,Failed,2025-02-13
1664,5881,1550,467.08,Card,Success,2025-01-19
1665,5212,1130,33.59,Wallet,Success,2025-02-17
1666,2782,1301,63.42,Cash,Pending,2025-01-10
1667,2912,1972,37.48,Card,Success,2025-02-05
1668,4329,832,102.75,Wallet,Pending,2025-02-10
1669,5981,1923,356.41,UPI,Failed,2025-01-24
1670,9437,1083,169.62,UPI,Pending,2025-01-06
1671,8988,1081,194.83,Wallet,Success,2025-02-26
1672,2819,213,100.97,Wallet,Success,2025-01-04
1673,3069,227,120.9,Card,Pending,2025-01-16
1674,3528,1067,436.97,Cash,Success,2025-03-01
1675,3612,1645,453.29,Wallet,Pending,2025-02-19
1676,1007,1701,316.46,UPI,Failed,2025-02-18
1677,1766,1124,142.36,Card,Success,2025-02-03
1678,7852,527,175.38,Cash,Failed,2025-01-18
1679,8986,1830,297.92,Card,Failed,2025-02-15
1680,8291,1986,432.39,Cash,Success,2025-02-18
1681,5315,1871,187.28,Cash,Pending,2025-02-24
1682,8127,1428,156.77,Cash,Failed,2025-01-06
1683,9212,1563,410.38,Card,Success,2025-02-16
1684,236,737,280.64,Wallet,Pending,2025-02-17
1685,751,36,473.3,UPI,Failed,2025-01-07
1686,1866,1620,243.76,Cash,Pending,2025-01-06
1687,4589,1960,276.71,Cash,Failed,2025-01-26
1688,3162,57,105.21,Card,Failed,2025-01-03
1689,7714,1731,96.91,UPI,Pending,2025-01-08
1690,5490,1153,30.94,Cash,Success,2025-01-20
1691,5921,534,366.93,UPI,Success,2025-02-10
1692,1134,1756,170.08,Wallet,Success,2025-01-22
1693,2589,521,344.42,UPI,Success,2025-01-06
1694,86,414,247.92,UPI,Success,2025-02-27
1695,9332,1904,431.11,Card,Success,2025-02-18
1696,3791,687,342.67,UPI,Pending,2025-02-23
1697,9676,1870,148.42,Cash,Success,2025-01-20
1698,4745,63,315.04,Wallet,Pending,2025-01-28
1699,3746,1350,283.98,Card,Pending,2025-02-15
1700,5921,685,107.69,UPI,Success,2025-02-14
1701,7856,1913,438.08,Cash,Pending,2025-01-16
1702,5625,1862,77.23,Card,Failed,2025-01-23
1703,5623,457,493.08,Card,Failed,2025-01-04
1704,5787,294,255.79,Wallet,Success,2025-03-02
1705,9034,128,75.78,UPI,Failed,2025-01-20
1706,9492,1833,150.87,Card,Failed,2025-02-24
1707,1513,1951,263.1,Card,Success,2025-01-18
1708,9290,1499,45.37,Card,Pending,2025-01-17
1709,4807,1118,225.51,Card,Failed,2025-01-26
1710,1485,1953,59.32,Card,Pending,2025-01-12
1711,8394,284,273.18,Wallet,Success,2025-03-03
1712,5417,1528,394.89,UPI,Pending,2025-01-22
1713,3000,653,364.29,Cash,Success,2025-02-16
1714,6344,1742,176.69,Wallet,Pending,2025-02-21
1715,1950,1945,199.32,Cash,Failed,2025-02-12
1716,9771,1597,495.09,Cash,Failed,2025-01-17
1717,7581,1451,417.15,Card,Failed,2025-02-01
1718,8482,454,319.4,Wallet,Pending,2025-01-01
1719,8170,737,310.26,Cash,Pending,2025-03-03
1720,2270,939,42.86,Wallet,Success,2025-02-14
1721,7369,1369,489.38,Card,Success,2025-02-21
1722,7724,660,265.18,Card,Failed,2025-02-23
1723,7173,1981,474.97,Cash,Failed,2025-03-01
1724,7236,467,484.39,UPI,Success,2025-02-24
1725,875,1341,294.58,Cash,Success,2025-01-25
1726,4957,125,31.56,UPI,Failed,2025-01-10
1727,934,186,360.01,UPI,Success,2025-01-03
1728,4046,98,409.51,Card,Failed,2025-02-13
1729,3883,651,202.15,Cash,Success,2025-02-19
1730,166,769,57.89,UPI,Success,2025-01-26
1731,7429,222,69.96,Cash,Failed,2025-02-22
1732,4420,309,66.31,UPI,Failed,2025-01-05
1733,250,1520,155.07,Card,Failed,2025-02-20
1734,4138,1898,45.28,Cash,Success,2025-02-16
1735,9048,871,94.01,Wallet,Success,2025-02-19
1736,4313,532,163.31,UPI,Pending,2025-01-26
1737,8044,1197,247.27,Cash,Success,2025-02-12
1738,5363,1389,84.73,Cash,Failed,2025-01-15
1739,1879,1148,449.2,Wallet,Success,2025-01-04
1740,3772,1256,83.28,Card,Pending,2025-02-12
1741,8528,622,277.73,Cash,Success,2025-02-05
1742,8081,411,217.34,Card,Pending,2025-03-02
1743,523,770,268.82,Wallet,Success,2025-02-25
1744,3292,495,306.54,Cash,Success,2025-01-30
1745,1903,444,55.21,Wallet,Success,2025-02-12
1746,1764,1759,433.55,Card,Pending,2025-02-02
1747,1035,1169,87.11,UPI,Pending,2025-02-19
1748,1396,1241,108.83,Wallet,Success,2025-02-21
1749,1581,597,226.96,Card,Failed,2025-01-30
1750,5356,1241,140.36,Card,Failed,2025-01-18
1751,6035,331,328.53,Wallet,Failed,2025-01-14
1752,7519,1045,302.57,Cash,Failed,2025-01-24
1753,1929,1440,109.88,Card,Success,2025-02-14
1754,6337,412,268,Wallet,Pending,2025-01-28
1755,8524,659,435.49,Wallet,Pending,2025-02-16
1756,4221,538,406.92,UPI,Success,2025-02-28
1757,60,29,178.52,Wallet,Failed,2025-01-12
1758,6155,444,457.69,Card,Pending,2025-01-24
1759,3673,99,133.38,Cash,Pending,2025-01-20
1760,4547,1232,377.15,UPI,Failed,2025-02-03
1761,4181,23,68.62,Cash,Pending,2025-01-25
1762,9591,1554,365.5,Wallet,Failed,2025-01-01
1763,4748,1354,408.61,Cash,Success,2025-01-06
1764,4748,566,148.38,UPI,Pending,2025-02-21
1765,9881,1666,252.41,Cash,Success,2025-01-05
1766,3061,43,262.5,Wallet,Failed,2025-01-07
1767,6884,763,274.83,UPI,Pending,2025-01-23
1768,6134,423,458.23,Wallet,Pending,2025-02-04
1769,9887,938,388.23,Card,Success,2025-01-12
1770,8355,1030,45.62,UPI,Pending,2025-02-04
1771,3232,1537,277.43,Cash,Success,2025-02-05
1772,755,1056,475.83,Wallet,Success,2025-02-25
1773,9550,1918,497.3,Card,Pending,2025-02-25
1774,6419,774,431.23,UPI,Pending,2025-01-20
1775,4904,808,466.36,UPI,Success,2025-01-07
1776,458,1567,234.57,UPI,Success,2025-02-12
1777,2243,452,255.68,UPI,Failed,2025-01-17
1778,7702,1188,307,Card,Failed,2025-02-06
1779,7226,1756,263.41,UPI,Failed,2025-01-21
1780,8089,384,331.01,Card,Success,2025-01-12
1781,2843,4,360.52,Cash,Success,2025-02-18
1782,4021,1115,361.13,Card,Pending,2025-02-14
1783,6913,1758,287.09,Cash,Failed,2025-03-03
1784,5486,1527,66.6,Card,Pending,2025-02-12
1785,559,977,102.13,Cash,Success,2025-02-20
1786,9444,1986,292.8,Cash,Pending,2025-02-22
1787,5483,212,435.7,Cash,Failed,2025-02-09
1788,2742,1012,431.76,Wallet,Pending,2025-02-03
1789,8706,1206,48.62,UPI,Success,2025-02-25
1790,1066,976,393.14,Card,Success,2025-02-01
1791,4622,954,438.51,Wallet,Success,2025-01-25
1792,3709,51,317.05,UPI,Pending,2025-01-17
1793,859,297,325.19,Cash,Success,2025-01-26
1794,4250,1085,55.97,Cash,Failed,2025-02-02
1795,6059,1320,229.59,Card,Failed,2025-02-15
1796,3431,1021,240.65,UPI,Pending,2025-01-25
1797,1882,768,357.65,UPI,Failed,2025-02-21
1798,6292,1409,73.97,Wallet,Success,2025-02-21
1799,1929,232,453.01,UPI,Failed,2025-02-23
1800,640,1993,486.49,Card,Pending,2025-01-07
1801,3848,1016,41.81,Card,Failed,2025-02-21
1802,1647,1605,473.06,Card,Failed,2025-02-15
1803,9542,223,182.16,Wallet,Pending,2025-03-02
1804,4849,1723,51.77,UPI,Pending,2025-02-10
1805,2486,499,434.81,Cash,Failed,2025-01-17
1806,9540,1581,246.2,UPI,Failed,2025-01-20
1807,532,1158,121.03,Cash,Failed,2025-01-26
1808,8073,1865,447.45,Cash,Success,2025-01-04
1809,4280,1847,218.74,Wallet,Pending,2025-02-09
1810,455,536,157.84,UPI,Success,2025-01-04
1811,6821,763,311.46,UPI,Pending,2025-02-04
1812,1468,1040,137.21,Cash,Pending,2025-02-07
1813,1139,1804,80.59,UPI,Pending,2025-02-07
1814,6130,798,271.04,Wallet,Failed,2025-02-27
1815,1806,933,316.81,Wallet,Failed,2025-01-05
1816,985,757,430.09,Cash,Failed,2025-01-27
1817,9714,1900,338.64,Card,Failed,2025-02-21
1818,2397,1839,99.01,Card,Failed,2025-01-07
1819,8077,382,33.7,Card,Pending,2025-02-20
1820,2852,257,142.41,Cash,Pending,2025-01-18
1821,9963,1087,388.21,Cash,Pending,2025-02-22
1822,2927,1103,326.89,UPI,Pending,2025-01-11
1823,3869,888,257.23,Wallet,Failed,2025-01-28
1824,7973,571,334.49,Card,Pending,2025-01-25
1825,4348,1771,372.74,UPI,Failed,2025-01-08
1826,4234,859,459.94,UPI,Success,2025-03-03
1827,6024,1606,85.53,UPI,Pending,2025-02-07
1828,8602,3,444.74,Wallet,Success,2025-01-11
1829,3226,1423,494.74,Wallet,Pending,2025-02-24
1830,3239,513,371.69,Card,Success,2025-02-24
1831,3504,1517,171.73,Card,Success,2025-01-23
1832,23,1727,144.91,Card,Pending,2025-01-23
1833,1468,1369,304.59,Wallet,Pending,2025-01-17
1834,9916,1423,242.02,Cash,Failed,2025-02-13
1835,9804,760,351.83,Cash,Pending,2025-01-03
1836,4208,882,82.09,Cash,Pending,2025-02-28
1837,6076,574,297.55,Card,Pending,2025-01-03
1838,5852,1335,393.79,Cash,Pending,2025-02-23
1839,7977,619,210.24,Card,Failed,2025-02-09
1840,9163,1716,298.39,Card,Success,2025-03-02
1841,8207,1303,256.1,UPI,Pending,2025-03-03
1842,383,1652,322.45,UPI,Failed,2025-01-17
1843,424,561,276.52,Wallet,Success,2025-01-01
1844,577,1326,448.04,Cash,Failed,2025-01-08
1845,976,803,429.47,Cash,Pending,2025-01-15
1846,3950,1022,134.97,Wallet,Pending,2025-01-21
1847,3243,999,298.58,Cash,Failed,2025-02-12
1848,4813,1501,254.34,Cash,Success,2025-01-09
1849,7718,1937,358.84,UPI,Pending,2025-02-06
1850,1458,921,263.86,Cash,Success,2025-01-16
1851,2928,1927,227.68,UPI,Pending,2025-02-27
1852,6807,970,233.6,Card,Success,2025-01-17
1853,6949,274,245.29,UPI,Success,2025-02-16
1854,3327,1343,295.63,Card,Pending,2025-02-20
1855,6912,522,237.84,Card,Pending,2025-02-21
1856,9058,1432,457.01,Cash,Success,2025-01-11
1857,8447,214,224.91,UPI,Success,2025-02-13
1858,666,867,200.68,Card,Success,2025-01-28
1859,2263,1069,201.26,Cash,Failed,2025-01-16
1860,6585,213,324.41,Cash,Pending,2025-02-15
1861,38,10,449.47,Card,Pending,2025-01-18
1862,4422,1181,295.11,Wallet,Pending,2025-01-17
1863,4333,1377,365.92,Cash,Failed,2025-02-20
1864,350,1258,47.51,Card,Success,2025-02-06
1865,7499,378,65.49,UPI,Failed,2025-02-22
1866,1415,1455,131.12,Card,Success,2025-02-16
1867,2623,82,260.85,Card,Pending,2025-01-02
1868,3801,1251,442.02,UPI,Pending,2025-02-25
1869,2221,300,169.62,Card,Success,2025-01-02
1870,4977,1770,386.56,UPI,Pending,2025-02-23
1871,9229,1427,49.77,Cash,Pending,2025-02-12
1872,470,1399,385.54,Card,Success,2025-01-10
1873,3875,1765,340.62,Card,Success,2025-02-18
1874,6607,1193,65.35,Wallet,Pending,2025-02-24
1875,3764,330,358.35,Cash,Failed,2025-03-03
1876,1516,270,482.2,UPI,Success,2025-01-16
1877,1235,1784,324.8,Card,Pending,2025-02-22
1878,6381,1280,450.8,UPI,Pending,2025-02-25
1879,2510,1386,316.37,Cash,Success,2025-01-21
1880,3917,1780,68.04,Card,Success,2025-02-19
1881,8591,1966,270.35,UPI,Success,2025-01-31
1882,3835,786,412.76,Cash,Success,2025-01-26
1883,2596,683,76.54,Wallet,Pending,2025-01-20
1884,8917,898,354.88,Wallet,Pending,2025-01-06
1885,3118,1015,295.55,Card,Pending,2025-01-16
1886,1134,441,34.43,Cash,Failed,2025-02-24
1887,6792,1766,421.11,Cash,Pending,2025-02-26
1888,5321,1027,425.25,Cash,Pending,2025-01-14
1889,1635,1957,305.67,Card,Pending,2025-02-16
1890,6754,1186,67.02,Cash,Pending,2025-02-04
1891,2417,1477,206.73,Wallet,Success,2025-02-06
1892,9667,2,301.38,Wallet,Failed,2025-02-02
1893,1227,811,255.3,Cash,Pending,2025-01-23
1894,9685,468,487.26,UPI,Failed,2025-02-08
1895,265,688,48.28,UPI,Pending,2025-02-19
1896,5191,324,296.41,Cash,Success,2025-02-10
1897,2874,170,361.11,Card,Pending,2025-01-13
1898,2870,1563,327.67,Card,Success,2025-01-29
1899,1936,824,309.44,Wallet,Pending,2025-01-14
1900,4199,1468,283.24,Wallet,Success,2025-02-07
1901,2311,1937,258.47,Card,Success,2025-01-12
1902,5950,107,219.36,Card,Pending,2025-01-10
1903,334,1484,353.1,UPI,Pending,2025-01-01
1904,8429,138,160.51,Cash,Failed,2025-02-27
1905,7353,594,424.19,Card,Success,2025-01-26
1906,3213,1495,268.33,Wallet,Pending,2025-01-31
1907,532,1653,418.59,Card,Failed,2025-01-05
1908,4063,771,36.49,UPI,Pending,2025-02-23
1909,2196,1488,127.18,UPI,Success,2025-02-27
1910,2353,1987,184.25,Cash,Failed,2025-01-02
1911,9303,1759,212.96,Card,Failed,2025-02-17
1912,8217,1406,210.51,Cash,Failed,2025-01-21
1913,9727,1946,221.61,Cash,Failed,2025-02-28
1914,1726,423,212.3,Card,Pending,2025-01-22
1915,4441,584,479.35,Card,Success,2025-02-01
1916,2198,633,104.55,Card,Failed,2025-03-01
1917,6420,1742,287.45,UPI,Success,2025-01-16
1918,3243,1873,326.41,UPI,Failed,2025-02-25
1919,1991,1205,229.56,Wallet,Pending,2025-01-13
1920,3426,1817,201.88,UPI,Success,2025-02-05
1921,7492,1751,468.32,Card,Success,2025-01-28
1922,4038,715,126.73,Card,Failed,2025-02-17
1923,5347,199,292.77,Card,Pending,2025-02-18
1924,486,1767,438.51,Cash,Pending,2025-01-29
1925,7210,1084,68.53,Wallet,Pending,2025-02-26
1926,6064,966,184.11,Cash,Success,2025-03-02
1927,8489,95,119.45,UPI,Pending,2025-01-03
1928,7960,1410,170.22,UPI,Success,2025-02-11
1929,9337,918,341.82,Cash,Pending,2025-01-28
1930,8866,525,93.33,UPI,Failed,2025-01-14
1931,6616,838,221.56,UPI,Success,2025-02-14
1932,5415,860,98.87,Wallet,Failed,2025-01-19
1933,1214,452,103.27,Card,Success,2025-02-27
1934,3844,339,72.17,Card,Success,2025-02-13
1935,1956,1885,283.88,UPI,Success,2025-01-22
1936,7142,753,154,Card,Failed,2025-02-16
1937,9462,1838,323.43,Wallet,Success,2025-02-27
1938,5162,1601,237.75,Cash,Failed,2025-03-01
1939,599,1567,52.05,Cash,Pending,2025-01-07
1940,5649,161,442.4,UPI,Pending,2025-01-02
1941,5169,1693,106.32,Card,Pending,2025-01-15
1942,4292,1064,458.04,UPI,Failed,2025-01-24
1943,1685,507,395.43,Wallet,Failed,2025-02-23
1944,9789,1616,254.83,Wallet,Failed,2025-01-17
1945,9946,1673,242.66,Cash,Success,2025-02-16
1946,4863,182,48.82,Wallet,Pending,2025-01-17
1947,4069,1917,349.23,Cash,Failed,2025-01-24
1948,929,1747,381.48,Cash,Failed,2025-01-31
1949,2840,1818,440.66,Card,Pending,2025-01-21
1950,9788,756,396.51,Card,Failed,2025-02-01
1951,7546,1902,485.79,Card,Failed,2025-02-11
1952,2007,383,232.87,UPI,Pending,2025-02-09
1953,3712,1076,116.36,Wallet,Success,2025-01-26
1954,5958,562,468.21,Card,Failed,2025-01-06
1955,3746,511,456.05,UPI,Pending,2025-01-25
1956,538,1076,392.1,Wallet,Failed,2025-02-07
1957,169,1954,433.22,Wallet,Pending,2025-02-24
1958,1298,859,199,Cash,Success,2025-02-23
1959,1503,461,48.61,UPI,Failed,2025-01-27
1960,2688,1170,293.05,Cash,Success,2025-02-10
1961,8700,141,274.27,Card,Failed,2025-02-03
1962,8918,1376,110.34,Cash,Failed,2025-02-22
1963,5142,155,162.19,Wallet,Pending,2025-01-15
1964,9187,1665,359.51,UPI,Failed,2025-02-22
1965,921,1625,161.11,Card,Success,2025-01-30
1966,52,1159,71.13,UPI,Pending,2025-02-21
1967,5899,917,190.46,Wallet,Success,2025-02-07
1968,8909,1154,402.81,Cash,Pending,2025-01-29
1969,2627,84,304.83,Card,Success,2025-02-18
1970,5821,1237,385.9,Cash,Pending,2025-02-28
1971,8784,1626,82.16,Cash,Pending,2025-01-06
1972,1467,1524,450.16,Cash,Failed,2025-01-25
1973,3253,198,155.38,UPI,Failed,2025-01-31
1974,4682,1915,45.12,Cash,Success,2025-02-17
1975,1411,792,111.1,Card,Pending,2025-02-08
1976,4045,1574,406.1,Wallet,Pending,2025-02-23
1977,3232,1924,72.16,Cash,Failed,2025-01-07
1978,3733,882,196.86,Cash,Failed,2025-01-19
1979,9364,726,72.55,Cash,Success,2025-02-21
1980,5694,628,157.63,Wallet,Failed,2025-01-04
1981,458,65,140.45,Cash,Pending,2025-02-10
1982,3390,1519,497.77,Card,Failed,2025-01-18
1983,2633,1412,249.43,Wallet,Success,2025-01-19
1984,9323,1827,78.59,Cash,Success,2025-02-07
1985,1896,1316,38.5,Card,Success,2025-03-02
1986,7420,1329,203.96,Card,Failed,2025-01-19
1987,6615,1082,135.07,Wallet,Success,2025-02-20
1988,8137,1423,148.17,Cash,Failed,2025-01-15
1989,2798,1799,338.7,Wallet,Success,2025-01-28
1990,7433,1923,313.57,Wallet,Failed,2025-02-22
1991,4963,996,473.69,Wallet,Failed,2025-01-23
1992,788,33,323.2,Wallet,Failed,2025-01-16
1993,6715,1169,232.2,Wallet,Failed,2025-02-25
1994,902,877,296.02,Card,Pending,2025-01-17
1995,2378,413,302.96,Card,Pending,2025-02-14
1996,7944,356,499.65,Cash,Failed,2025-02-24
1997,7696,924,70.35,Wallet,Success,2025-01-17
1998,9489,1153,453.1,Cash,Pending,2025-03-02
1999,4132,1413,410.39,Wallet,Failed,2025-02-18
2000,4377,1889,434.64,Card,Pending,2025-01-06
2001,4805,839,248.43,Card,Failed,2025-02-27
2002,648,307,123.99,Wallet,Failed,2025-02-20
2003,314,1359,493.62,Wallet,Failed,2025-01-14
2004,2473,716,217.2,Card,Success,2025-01-30
2005,3392,104,401.3,UPI,Success,2025-02-08
2006,5018,1032,477.52,Cash,Failed,2025-01-07
2007,5437,375,54.96,Card,Failed,2025-01-25
2008,1769,1241,356.47,Card,Success,2025-01-29
2009,8671,1946,350.46,Wallet,Failed,2025-01-30
2010,6354,646,362.55,UPI,Success,2025-01-17
2011,4150,1279,432.65,UPI,Success,2025-03-02
2012,9754,1860,495.35,Wallet,Failed,2025-02-22
2013,5115,177,392.17,Cash,Success,2025-01-01
2014,3407,381,192.3,Wallet,Success,2025-02-06
2015,4565,6,214.05,Cash,Failed,2025-01-10
2016,5876,311,70.24,Card,Success,2025-01-07
2017,5060,1263,47.08,Card,Failed,2025-01-21
2018,6415,285,114.27,Cash,Pending,2025-02-08
2019,2745,1896,206.05,UPI,Failed,2025-02-11
2020,2299,857,494.32,Wallet,Success,2025-01-23
2021,9056,761,436.74,Card,Failed,2025-02-18
2022,1716,1292,329.63,Cash,Failed,2025-02-14
2023,3151,1014,437.51,Cash,Pending,2025-01-13
2024,5793,1503,172.87,Cash,Failed,2025-01-25
2025,1556,261,393.51,Wallet,Success,2025-02-16
2026,304,673,155.24,Wallet,Pending,2025-02-18
2027,2002,481,297.86,UPI,Pending,2025-02-24
2028,5516,176,173.26,Wallet,Success,2025-02-24
2029,2779,23,249.98,UPI,Pending,2025-02-01
2030,6783,974,169.47,Card,Success,2025-02-09
2031,8254,436,274.28,Wallet,Pending,2025-02-19
2032,4857,1787,472.97,Card,Success,2025-02-03
2033,7552,482,342.56,Cash,Pending,2025-01-19
2034,7599,1701,302.84,Wallet,Pending,2025-02-10
2035,9753,1726,34.93,Cash,Success,2025-01-11
2036,1225,192,98.5,UPI,Success,2025-01-07
2037,7942,1443,212.02,Wallet,Failed,2025-01-22
2038,3673,140,358.71,Wallet,Success,2025-02-05
2039,9020,1667,48.05,Wallet,Failed,2025-01-29
2040,8900,1259,236.59,Card,Failed,2025-02-25
2041,8781,729,106.84,Wallet,Failed,2025-02-13
2042,6567,543,116.52,Cash,Failed,2025-01-31
2043,8916,449,291.02,Wallet,Success,2025-02-21
2044,6407,183,420.45,Card,Failed,2025-03-01
2045,9549,1332,380.62,Card,Failed,2025-02-04
2046,1139,1538,247.52,Wallet,Success,2025-01-20
2047,9889,850,236.59,Cash,Success,2025-02-07
2048,421,1055,335.49,Card,Failed,2025-03-03
2049,2540,1116,54.9,Wallet,Success,2025-01-01
2050,6877,1038,78.8,Wallet,Pending,2025-02-11
2051,5389,1905,494.57,Cash,Failed,2025-01-04
2052,3317,1331,312.08,UPI,Failed,2025-01-20
2053,6880,332,115.16,Card,Pending,2025-02-27
2054,4549,1429,314.5,Card,Failed,2025-01-23
2055,2400,1114,358.89,UPI,Success,2025-02-27
2056,991,352,43.7,Cash,Success,2025-02-01
2057,6632,467,124.53,UPI,Success,2025-02-27
2058,230,1484,406.24,UPI,Success,2025-01-28
2059,173,409,59.55,Card,Pending,2025-03-02
2060,6948,1909,292.86,Card,Pending,2025-02-08
2061,3574,1715,271.41,Wallet,Success,2025-01-23
2062,6036,1855,36.9,Card,Pending,2025-01-16
2063,9739,963,62.08,Card,Failed,2025-02-15
2064,9290,998,461.06,Card,Pending,2025-02-12
2065,1133,1615,202.84,Wallet,Pending,2025-01-17
2066,1315,1534,462.57,Card,Pending,2025-02-03
2067,5774,800,440,Cash,Failed,2025-01-11
2068,7727,1910,447.76,Wallet,Success,2025-01-25
2069,620,422,140.32,Card,Failed,2025-02-08
2070,2222,1032,421.65,Wallet,Failed,2025-02-28
2071,4580,565,490.62,Wallet,Failed,2025-02-20
2072,2118,1463,392.76,Card,Success,2025-01-14
2073,8551,985,230.91,Card,Failed,2025-01-17
2074,5115,1018,187.03,Cash,Success,2025-02-25
2075,9371,763,382.59,Cash,Pending,2025-01-18
2076,7230,1878,407.49,Card,Failed,2025-02-10
2077,7221,646,215.3,Card,Failed,2025-02-26
2078,1404,320,455.45,UPI,Success,2025-02-22
2079,8154,567,447.64,Card,Failed,2025-01-30
2080,6606,725,191.42,Card,Success,2025-02-07
2081,3722,688,220.89,Wallet,Pending,2025-01-27
2082,2980,467,359.43,Cash,Failed,2025-01-23
2083,3056,1890,397.73,Card,Success,2025-02-24
2084,8931,907,141.67,Cash,Failed,2025-02-07
2085,5848,201,113.98,Card,Success,2025-02-25
2086,4886,215,229.07,Cash,Failed,2025-02-26
2087,9999,1955,489.72,UPI,Success,2025-01-30
2088,3036,1094,192.92,Cash,Pending,2025-01-05
2089,9717,715,177.04,Wallet,Success,2025-02-25
2090,5268,144,63.51,Cash,Pending,2025-02-06
2091,4137,475,193.05,Card,Failed,2025-02-07
2092,223,688,36.17,Wallet,Success,2025-01-14
2093,7303,1745,392.67,Cash,Failed,2025-02-18
2094,7794,1761,148.4,UPI,Pending,2025-02-03
2095,7421,1946,120.56,Wallet,Success,2025-01-27
2096,650,917,304.17,UPI,Failed,2025-01-30
2097,1833,882,309.94,Wallet,Pending,2025-01-02
2098,8045,782,144.94,Wallet,Failed,2025-01-20
2099,5339,1516,88.3,Card,Success,2025-01-22
2100,6989,929,298.02,UPI,Success,2025-02-03
2101,7086,1801,72.72,Cash,Failed,2025-01-09
2102,3414,435,104.65,UPI,Failed,2025-02-19
2103,7963,1531,76.88,Card,Failed,2025-01-20
2104,6063,1723,99.37,Cash,Success,2025-02-08
2105,4643,1761,475.23,Wallet,Success,2025-02-10
2106,1326,29,322.84,UPI,Pending,2025-01-30
2107,8567,623,244.81,Card,Success,2025-01-06
2108,6914,764,375.71,Cash,Failed,2025-01-06
2109,4238,1470,372.48,Wallet,Pending,2025-01-06
2110,662,1136,463.46,UPI,Success,2025-01-05
2111,2468,1939,333.94,UPI,Failed,2025-02-04
2112,9119,1360,97.04,Card,Pending,2025-01-16
2113,2691,1446,459.79,Card,Pending,2025-02-07
2114,6588,1431,97.15,Cash,Success,2025-01-25
2115,4886,205,273.7,Cash,Failed,2025-02-25
2116,4650,1549,364.2,Wallet,Success,2025-01-22
2117,5088,1126,493.51,Wallet,Success,2025-01-24
2118,6314,769,134,Cash,Failed,2025-01-02
2119,1217,31,45.11,Cash,Pending,2025-01-25
2120,5982,358,317.99,Card,Pending,2025-02-02
2121,2505,1993,279.11,Card,Failed,2025-02-12
2122,8942,948,377.74,Cash,Pending,2025-02-06
2123,5521,611,122.26,Cash,Pending,2025-02-22
2124,1812,789,176.68,Cash,Pending,2025-01-19
2125,6649,1947,487.52,UPI,Pending,2025-01-10
2126,2528,1348,494.8,Card,Pending,2025-02-05
2127,3502,659,191.54,Wallet,Success,2025-03-02
2128,6024,4,168.85,Cash,Failed,2025-02-15
2129,2921,710,437.84,UPI,Failed,2025-01-31
2130,9604,1500,133.46,Wallet,Failed,2025-01-18
2131,4340,1392,178.1,UPI,Success,2025-02-14
2132,6439,1821,395.82,Card,Pending,2025-02-21
2133,3914,658,33.65,Wallet,Success,2025-02-06
2134,5498,1763,137.98,UPI,Success,2025-02-11
2135,2456,886,288.36,UPI,Pending,2025-02-02
2136,6281,973,484.29,Cash,Pending,2025-01-02
2137,4246,1192,204.19,UPI,Pending,2025-03-03
2138,1219,495,310.96,UPI,Success,2025-01-11
2139,1765,1916,480.97,Cash,Success,2025-01-29
2140,3604,1975,166.19,Cash,Success,2025-01-06
2141,2491,661,153.3,Card,Failed,2025-03-01
2142,165,1464,314.49,Cash,Pending,2025-01-06
2143,2460,1671,259.87,Wallet,Pending,2025-02-08
2144,9735,1539,249.57,Wallet,Failed,2025-01-09
2145,9242,1541,458.1,UPI,Success,2025-02-26
2146,1216,336,441.55,Cash,Pending,2025-02-28
2147,1378,449,397.05,Cash,Pending,2025-02-09
2148,9126,1794,375.27,Card,Pending,2025-01-16
2149,3352,745,103.33,Card,Failed,2025-02-10
2150,1469,577,38.12,Card,Success,2025-02-27
2151,6625,912,235.35,Card,Success,2025-02-14
2152,6373,851,332.16,Cash,Success,2025-02-17
2153,3886,1920,114.02,UPI,Failed,2025-01-18
2154,4132,1806,292.56,Wallet,Success,2025-02-15
2155,1540,600,403.01,UPI,Pending,2025-02-27
2156,594,1734,315.89,UPI,Success,2025-02-09
2157,9098,274,283.57,Cash,Failed,2025-01-20
2158,5875,1590,310.33,Cash,Pending,2025-03-03
2159,5616,765,66.48,Cash,Pending,2025-02-04
2160,7986,1882,213.17,Card,Success,2025-01-19
2161,1798,1142,323.01,Cash,Success,2025-01-16
2162,7758,1737,362.41,Cash,Pending,2025-01-01
2163,5502,954,368.57,Card,Pending,2025-02-19
2164,7380,1088,404.01,Card,Failed,2025-02-03
2165,6690,849,476.22,Card,Failed,2025-02-02
2166,6876,1459,158.84,UPI,Failed,2025-02-05
2167,2033,800,458.98,Card,Success,2025-02-24
2168,3135,1155,186.99,UPI,Failed,2025-01-24
2169,2480,1069,458.61,UPI,Failed,2025-02-23
2170,6755,853,370.13,Cash,Pending,2025-02-10
2171,2618,1744,215.18,Cash,Pending,2025-01-12
2172,6638,150,304.63,UPI,Success,2025-01-02
2173,9195,98,376,UPI,Failed,2025-01-20
2174,2566,193,163.15,Card,Success,2025-02-08
2175,338,1805,154.87,UPI,Failed,2025-01-20
2176,4828,85,480.38,Cash,Failed,2025-02-22
2177,6670,1278,161.84,Card,Success,2025-01-26
2178,7681,877,258.66,Wallet,Failed,2025-01-18
2179,5202,1736,398.38,Card,Success,2025-02-17
2180,869,708,274.58,Wallet,Failed,2025-03-01
2181,4482,147,278.36,Card,Failed,2025-01-24
2182,427,1425,396.97,Wallet,Success,2025-02-01
2183,7499,82,470.98,UPI,Success,2025-02-14
2184,9724,37,406.78,Wallet,Pending,2025-02-14
2185,2048,843,79.19,Cash,Success,2025-01-30
2186,5907,148,89.4,UPI,Success,2025-02-27
2187,7033,728,437.27,UPI,Failed,2025-01-30
2188,3454,1958,260.75,Wallet,Pending,2025-03-02
2189,123,961,104.83,Card,Failed,2025-02-07
2190,2611,997,273.32,Wallet,Failed,2025-02-12
2191,3347,1703,254.71,Wallet,Failed,2025-01-13
2192,113,571,406.14,Cash,Failed,2025-01-23
2193,191,1480,113.77,Card,Failed,2025-02-28
2194,7903,642,138.51,Card,Success,2025-02-27
2195,5450,392,156.95,Card,Failed,2025-01-14
2196,3385,1320,331.35,Card,Pending,2025-01-24
2197,250,126,179.65,UPI,Failed,2025-01-13
2198,9397,1728,443.91,Wallet,Success,2025-02-10
2199,7952,1098,192.15,Card,Failed,2025-02-06
2200,6396,178,308.35,Card,Failed,2025-02-02
2201,7235,460,352.55,UPI,Pending,2025-01-19
2202,1035,1086,226.42,UPI,Success,2025-01-25
2203,1141,267,441.92,Card,Failed,2025-01-22
2204,6267,905,69.99,Card,Pending,2025-01-31
2205,5180,977,443,Cash,Success,2025-01-15
2206,6997,184,369.71,Card,Success,2025-02-02
2207,1815,238,34.57,Card,Failed,2025-02-15
2208,8879,1325,88.96,Wallet,Pending,2025-01-10
2209,5,116,197.69,Cash,Pending,2025-01-01
2210,8464,1942,122.58,Card,Success,2025-02-09
2211,6943,297,322.59,UPI,Failed,2025-02-18
2212,3545,823,99.76,Wallet,Pending,2025-01-09
2213,1991,152,126.49,Card,Pending,2025-03-01
2214,2088,982,62.57,Wallet,Success,2025-01-29
2215,8073,1545,69.85,Card,Pending,2025-02-09
2216,8337,954,294.04,UPI,Pending,2025-02-12
2217,1496,57,212.94,Wallet,Pending,2025-02-19
2218,6291,1997,98.91,Wallet,Success,2025-01-14
2219,4934,1223,174.59,Wallet,Failed,2025-02-11
2220,5095,1350,449.28,UPI,Success,2025-01-26
2221,2742,560,80.38,Card,Failed,2025-01-22
2222,5260,1168,430.95,UPI,Failed,2025-01-12
2223,7757,1630,373.73,Cash,Failed,2025-02-11
2224,4445,1483,115.26,UPI,Pending,2025-01-29
2225,3132,1417,61.43,Cash,Failed,2025-02-25
2226,3294,1837,299.37,UPI,Success,2025-01-25
2227,5112,676,178.67,UPI,Pending,2025-01-09
2228,8008,769,401.06,UPI,Failed,2025-01-31
2229,9984,1181,274.21,Cash,Success,2025-02-01
2230,3929,1337,100.96,Cash,Failed,2025-02-16
2231,1781,1419,419.91,Wallet,Pending,2025-01-16
2232,9291,1852,82.48,UPI,Pending,2025-01-11
2233,7318,322,117.49,Cash,Pending,2025-02-11
2234,8097,1638,50.88,UPI,Success,2025-02-19
2235,1137,1011,54.64,Card,Success,2025-02-12
2236,5781,1684,148.64,Cash,Failed,2025-03-01
2237,3088,170,390.72,Cash,Pending,2025-01-28
2238,7438,1233,145.05,UPI,Pending,2025-02-13
2239,9133,622,64.76,Wallet,Success,2025-02-09
2240,1270,194,480.06,Card,Failed,2025-01-05
2241,2668,1428,296.72,Card,Pending,2025-01-25
2242,5705,2000,116.79,UPI,Failed,2025-01-19
2243,4985,1879,384.19,UPI,Success,2025-01-11
2244,8399,425,418.18,Cash,Failed,2025-01-13
2245,3764,1849,241.81,Wallet,Failed,2025-01-05
2246,1807,1057,48.41,Cash,Pending,2025-01-01
2247,6930,1841,116.41,Cash,Failed,2025-01-21
2248,5882,1606,144.36,Cash,Success,2025-01-06
2249,5688,1047,400.68,UPI,Success,2025-03-01
2250,5811,1542,174.78,Card,Pending,2025-02-03
2251,1936,1576,183.78,Card,Failed,2025-02-18
2252,3160,1031,381.73,Card,Pending,2025-01-12
2253,9774,111,102.18,UPI,Pending,2025-02-21
2254,2888,1734,82.1,Wallet,Pending,2025-02-25
2255,8923,138,135.71,Cash,Pending,2025-01-12
2256,9799,794,50.05,Wallet,Pending,2025-02-17
2257,4938,1766,363.69,Wallet,Success,2025-01-06
2258,1131,883,67.97,Card,Success,2025-01-15
2259,4178,59,271.01,Wallet,Pending,2025-02-27
2260,5063,1280,402.57,Wallet,Pending,2025-01-19
2261,6687,100,171.84,Card,Pending,2025-02-03
2262,5,570,134.77,Card,Success,2025-01-07
2263,4580,376,33.44,Card,Pending,2025-02-24
2264,2788,952,388.23,Cash,Failed,2025-01-31
2265,9385,839,155.98,Card,Failed,2025-02-18
2266,1899,1420,156.5,UPI,Failed,2025-01-04
2267,6692,14,173.07,Wallet,Pending,2025-01-16
2268,7528,1544,365.06,Wallet,Failed,2025-02-06
2269,6047,564,455.21,Card,Pending,2025-01-08
2270,2819,386,397.78,Cash,Success,2025-01-27
2271,6714,1679,386.92,Wallet,Failed,2025-02-06
2272,7363,289,387.4,UPI,Failed,2025-01-02
2273,7934,1200,404.99,Wallet,Pending,2025-03-03
2274,1061,1054,306.47,Cash,Success,2025-03-03
2275,1619,307,296.99,Cash,Pending,2025-02-05
2276,7789,847,152.68,UPI,Pending,2025-02-26
2277,4855,692,185.99,Card,Pending,2025-01-21
2278,2225,1633,282.97,UPI,Failed,2025-01-19
2279,6034,91,468.38,Card,Failed,2025-01-26
2280,413,418,85.56,Wallet,Pending,2025-01-15
2281,9968,604,492.12,Wallet,Pending,2025-02-15
2282,8828,1333,473.64,UPI,Pending,2025-01-18
2283,6127,528,362.27,Cash,Pending,2025-01-31
2284,8665,521,283.36,UPI,Pending,2025-01-25
2285,6295,123,185.84,UPI,Pending,2025-02-19
2286,5967,896,394.55,Card,Success,2025-01-13
2287,3455,229,189.19,UPI,Pending,2025-01-06
2288,3697,1556,404.96,Wallet,Success,2025-01-17
2289,8414,634,79.81,Cash,Success,2025-02-10
2290,6866,375,164.61,Card,Failed,2025-02-17
2291,2234,1967,471.93,Card,Success,2025-02-05
2292,8118,16,182.54,Wallet,Pending,2025-03-01
2293,1756,1872,401.4,UPI,Success,2025-02-03
2294,6212,1465,196.26,UPI,Pending,2025-01-18
2295,4737,948,122.17,Card,Pending,2025-01-08
2296,956,959,205.73,UPI,Pending,2025-01-12
2297,5614,1618,353.5,UPI,Success,2025-01-31
2298,4865,1544,384.65,Wallet,Failed,2025-01-18
2299,8400,1868,91.36,Cash,Pending,2025-01-19
2300,4323,957,495.83,Cash,Failed,2025-01-08
2301,3205,955,261.88,Wallet,Pending,2025-02-27
2302,1303,1182,411.49,UPI,Success,2025-01-20
2303,2531,716,80.18,UPI,Success,2025-02-04
2304,129,1706,193.43,UPI,Failed,2025-02-16
2305,6564,905,242.62,Card,Failed,2025-02-04
2306,7946,1942,263.36,Wallet,Failed,2025-02-27
2307,8355,514,274.33,Card,Pending,2025-01-07
2308,2805,1278,282.53,Cash,Failed,2025-01-13
2309,1587,602,233.68,Wallet,Failed,2025-02-26
2310,1444,559,46.74,Card,Pending,2025-02-14
2311,8995,1727,347.71,Cash,Success,2025-01-09
2312,3077,544,177.66,UPI,Pending,2025-02-07
2313,155,1394,67.19,UPI,Failed,2025-01-28
2314,2490,845,366.93,UPI,Failed,2025-01-20
2315,257,1673,225.63,Card,Pending,2025-03-02
2316,4494,376,472.6,Card,Success,2025-02-07
2317,3000,1524,458.72,Wallet,Failed,2025-02-08
2318,4115,1003,312.27,Card,Success,2025-02-19
2319,7700,782,186.54,UPI,Pending,2025-02-13
2320,9854,830,82.51,Cash,Failed,2025-01-06
2321,5514,1528,208.54,UPI,Success,2025-03-01
2322,2126,550,341.88,Cash,Failed,2025-02-28
2323,927,384,150.63,Wallet,Failed,2025-02-28
2324,3746,1881,326.8,Wallet,Failed,2025-02-23
2325,8423,927,348.12,UPI,Pending,2025-03-01
2326,7910,495,441.22,UPI,Failed,2025-02-10
2327,8509,31,178.3,UPI,Failed,2025-01-24
2328,2362,672,496.06,Card,Pending,2025-02-28
2329,69,232,375.26,Wallet,Pending,2025-01-14
2330,8699,120,236.74,UPI,Failed,2025-01-21
2331,4996,529,402,UPI,Success,2025-02-18
2332,8907,1998,165.79,Cash,Pending,2025-01-05
2333,210,862,157.75,Wallet,Pending,2025-01-30
2334,1774,652,76.51,Wallet,Pending,2025-02-28
2335,1454,1726,220.46,Cash,Pending,2025-02-14
2336,8795,961,465.95,Wallet,Success,2025-02-27
2337,3222,1012,35.76,Card,Pending,2025-02-02
2338,3154,468,215.1,UPI,Failed,2025-02-05
2339,9107,429,188.82,Card,Failed,2025-02-03
2340,5237,1415,62.93,Wallet,Pending,2025-02-08
2341,621,1989,334.2,Wallet,Success,2025-02-17
2342,623,1598,299.27,Wallet,Failed,2025-01-02
2343,4217,1601,92.5,UPI,Failed,2025-01-06
2344,2403,535,432.59,Card,Failed,2025-02-27
2345,3366,1246,149.48,Card,Failed,2025-01-17
2346,7217,168,316.83,Card,Failed,2025-02-22
2347,5728,669,45.01,UPI,Pending,2025-02-11
2348,7344,386,152.55,Cash,Failed,2025-01-15
2349,5663,309,207.11,Wallet,Success,2025-02-27
2350,9373,1225,186.53,Wallet,Success,2025-01-17
2351,397,297,349.27,Wallet,Failed,2025-02-12
2352,5966,715,376.2,Card,Failed,2025-01-16
2353,1112,1612,126.48,Wallet,Pending,2025-01-21
2354,6871,1675,50.84,UPI,Failed,2025-02-25
2355,2723,942,274.71,Cash,Pending,2025-01-11
2356,8018,1406,164.91,Card,Failed,2025-01-24
2357,6299,1192,136.15,Wallet,Failed,2025-01-19
2358,876,1273,83.53,Card,Failed,2025-01-24
2359,5935,305,420.05,Cash,Failed,2025-01-13
2360,4151,97,254.43,Card,Failed,2025-01-08
2361,2595,1950,61.6,Wallet,Pending,2025-01-23
2362,6499,1005,483.07,Cash,Success,2025-02-20
2363,7524,669,346.61,Card,Pending,2025-02-26
2364,4814,1623,361.74,Wallet,Failed,2025-03-03
2365,6762,335,337.53,UPI,Success,2025-02-11
2366,1104,1052,167.82,Wallet,Success,2025-02-20
2367,2318,970,267.22,Card,Success,2025-01-23
2368,3081,67,326.16,Cash,Failed,2025-02-27
2369,7008,1266,133.69,Card,Failed,2025-01-29
2370,1432,394,440.06,Card,Pending,2025-01-27
2371,2226,1575,346.72,Card,Success,2025-01-27
2372,7693,1985,453.64,Cash,Pending,2025-02-20
2373,3245,120,242.51,Card,Success,2025-01-25
2374,7497,870,281.82,UPI,Success,2025-02-13
2375,7517,492,254.85,UPI,Failed,2025-03-02
2376,5820,1908,374.93,Wallet,Pending,2025-01-22
2377,8336,899,326.4,Card,Pending,2025-02-09
2378,5918,554,454.98,Wallet,Pending,2025-01-25
2379,1405,358,306.99,Card,Success,2025-01-12
2380,6240,1559,85.13,Cash,Failed,2025-02-06
2381,7131,487,275.51,Cash,Success,2025-01-29
2382,5782,270,171.86,Cash,Success,2025-02-02
2383,1787,1225,285.71,Cash,Pending,2025-01-17
2384,5949,516,49.26,UPI,Success,2025-01-28
2385,7498,1565,289.75,UPI,Success,2025-01-19
2386,998,1714,211.07,Wallet,Pending,2025-02-23
2387,2380,1135,250.67,Wallet,Success,2025-01-02
2388,5628,1402,489.29,Wallet,Failed,2025-03-01
2389,7009,108,156.22,Card,Success,2025-02-07
2390,9516,959,219.73,Wallet,Failed,2025-01-10
2391,4856,584,35.42,Cash,Failed,2025-01-22
2392,1861,1240,50.58,Wallet,Failed,2025-02-15
2393,639,315,158.91,Wallet,Failed,2025-01-28
2394,7824,1806,274.45,UPI,Pending,2025-02-24
2395,1558,1081,129.43,UPI,Success,2025-02-19
2396,4282,949,45.7,UPI,Pending,2025-02-14
2397,7709,595,290.13,UPI,Success,2025-01-08
2398,5141,1929,89.13,Cash,Success,2025-02-04
2399,2543,1318,98.29,UPI,Failed,2025-01-09
2400,2556,519,470.47,UPI,Success,2025-01-02
2401,127,1712,432.63,Wallet,Pending,2025-01-25
2402,1464,1785,332.95,Wallet,Success,2025-01-10
2403,9651,1290,219.48,UPI,Pending,2025-02-10
2404,1103,1954,77.08,UPI,Failed,2025-02-23
2405,6182,430,72.2,Card,Failed,2025-02-12
2406,2910,313,206.8,Wallet,Failed,2025-02-02
2407,1599,1674,418.27,Wallet,Failed,2025-02-07
2408,4713,1316,158.98,Wallet,Success,2025-01-01
2409,3723,1444,251.06,Wallet,Failed,2025-01-31
2410,1217,1625,114.77,Wallet,Pending,2025-01-05
2411,3228,1804,45.32,Cash,Pending,2025-01-27
2412,6033,1299,478.97,UPI,Failed,2025-01-02
2413,5549,907,363.81,UPI,Failed,2025-01-30
2414,4868,776,422.46,Wallet,Success,2025-01-11
2415,2494,1503,375.45,Card,Success,2025-03-01
2416,8786,483,440.86,Wallet,Pending,2025-01-27
2417,4026,965,91.8,Card,Success,2025-02-21
2418,6037,1812,415.03,Wallet,Success,2025-01-17
2419,3521,1490,265.43,Wallet,Failed,2025-02-09
2420,9789,1516,164.79,Wallet,Success,2025-01-01
2421,9474,1306,128.64,Cash,Pending,2025-01-02
2422,7229,1356,310.96,Wallet,Success,2025-02-22
2423,2318,290,141.63,Card,Pending,2025-03-01
2424,6725,50,374.19,UPI,Success,2025-02-07
2425,9137,1602,36.45,Cash,Success,2025-01-05
2426,6574,516,381.78,Cash,Pending,2025-01-07
2427,9867,1104,78.93,Cash,Success,2025-02-03
2428,1987,1464,487.63,Cash,Success,2025-01-29
2429,4561,1588,397.6,Card,Failed,2025-01-29
2430,2847,862,159.45,Cash,Success,2025-01-10
2431,4279,1528,33.62,Wallet,Success,2025-01-13
2432,3813,145,101.3,Cash,Success,2025-03-03
2433,3451,1825,132.56,Cash,Pending,2025-02-10
2434,9390,395,452.78,UPI,Pending,2025-01-25
2435,1965,657,412.97,Wallet,Success,2025-01-31
2436,3979,760,206.73,Cash,Success,2025-01-28
2437,6183,1061,405.18,Wallet,Success,2025-01-30
2438,1631,191,330.45,Cash,Pending,2025-01-12
2439,8870,1291,184.7,Cash,Success,2025-01-13
2440,1301,36,440.96,UPI,Pending,2025-02-22
2441,4838,1951,129.44,Wallet,Pending,2025-02-23
2442,1036,483,472.26,Wallet,Failed,2025-01-17
2443,839,760,456.55,Card,Failed,2025-02-15
2444,6461,679,177.04,Card,Failed,2025-02-12
2445,4548,199,420.9,Cash,Failed,2025-02-05
2446,362,1281,499.73,Cash,Pending,2025-01-21
2447,2879,1417,195.43,Cash,Failed,2025-02-17
2448,2794,1800,40.53,Card,Pending,2025-02-09
2449,9305,1256,395.87,UPI,Success,2025-01-02
2450,6989,1867,428.84,Card,Failed,2025-01-19
2451,8890,646,460.24,Wallet,Success,2025-02-20
2452,4418,1935,251.44,Cash,Failed,2025-01-10
2453,9744,550,486.56,Wallet,Success,2025-02-26
2454,3943,1946,148.01,Wallet,Failed,2025-02-16
2455,4852,1737,287.63,Cash,Pending,2025-01-17
2456,9199,689,451.72,Card,Pending,2025-02-13
2457,6944,1557,39.15,Wallet,Failed,2025-02-23
2458,7460,1445,317.32,UPI,Pending,2025-01-09
2459,2995,604,365.44,Cash,Failed,2025-02-03
2460,603,977,35.83,UPI,Pending,2025-01-09
2461,5620,164,264.53,Wallet,Failed,2025-02-12
2462,8172,1618,206.78,Cash,Success,2025-01-18
2463,9863,156,240.09,Wallet,Failed,2025-01-10
2464,1503,566,215.35,Wallet,Success,2025-01-09
2465,3635,325,332.22,Card,Failed,2025-01-31
2466,4534,1421,105.25,Wallet,Pending,2025-01-26
2467,9281,574,105.78,UPI,Success,2025-01-12
2468,3008,327,427.15,Card,Success,2025-02-10
2469,5860,625,453.83,Card,Success,2025-02-19
2470,3818,1832,70.78,UPI,Success,2025-01-09
2471,5100,1060,87.41,UPI,Pending,2025-02-28
2472,6206,1749,133.97,Wallet,Failed,2025-01-30
2473,8853,688,292.51,Wallet,Success,2025-02-28
2474,715,890,115.29,UPI,Success,2025-01-18
2475,8389,1944,236.84,Wallet,Failed,2025-01-15
2476,8106,197,387.23,Wallet,Failed,2025-01-23
2477,851,1261,307.34,UPI,Pending,2025-01-17
2478,9373,173,75.2,UPI,Pending,2025-02-21
2479,9917,405,358.73,Card,Success,2025-01-13
2480,5866,715,247.81,UPI,Success,2025-01-14
2481,2472,660,368.06,Wallet,Failed,2025-01-06
2482,8229,246,470.07,Card,Success,2025-02-21
2483,5550,462,280.53,Cash,Failed,2025-01-03
2484,728,1476,180.47,UPI,Success,2025-01-01
2485,4471,1737,251.26,Cash,Success,2025-01-25
2486,905,330,457.15,Cash,Pending,2025-02-07
2487,2829,1596,87.89,Card,Failed,2025-02-04
2488,3590,1,205.73,UPI,Failed,2025-02-22
2489,5405,653,473.31,Wallet,Success,2025-02-07
2490,3479,662,107.31,Card,Pending,2025-02-18
2491,2902,1173,279.95,Cash,Pending,2025-01-27
2492,2800,440,164.6,Card,Failed,2025-01-24
2493,9111,1743,90.74,Card,Failed,2025-01-27
2494,6457,125,309.98,Card,Pending,2025-02-17
2495,8498,1111,468.29,Cash,Pending,2025-02-25
2496,7201,349,251.6,Cash,Failed,2025-01-16
2497,7939,1422,353.18,Card,Pending,2025-01-27
2498,315,1666,42.41,Cash,Success,2025-01-26
2499,3246,583,451.93,Card,Success,2025-03-02
2500,7169,1424,462.55,Cash,Failed,2025-01-07
2501,1506,1980,69.88,Cash,Success,2025-02-25
2502,9573,993,238.77,Wallet,Success,2025-01-21
2503,171,1620,304.78,Wallet,Failed,2025-01-29
2504,2188,1109,408.68,Card,Pending,2025-01-28
2505,6225,1721,460.12,Wallet,Pending,2025-01-26
2506,9778,1122,324.57,Wallet,Failed,2025-01-08
2507,9862,1247,469.92,Cash,Failed,2025-02-22
2508,1737,426,402.59,UPI,Success,2025-02-28
2509,733,1316,428.67,Cash,Failed,2025-02-24
2510,7195,1911,87.46,Card,Pending,2025-02-28
2511,4727,736,140.76,Card,Failed,2025-02-02
2512,6662,627,286.83,Card,Success,2025-01-30
2513,7467,12,225.67,UPI,Success,2025-02-03
2514,4633,238,275.9,Cash,Pending,2025-02-06
2515,6586,1232,304.97,UPI,Pending,2025-02-17
2516,5926,973,366.54,Cash,Failed,2025-01-04
2517,5053,737,372.34,UPI,Failed,2025-01-14
2518,7070,1742,485.19,Cash,Failed,2025-01-20
2519,8742,940,185.87,Cash,Success,2025-01-08
2520,3271,188,340.74,Wallet,Success,2025-02-23
2521,572,222,93.5,Cash,Success,2025-02-17
2522,8290,234,414.02,Card,Failed,2025-02-07
2523,238,1581,335.05,Cash,Success,2025-01-19
2524,4053,1704,271.92,Wallet,Failed,2025-02-16
2525,9378,1216,445.76,Wallet,Success,2025-01-01
2526,7856,1507,151.64,Card,Success,2025-01-08
2527,9287,1192,294.68,UPI,Failed,2025-01-22
2528,2597,1781,214.32,Card,Pending,2025-01-03
2529,4206,332,44.89,UPI,Success,2025-01-01
2530,5411,533,391.68,Card,Success,2025-02-25
2531,907,1707,301.74,Cash,Pending,2025-01-29
2532,7415,1088,447.57,Wallet,Failed,2025-02-01
2533,3996,423,355.17,Wallet,Pending,2025-03-02
2534,3089,1482,286.23,UPI,Success,2025-02-26
2535,3886,1564,55.99,Wallet,Pending,2025-02-28
2536,9504,282,438.91,UPI,Pending,2025-02-08
2537,478,781,316.66,Wallet,Success,2025-02-04
2538,4071,426,302.51,Wallet,Pending,2025-02-10
2539,8049,1061,322.4,Wallet,Success,2025-02-03
2540,164,1689,229.94,UPI,Success,2025-02-02
2541,5214,112,181.53,Wallet,Failed,2025-01-18
2542,1174,1749,133.05,Card,Pending,2025-02-11
2543,5209,625,149.86,Card,Pending,2025-02-23
2544,3973,644,222.16,Card,Pending,2025-01-03
2545,2116,1141,317.21,Card,Pending,2025-01-04
2546,7981,662,431.26,Cash,Pending,2025-02-06
2547,5367,874,366.63,Card,Pending,2025-02-25
2548,7503,1044,47.53,UPI,Pending,2025-01-16
2549,6851,1689,50.42,Wallet,Pending,2025-01-09
2550,2018,1113,66.74,Card,Success,2025-01-11
2551,4157,610,418.57,Card,Pending,2025-01-17
2552,9917,1683,322.64,Cash,Success,2025-02-18
2553,8383,1079,315.82,UPI,Pending,2025-02-03
2554,3243,346,466.73,Card,Success,2025-01-21
2555,9293,1994,257.61,UPI,Failed,2025-03-02
2556,6740,1515,76.22,UPI,Failed,2025-01-28
2557,3747,731,70.25,Cash,Success,2025-01-08
2558,8395,1123,453.17,Card,Pending,2025-02-25
2559,1632,430,263.61,Cash,Pending,2025-01-08
2560,4257,787,467.75,Card,Pending,2025-01-18
2561,5654,1906,260.52,Cash,Success,2025-02-10
2562,7773,1923,325.02,UPI,Failed,2025-01-24
2563,5141,1520,268.12,Card,Pending,2025-02-24
2564,7405,562,470.96,UPI,Pending,2025-02-04
2565,1774,1490,486.69,Card,Success,2025-01-20
2566,6118,1686,449.48,Card,Success,2025-02-26
2567,9249,176,212.96,Card,Failed,2025-01-13
2568,1909,1152,441.25,UPI,Failed,2025-01-31
2569,7905,268,181.42,Cash,Success,2025-01-15
2570,5618,435,400.61,UPI,Failed,2025-02-22
2571,3121,650,485.04,UPI,Success,2025-02-09
2572,6653,1068,469.19,Wallet,Failed,2025-01-25
2573,4414,609,209.42,Wallet,Pending,2025-03-03
2574,4062,1271,250.22,Cash,Pending,2025-01-23
2575,9750,1928,186.04,UPI,Failed,2025-02-04
2576,8784,1008,423.34,UPI,Success,2025-01-03
2577,4495,586,362.24,Cash,Failed,2025-02-13
2578,197,1098,406.36,Card,Success,2025-02-19
2579,5527,80,371.17,Wallet,Success,2025-02-13
2580,808,1644,387.44,Cash,Failed,2025-02-25
2581,3404,271,203.68,Wallet,Failed,2025-02-17
2582,1106,1725,368.67,Cash,Pending,2025-02-18
2583,2660,1248,499.63,Wallet,Success,2025-01-20
2584,8277,1979,480.55,UPI,Pending,2025-01-02
2585,9672,1324,371.29,UPI,Failed,2025-01-01
2586,7915,127,135.38,UPI,Pending,2025-01-02
2587,2857,413,253.19,UPI,Failed,2025-02-19
2588,1725,566,180.41,Card,Success,2025-02-08
2589,664,1330,494.08,Cash,Success,2025-03-02
2590,8791,1143,178.29,Card,Success,2025-02-15
2591,3368,1066,107.96,Card,Failed,2025-01-30
2592,4194,1811,295.16,Wallet,Success,2025-02-27
2593,4915,286,441.49,Card,Success,2025-01-21
2594,8580,1248,169.97,Wallet,Failed,2025-01-28
2595,4388,1394,409.72,Cash,Failed,2025-01-26
2596,6025,681,444.79,UPI,Success,2025-02-25
2597,6646,119,409.29,UPI,Pending,2025-01-01
2598,3336,1149,135.09,Card,Success,2025-03-01
2599,3519,1680,86.99,Cash,Pending,2025-02-19
2600,5590,111,314.75,UPI,Success,2025-01-24
2601,4110,1998,332.16,Cash,Success,2025-01-08
2602,1963,447,434.93,Cash,Success,2025-01-30
2603,6297,1463,120.73,Wallet,Pending,2025-01-13
2604,9136,1618,131.88,Card,Failed,2025-01-15
2605,7472,1891,131.29,Card,Success,2025-03-02
2606,7340,1941,120.23,UPI,Success,2025-02-18
2607,3172,1734,101.1,Wallet,Failed,2025-01-31
2608,7772,1768,376.61,Wallet,Success,2025-01-06
2609,7656,1139,223.51,Wallet,Success,2025-02-02
2610,1734,1176,436.2,Card,Failed,2025-01-16
2611,5645,1022,30.01,Cash,Success,2025-01-14
2612,2337,259,338.33,Cash,Success,2025-02-10
2613,3510,96,423.48,Cash,Failed,2025-01-21
2614,2687,1116,114.22,Cash,Success,2025-01-27
2615,9702,1660,267.22,Card,Failed,2025-02-05
2616,4618,1176,157.73,UPI,Pending,2025-01-25
2617,4350,174,161.71,Wallet,Pending,2025-02-25
2618,8689,340,167.88,UPI,Failed,2025-02-06
2619,2310,88,110.33,Card,Pending,2025-01-19
2620,5421,671,421.02,Wallet,Success,2025-02-05
2621,5147,1137,110.71,Wallet,Success,2025-01-26
2622,2986,1953,492.96,Cash,Success,2025-01-28
2623,4037,27,489.13,Wallet,Success,2025-01-04
2624,3550,1184,137.64,Wallet,Pending,2025-01-17
2625,286,181,191.51,Cash,Failed,2025-02-15
2626,5995,1848,341.74,UPI,Failed,2025-01-24
2627,2165,285,472.12,Wallet,Failed,2025-02-22
2628,8012,403,173.21,Card,Pending,2025-01-27
2629,7235,998,80.93,Wallet,Pending,2025-01-31
2630,6474,333,90.39,Cash,Failed,2025-03-01
2631,3813,472,465.26,UPI,Success,2025-01-04
2632,4506,439,89.7,Wallet,Failed,2025-02-21
2633,6542,229,30.69,UPI,Success,2025-01-20
2634,3436,1188,77.07,Cash,Success,2025-02-22
2635,7112,1523,320.33,Cash,Failed,2025-01-28
2636,8171,638,369.26,UPI,Success,2025-02-17
2637,5174,1524,308.7,Cash,Failed,2025-02-16
2638,4065,1094,160.99,UPI,Failed,2025-02-06
2639,2125,997,84.08,Cash,Success,2025-02-03
2640,1841,1958,284.59,UPI,Pending,2025-01-12
2641,1839,1745,119.88,Wallet,Failed,2025-02-21
2642,2206,1223,412.81,Card,Pending,2025-03-02
2643,2625,85,212.96,Card,Success,2025-01-28
2644,9973,738,470.49,Card,Success,2025-01-23
2645,7844,467,67.4,Card,Success,2025-02-06
2646,4674,671,400.63,Wallet,Failed,2025-03-01
2647,1743,583,497.03,Cash,Failed,2025-01-24
2648,3502,1278,336.31,Wallet,Success,2025-01-04
2649,2585,84,246.17,Cash,Failed,2025-02-02
2650,6279,1482,485.57,Wallet,Success,2025-01-11
2651,6953,1649,359.08,Wallet,Success,2025-03-03
2652,7604,1057,489.9,Card,Success,2025-02-03
2653,8937,1415,134.93,UPI,Success,2025-01-14
2654,2410,645,71.38,UPI,Success,2025-01-27
2655,3870,335,401.08,Wallet,Success,2025-01-18
2656,6975,555,479.96,UPI,Success,2025-02-19
2657,3124,662,164.93,Wallet,Pending,2025-01-13
2658,4359,1084,176.35,Card,Failed,2025-02-20
2659,6178,497,165.93,Cash,Success,2025-02-22
2660,8371,715,324.28,UPI,Success,2025-01-13
2661,6560,1441,399.03,Cash,Success,2025-02-11
2662,3744,254,330.2,Cash,Success,2025-02-07
2663,1689,1237,307.02,Cash,Failed,2025-02-15
2664,2169,599,69,UPI,Pending,2025-01-19
2665,9337,1944,334.7,UPI,Pending,2025-02-02
2666,7099,110,30.28,UPI,Pending,2025-03-01
2667,8963,1347,252.25,Wallet,Pending,2025-02-14
2668,2600,1461,87.93,Wallet,Success,2025-01-24
2669,8451,1812,465.32,Card,Failed,2025-01-03
2670,2861,712,240.1,UPI,Pending,2025-02-12
2671,9603,1044,162.01,Wallet,Failed,2025-01-01
2672,1156,1871,132.1,Wallet,Failed,2025-02-12
2673,1299,1882,268.71,Card,Pending,2025-01-15
2674,678,1664,214.42,Wallet,Success,2025-02-10
2675,4511,135,430.27,Cash,Failed,2025-01-06
2676,5869,1382,296.95,Cash,Failed,2025-01-27
2677,3735,316,289.79,UPI,Success,2025-02-13
2678,5551,144,249.04,UPI,Failed,2025-02-21
2679,8325,1121,79.6,UPI,Success,2025-02-18
2680,666,1045,322.78,Card,Pending,2025-01-11
2681,8163,1996,178.02,Wallet,Pending,2025-03-02
2682,833,1715,96.81,Wallet,Failed,2025-02-10
2683,5150,1927,176.43,UPI,Success,2025-01-19
2684,7281,125,412.78,UPI,Failed,2025-01-29
2685,6269,471,383.8,Cash,Pending,2025-01-01
2686,7906,1716,478.07,Card,Success,2025-02-20
2687,8087,673,92.62,Card,Failed,2025-01-13
2688,696,102,230.1,UPI,Failed,2025-01-14
2689,4347,1489,427.16,UPI,Success,2025-01-16
2690,1078,320,43.93,Wallet,Pending,2025-02-11
2691,8753,538,199.56,UPI,Pending,2025-01-24
2692,4076,911,88.82,Cash,Pending,2025-02-09
2693,7344,1353,416.11,UPI,Failed,2025-01-29
2694,8160,1369,385.97,Wallet,Success,2025-01-10
2695,1149,1424,443.16,Card,Pending,2025-02-14
2696,7217,9,157.96,Wallet,Success,2025-01-04
2697,6300,979,399.22,Cash,Success,2025-01-01
2698,2118,1816,258.57,Card,Success,2025-02-03
2699,811,433,187.2,Cash,Pending,2025-01-07
2700,5714,1608,339.75,Card,Success,2025-01-08
2701,1033,1776,303.07,Wallet,Success,2025-01-05
2702,3640,260,232.81,Card,Failed,2025-02-01
2703,8061,1803,248.74,Wallet,Success,2025-02-03
2704,908,1065,234.83,Card,Pending,2025-02-12
2705,8804,131,299.69,UPI,Pending,2025-01-05
2706,2556,1000,427.13,Wallet,Success,2025-02-14
2707,1456,1627,383.35,Card,Success,2025-02-21
2708,5737,1505,356.66,UPI,Pending,2025-01-03
2709,6574,393,399.39,UPI,Pending,2025-01-02
2710,1256,261,142.93,UPI,Pending,2025-01-23
2711,6740,889,381.11,Wallet,Success,2025-02-21
2712,8134,1784,338.83,Card,Pending,2025-02-12
2713,7142,1941,158,UPI,Pending,2025-01-06
2714,1564,83,281.54,Cash,Success,2025-02-02
2715,3900,1891,483.27,Cash,Success,2025-01-04
2716,6152,454,145.09,Card,Pending,2025-02-26
2717,1852,217,313.75,Cash,Success,2025-01-30
2718,3619,869,93.42,Cash,Failed,2025-01-10
2719,3367,571,73.81,Cash,Failed,2025-02-02
2720,1216,1805,455.28,Cash,Success,2025-01-22
2721,5171,44,287.73,Card,Success,2025-02-20
2722,6474,1189,203.39,UPI,Pending,2025-02-06
2723,78,694,310.21,Wallet,Success,2025-02-07
2724,6362,1225,339.34,Wallet,Failed,2025-02-10
2725,2708,1536,475.45,Cash,Failed,2025-01-18
2726,728,1846,350.14,Card,Failed,2025-02-11
2727,6190,854,62.58,Card,Pending,2025-01-22
2728,644,600,66.98,Cash,Success,2025-01-09
2729,8863,783,215.74,Card,Pending,2025-01-01
2730,9089,391,238.82,Cash,Pending,2025-02-14
2731,4943,302,158.79,Wallet,Success,2025-02-25
2732,374,1619,243.73,UPI,Pending,2025-02-10
2733,4220,1861,474.81,Card,Pending,2025-02-03
2734,5614,555,336.22,Wallet,Success,2025-02-11
2735,1877,668,122.36,Wallet,Pending,2025-02-18
2736,761,638,394.13,Wallet,Failed,2025-01-07
2737,3005,1404,472.39,Wallet,Pending,2025-01-19
2738,7262,1192,100.16,UPI,Failed,2025-02-23
2739,8068,1477,179.75,Card,Failed,2025-01-10
2740,8820,942,479.01,UPI,Pending,2025-02-21
2741,6970,822,429.13,Card,Pending,2025-01-31
2742,8859,1194,176.42,Card,Success,2025-01-02
2743,5175,907,431.63,UPI,Pending,2025-01-15
2744,9264,172,468.28,Cash,Pending,2025-01-06
2745,1326,937,267.45,Cash,Success,2025-01-14
2746,7687,221,330.19,Wallet,Pending,2025-02-16
2747,9456,216,414.9,Card,Pending,2025-02-05
2748,9160,1381,446.57,Cash,Failed,2025-01-13
2749,8532,842,349.48,UPI,Pending,2025-02-22
2750,7095,1453,320.07,Card,Success,2025-02-03
2751,6324,246,124.93,Wallet,Success,2025-02-19
2752,2616,318,233.77,UPI,Success,2025-02-02
2753,6034,1717,237.19,UPI,Pending,2025-01-18
2754,7713,452,495.81,Cash,Success,2025-02-14
2755,8889,18,101.1,Card,Pending,2025-02-21
2756,684,1094,471.73,UPI,Success,2025-01-26
2757,8877,314,412.66,Cash,Success,2025-01-29
2758,3453,905,69.39,UPI,Pending,2025-02-26
2759,7873,274,270.6,Wallet,Failed,2025-02-27
2760,2620,190,309.36,Cash,Failed,2025-01-19
2761,540,1649,448.75,Card,Success,2025-01-16
2762,4457,1480,172.39,Wallet,Failed,2025-02-12
2763,773,589,410.78,Cash,Failed,2025-01-24
2764,1216,360,99.56,UPI,Success,2025-02-05
2765,4438,1937,186.48,Card,Failed,2025-02-06
2766,6106,1369,68.9,Card,Pending,2025-01-08
2767,644,176,289.97,Wallet,Success,2025-02-19
2768,9183,1324,270.25,UPI,Success,2025-02-27
2769,9301,1052,461.37,Wallet,Failed,2025-01-24
2770,7605,255,218.94,Wallet,Failed,2025-02-09
2771,6287,304,337.49,UPI,Success,2025-01-24
2772,7225,220,224.29,UPI,Pending,2025-02-21
2773,4877,157,59.05,UPI,Pending,2025-03-01
2774,919,791,297.05,UPI,Pending,2025-02-28
2775,292,1905,299.12,Card,Success,2025-01-06
2776,8331,1573,202.27,UPI,Pending,2025-01-16
2777,951,1340,163.08,Card,Success,2025-02-11
2778,2244,777,79.84,UPI,Failed,2025-02-20
2779,1498,1188,143.25,Cash,Success,2025-01-22
2780,1372,124,96.63,Card,Failed,2025-01-23
2781,1890,198,242.01,UPI,Failed,2025-02-02
2782,7003,1019,40.97,Card,Success,2025-02-21
2783,7215,1916,231.72,Wallet,Failed,2025-03-01
2784,737,820,65.8,UPI,Failed,2025-01-22
2785,6218,336,145.21,Wallet,Pending,2025-02-01
2786,4575,248,458.73,Cash,Success,2025-01-06
2787,7856,1245,243.64,Card,Failed,2025-01-21
2788,2137,134,115.1,UPI,Pending,2025-01-28
2789,4626,1962,220.86,Cash,Failed,2025-02-18
2790,1449,1891,87.32,UPI,Failed,2025-01-19
2791,3683,914,398.77,Wallet,Success,2025-01-24
2792,6569,1653,250.83,Wallet,Success,2025-02-04
2793,7299,689,324.69,Wallet,Success,2025-02-20
2794,8003,939,354.95,UPI,Failed,2025-01-20
2795,7960,898,100.5,Card,Failed,2025-01-30
2796,5938,807,137.83,UPI,Pending,2025-01-15
2797,5838,1268,273.39,UPI,Success,2025-01-05
2798,5246,9,402.49,Wallet,Success,2025-01-29
2799,7834,250,177.25,Card,Success,2025-01-04
2800,2936,655,40.45,Wallet,Failed,2025-02-08
2801,6954,1567,202.28,Cash,Success,2025-01-10
2802,341,776,448.32,Cash,Success,2025-02-11
2803,5260,1793,131.67,UPI,Success,2025-03-01
2804,1838,1688,372.5,Wallet,Pending,2025-02-09
2805,6765,339,99.97,Cash,Pending,2025-01-30
2806,7650,1174,290.83,UPI,Failed,2025-01-05
2807,6642,614,412.65,Card,Success,2025-01-29
2808,6972,291,198.43,Card,Pending,2025-01-10
2809,9731,846,282.37,Wallet,Failed,2025-01-03
2810,6773,252,332.78,Card,Pending,2025-01-16
2811,1795,1787,211.56,Card,Pending,2025-02-06
2812,5988,1991,207.58,Cash,Success,2025-02-06
2813,9689,1018,84.1,UPI,Failed,2025-01-30
2814,3573,1730,473.51,Card,Pending,2025-02-18
2815,2547,804,253.45,Cash,Pending,2025-01-03
2816,8160,25,439.48,UPI,Pending,2025-02-17
2817,4734,67,37.64,Wallet,Failed,2025-02-05
2818,2346,1965,67.1,Card,Failed,2025-02-07
2819,8879,47,185.38,UPI,Failed,2025-02-28
2820,5896,1294,124.74,Card,Pending,2025-01-23
2821,5359,1405,467.6,Cash,Success,2025-01-12
2822,7022,1212,102.51,Wallet,Failed,2025-01-07
2823,3380,1345,485.71,Card,Failed,2025-01-07
2824,855,160,445.35,Card,Success,2025-01-20
2825,1317,1232,256.36,Wallet,Pending,2025-02-04
2826,6204,282,301.4,Wallet,Pending,2025-02-04
2827,3472,421,136.29,Card,Success,2025-01-16
2828,6270,650,455.78,Card,Pending,2025-02-06
2829,6978,1730,392.02,Cash,Success,2025-03-01
2830,4569,357,120.85,Wallet,Pending,2025-01-17
2831,8208,538,107.81,Wallet,Pending,2025-01-14
2832,3930,971,229.19,UPI,Failed,2025-01-26
2833,8162,1437,250.7,Card,Success,2025-02-19
2834,9741,1426,352,Card,Success,2025-01-28
2835,3833,1981,370.89,UPI,Failed,2025-01-16
2836,5309,1557,187.85,UPI,Pending,2025-01-09
2837,6378,1667,150.79,Cash,Pending,2025-01-11
2838,5826,189,219.2,UPI,Pending,2025-01-14
2839,9334,1824,245.25,Card,Failed,2025-01-14
2840,2155,1338,301.83,UPI,Failed,2025-01-02
2841,7251,1157,227.83,Card,Success,2025-01-02
2842,4199,1501,280.62,Wallet,Success,2025-02-01
2843,7030,922,424.43,Card,Success,2025-02-01
2844,2933,1223,252.05,Wallet,Pending,2025-02-02
2845,1039,312,363.62,Cash,Pending,2025-01-08
2846,8931,645,245.02,UPI,Pending,2025-01-18
2847,2282,813,143.58,UPI,Pending,2025-01-30
2848,5802,504,60.87,Card,Success,2025-02-18
2849,9949,4,245.17,Cash,Pending,2025-01-04
2850,9132,1259,368.48,UPI,Failed,2025-01-07
2851,2628,851,78.74,Cash,Pending,2025-01-19
2852,3048,1768,308.88,Cash,Failed,2025-02-22
2853,4661,510,460.08,UPI,Success,2025-01-28
2854,8398,761,158.8,Cash,Success,2025-02-14
2855,8787,452,115.89,Card,Failed,2025-02-15
2856,3001,1478,163.03,Wallet,Success,2025-01-17
2857,8230,1882,192.74,Cash,Pending,2025-02-16
2858,7672,230,265.69,Wallet,Success,2025-01-16
2859,6105,408,327.79,UPI,Pending,2025-01-12
2860,9429,1538,124.85,Card,Pending,2025-03-03
2861,1503,830,251.84,Wallet,Pending,2025-01-19
2862,1008,1150,257.18,Card,Pending,2025-01-17
2863,6366,692,270.14,Wallet,Failed,2025-01-19
2864,8261,399,41.62,Cash,Success,2025-02-05
2865,4574,861,371.81,Cash,Pending,2025-01-16
2866,5065,1151,65.52,Cash,Success,2025-02-25
2867,3208,1270,143.89,Wallet,Failed,2025-01-02
2868,5834,502,399.52,Card,Failed,2025-02-03
2869,2485,1910,91.8,UPI,Failed,2025-01-20
2870,7121,1078,146.16,UPI,Success,2025-03-02
2871,7216,1626,361.15,UPI,Failed,2025-01-29
2872,3623,1764,351.06,Wallet,Success,2025-02-24
2873,5434,107,309.99,Wallet,Pending,2025-01-11
2874,74,1047,231.07,Card,Failed,2025-01-25
2875,6897,1547,464.58,UPI,Success,2025-01-06
2876,1571,1977,110.68,Card,Pending,2025-02-15
2877,9373,512,489.57,UPI,Success,2025-02-18
2878,8346,237,382.03,Card,Success,2025-01-02
2879,1996,182,39.12,Card,Failed,2025-01-27
2880,2835,1082,219.25,Card,Pending,2025-01-26
2881,3437,877,385.96,UPI,Success,2025-01-08
2882,1391,61,262.72,UPI,Pending,2025-02-08
2883,1976,709,162.19,Cash,Success,2025-02-21
2884,2732,747,478.01,Wallet,Failed,2025-02-10
2885,3669,1540,296.9,Cash,Success,2025-01-03
2886,5894,72,202.1,UPI,Failed,2025-01-09
2887,4711,1156,308.05,Card,Pending,2025-02-06
2888,8233,436,240.4,UPI,Success,2025-03-02
2889,1135,771,294.05,UPI,Failed,2025-02-25
2890,3286,488,113.4,Cash,Success,2025-02-23
2891,2290,812,433.69,UPI,Failed,2025-01-05
2892,8124,1279,369.46,Cash,Success,2025-01-20
2893,7612,443,150.21,Card,Success,2025-02-06
2894,7558,442,35.09,Wallet,Failed,2025-01-29
2895,1156,1413,457.36,Cash,Pending,2025-01-02
2896,1599,1424,312.85,Cash,Failed,2025-01-04
2897,5100,149,60.94,Wallet,Success,2025-01-31
2898,7619,843,494.28,UPI,Failed,2025-02-16
2899,1568,230,364.09,UPI,Success,2025-01-04
2900,8672,145,423.56,Card,Failed,2025-01-17
2901,5779,1227,448.59,Wallet,Failed,2025-02-09
2902,1585,1466,208.94,UPI,Success,2025-03-01
2903,1297,712,105.39,UPI,Success,2025-01-26
2904,318,1382,300.14,UPI,Pending,2025-03-01
2905,6371,850,266.3,Wallet,Failed,2025-03-02
2906,9040,1920,173.35,Wallet,Pending,2025-03-03
2907,9334,1297,367.74,Card,Pending,2025-02-21
2908,2401,127,116.74,Card,Pending,2025-01-29
2909,8074,1835,86.24,Cash,Success,2025-01-13
2910,6111,1311,384.56,Card,Success,2025-01-01
2911,1049,1533,355.18,Cash,Pending,2025-01-05
2912,5354,384,443.42,Wallet,Failed,2025-01-17
2913,5779,601,332.42,UPI,Pending,2025-02-17
2914,5196,1425,275.31,UPI,Success,2025-03-01
2915,9888,1698,234.12,Wallet,Pending,2025-02-02
2916,4693,778,470.46,Card,Failed,2025-02-07
2917,8249,1218,467.24,UPI,Success,2025-02-23
2918,476,810,277.27,Cash,Failed,2025-01-16
2919,6271,1076,447.59,Cash,Failed,2025-02-06
2920,1344,1534,80.52,Cash,Failed,2025-01-30
2921,4226,842,478.93,Cash,Pending,2025-02-28
2922,3442,82,305.6,Wallet,Failed,2025-02-28
2923,4747,154,402.88,Wallet,Success,2025-01-21
2924,4653,1980,271.81,UPI,Failed,2025-01-25
2925,6623,1242,293.14,UPI,Failed,2025-02-14
2926,8903,1272,414.54,UPI,Success,2025-01-16
2927,3769,921,359.98,Card,Failed,2025-01-12
2928,8212,222,335.09,Cash,Failed,2025-02-26
2929,1938,281,68.6,Cash,Success,2025-01-19
2930,8293,427,139.46,UPI,Success,2025-01-16
2931,3278,789,423.7,Card,Pending,2025-02-05
2932,2487,217,333.78,Card,Failed,2025-01-25
2933,1481,1131,205.79,UPI,Pending,2025-01-14
2934,3874,1486,217.72,Cash,Pending,2025-02-17
2935,7739,1434,213.82,Wallet,Pending,2025-01-30
2936,9004,1950,427.73,UPI,Failed,2025-01-05
2937,1190,1664,425.63,UPI,Pending,2025-01-21
2938,6042,1494,107.96,Cash,Failed,2025-01-17
2939,5270,573,159.46,Wallet,Failed,2025-03-03
2940,2781,1056,277.79,Card,Pending,2025-02-14
2941,1276,1574,157,UPI,Failed,2025-02-14
2942,7142,707,66.51,Card,Pending,2025-02-17
2943,2987,332,88.8,UPI,Success,2025-01-27
2944,6435,1118,363.84,Cash,Success,2025-01-28
2945,6773,818,65.44,Cash,Success,2025-01-26
2946,5951,702,242.12,UPI,Pending,2025-02-12
2947,9176,744,34.01,UPI,Failed,2025-03-03
2948,1062,1213,361.9,Card,Failed,2025-02-22
2949,9347,1184,490.92,Cash,Failed,2025-02-09
2950,9497,1708,362.12,Cash,Pending,2025-01-23
2951,3325,1340,499.39,Cash,Success,2025-01-14
2952,87,347,101.93,Cash,Success,2025-02-18
2953,6042,709,395.34,UPI,Success,2025-01-16
2954,5379,1881,411.79,Cash,Failed,2025-02-22
2955,7536,1503,284.1,Card,Failed,2025-02-07
2956,6535,1762,118.3,UPI,Failed,2025-01-17
2957,4134,508,222.68,Card,Failed,2025-01-16
2958,8013,1293,163.29,Cash,Failed,2025-01-14
2959,6338,684,384.42,Wallet,Success,2025-02-02
2960,7780,1050,296.95,Cash,Pending,2025-01-25
2961,2274,1188,152.58,Cash,Success,2025-02-01
2962,3124,54,151.26,Cash,Pending,2025-01-26
2963,7647,871,287.35,UPI,Pending,2025-02-02
2964,3228,1921,220.7,Cash,Success,2025-02-14
2965,185,916,261.99,Card,Failed,2025-01-18
2966,6432,1927,440.21,Wallet,Success,2025-02-28
2967,3927,1430,382,UPI,Failed,2025-01-07
2968,4724,416,189.86,Wallet,Failed,2025-01-28
2969,2552,1742,406.77,Cash,Pending,2025-02-02
2970,448,661,264.88,Wallet,Success,2025-01-31
2971,6886,332,390.89,Cash,Success,2025-02-03
2972,3596,1286,96.47,Card,Success,2025-01-15
2973,6947,512,315.26,UPI,Pending,2025-01-31
2974,3406,256,59.75,Card,Success,2025-01-20
2975,2600,883,387.07,Card,Failed,2025-01-30
2976,6374,1567,451.73,Wallet,Pending,2025-02-16
2977,7556,211,118.6,UPI,Pending,2025-03-03
2978,6116,1000,249.69,UPI,Pending,2025-02-10
2979,1803,1311,83.6,Card,Success,2025-02-12
2980,6634,1301,156.64,Cash,Success,2025-02-18
2981,4027,509,319.21,Wallet,Pending,2025-01-26
2982,7196,641,131.34,UPI,Failed,2025-02-07
2983,6366,1883,381.18,Card,Pending,2025-01-17
2984,6687,1717,95.1,Wallet,Success,2025-02-15
2985,1273,34,188.87,Card,Pending,2025-02-16
2986,3225,1611,127.23,Wallet,Pending,2025-01-28
2987,6603,191,93.93,Wallet,Pending,2025-01-15
2988,9274,1913,252.28,Cash,Pending,2025-02-24
2989,5339,827,163.54,UPI,Success,2025-03-03
2990,8283,1039,412.74,Cash,Failed,2025-02-16
2991,8791,1802,183.85,Wallet,Success,2025-02-24
2992,1711,1883,139.63,Wallet,Pending,2025-02-12
2993,498,1915,136.52,Wallet,Failed,2025-02-02
2994,8090,269,242.68,Wallet,Failed,2025-01-02
2995,5056,1398,494.77,Cash,Pending,2025-02-03
2996,4001,1382,110.75,Wallet,Success,2025-02-22
2997,9524,892,283.91,Card,Success,2025-02-10
2998,4173,1415,392.26,UPI,Pending,2025-02-03
2999,4414,371,131.15,UPI,Failed,2025-02-14
3000,5082,1339,376.66,UPI,Failed,2025-02-18
3001,7796,879,88.17,UPI,Pending,2025-02-28
3002,1120,825,32.63,Cash,Failed,2025-01-22
3003,4696,110,219.14,Card,Success,2025-01-22
3004,3960,677,473.74,Wallet,Pending,2025-01-13
3005,7307,586,476.97,Wallet,Pending,2025-01-04
3006,880,1217,328.32,UPI,Pending,2025-02-20
3007,1123,992,217.01,Card,Failed,2025-03-02
3008,5084,1980,456.34,UPI,Failed,2025-02-18
3009,4943,1525,458.19,Cash,Pending,2025-02-04
3010,5529,1472,353.87,Cash,Success,2025-01-26
3011,8067,363,279.68,UPI,Pending,2025-02-05
3012,4330,1648,452.67,Wallet,Failed,2025-01-27
3013,7536,1831,260.59,UPI,Success,2025-02-12
3014,9934,1713,150.29,UPI,Failed,2025-01-10
3015,9836,528,357.37,Cash,Success,2025-01-08
3016,6147,782,467.35,Wallet,Success,2025-01-22
3017,1281,196,78.05,Cash,Pending,2025-02-01
3018,8696,1817,53.86,Cash,Pending,2025-01-17
3019,9669,1979,222.19,Wallet,Pending,2025-02-24
3020,4283,743,108.63,Wallet,Success,2025-02-18
3021,835,950,470.7,Cash,Success,2025-02-10
3022,6574,575,57.75,Wallet,Success,2025-02-07
3023,9129,174,383.62,Cash,Failed,2025-01-18
3024,2664,256,130.29,Wallet,Failed,2025-01-24
3025,3724,794,432.03,Wallet,Success,2025-01-05
3026,3346,1525,277.42,Card,Success,2025-01-17
3027,5859,1126,314.32,UPI,Success,2025-01-13
3028,5826,1546,94.34,Card,Pending,2025-01-30
3029,4633,718,305.07,Wallet,Failed,2025-02-13
3030,6147,1963,401.17,Card,Pending,2025-01-15
3031,1266,1096,241.07,Card,Failed,2025-01-15
3032,3661,851,73.12,Wallet,Failed,2025-01-26
3033,8505,1191,278.51,Card,Pending,2025-01-19
3034,2864,1343,31.02,Cash,Success,2025-03-01
3035,6909,351,471.05,Wallet,Success,2025-01-15
3036,655,722,50,Wallet,Failed,2025-02-15
3037,2629,1451,214.9,Cash,Pending,2025-01-16
3038,1683,1736,305.09,Card,Pending,2025-02-01
3039,6286,208,234.3,Wallet,Failed,2025-01-12
3040,5348,1091,177.06,Card,Success,2025-02-19
3041,6345,1832,314.85,Cash,Pending,2025-02-10
3042,6179,1272,49.15,Cash,Success,2025-01-04
3043,8164,840,410.2,Cash,Success,2025-01-30
3044,5081,1550,95.53,Wallet,Failed,2025-01-03
3045,4452,810,386.71,Cash,Success,2025-01-25
3046,1636,1066,334,UPI,Success,2025-02-11
3047,5420,700,190.18,Wallet,Success,2025-01-19
3048,238,386,404.07,Card,Success,2025-02-17
3049,9763,1150,356.28,UPI,Success,2025-01-02
3050,9657,445,315.27,Wallet,Pending,2025-01-22
3051,2373,1212,78,Card,Success,2025-01-10
3052,8612,253,267.58,Card,Failed,2025-01-12
3053,7373,350,291.35,Wallet,Failed,2025-01-09
3054,2413,1709,496.51,Card,Success,2025-01-13
3055,2014,381,121.7,Cash,Pending,2025-01-03
3056,3890,890,454.48,Card,Success,2025-02-21
3057,7603,843,246.43,UPI,Success,2025-01-02
3058,4043,1235,89.3,Wallet,Success,2025-02-20
3059,1370,147,491.01,Card,Success,2025-01-31
3060,1223,409,469.96,UPI,Pending,2025-02-15
3061,9714,1264,84.28,UPI,Failed,2025-02-03
3062,8177,586,294.11,Cash,Success,2025-02-25
3063,4426,1770,256.07,Card,Pending,2025-02-26
3064,2006,1352,375.32,UPI,Failed,2025-01-05
3065,9576,1034,358.41,Wallet,Failed,2025-01-12
3066,9522,297,186.23,Card,Success,2025-01-31
3067,4139,629,148.64,Cash,Success,2025-01-10
3068,4488,123,474.27,Card,Pending,2025-01-28
3069,1723,1185,462.69,Card,Pending,2025-02-09
3070,2680,87,170.41,UPI,Pending,2025-02-14
3071,172,1266,402.49,UPI,Failed,2025-02-28
3072,1498,1935,287.42,UPI,Success,2025-01-10
3073,6236,1419,326.16,Card,Success,2025-02-16
3074,7184,1882,151.91,Card,Pending,2025-01-14
3075,9776,1048,317.35,Wallet,Failed,2025-02-02
3076,2659,1057,359.11,Card,Failed,2025-01-13
3077,8873,1014,39.69,Card,Failed,2025-02-27
3078,8123,316,69.36,Card,Success,2025-01-22
3079,6015,1712,107.05,Wallet,Success,2025-01-17
3080,5958,655,324.48,Wallet,Pending,2025-02-20
3081,3556,427,293.42,Wallet,Success,2025-01-27
3082,2462,285,229.46,Wallet,Failed,2025-02-25
3083,5030,85,468.49,UPI,Success,2025-02-02
3084,4189,1757,449.75,Wallet,Success,2025-02-25
3085,5499,1598,389.42,Card,Success,2025-01-01
3086,3276,396,40.71,Cash,Success,2025-01-10
3087,3148,1741,335.08,Wallet,Failed,2025-01-31
3088,2934,1429,178.22,Cash,Failed,2025-02-26
3089,1722,555,308.75,Card,Pending,2025-01-14
3090,7588,959,215.95,UPI,Pending,2025-01-17
3091,9317,1629,350.46,UPI,Success,2025-01-12
3092,4672,66,195.98,Cash,Pending,2025-01-30
3093,8809,936,411.19,UPI,Success,2025-02-22
3094,9556,1517,384.69,UPI,Failed,2025-01-17
3095,4669,1730,407.65,Wallet,Pending,2025-02-03
3096,3870,426,331.7,Wallet,Pending,2025-01-17
3097,1209,302,240.14,UPI,Success,2025-01-11
3098,8174,1608,297.41,Card,Failed,2025-01-30
3099,1364,1399,283.09,Wallet,Success,2025-01-10
3100,4607,1068,259.65,UPI,Failed,2025-02-11
3101,5750,881,89.02,Cash,Pending,2025-01-18
3102,9321,1521,439,Wallet,Failed,2025-02-27
3103,7810,581,345.25,Cash,Pending,2025-01-14
3104,9994,1748,320.77,UPI,Success,2025-01-16
3105,1237,1800,57.85,Cash,Pending,2025-01-13
3106,1088,298,371.57,Card,Success,2025-02-12
3107,4941,1064,84.57,UPI,Failed,2025-02-15
3108,5623,927,145.82,Wallet,Pending,2025-02-22
3109,6141,601,133.97,UPI,Success,2025-01-03
3110,1925,1983,298.8,Cash,Success,2025-03-01
3111,1498,1485,213.44,UPI,Failed,2025-03-01
3112,392,1421,142.01,Card,Failed,2025-02-01
3113,4458,213,89.04,Card,Success,2025-02-19
3114,9110,710,327.75,Wallet,Success,2025-02-04
3115,5692,1340,308.08,Cash,Success,2025-03-01
3116,7285,109,46.22,Wallet,Failed,2025-01-07
3117,5324,998,149.79,Cash,Success,2025-02-08
3118,4802,256,491.45,UPI,Success,2025-01-17
3119,5784,1115,110.32,Cash,Success,2025-03-01
3120,680,1184,178.66,UPI,Failed,2025-01-15
3121,240,421,477.32,Wallet,Success,2025-01-06
3122,9872,191,228.52,Card,Failed,2025-01-31
3123,2274,1308,406.92,Wallet,Pending,2025-02-18
3124,9129,1969,391.22,Wallet,Success,2025-01-29
3125,6950,858,126.22,Card,Success,2025-01-10
3126,5092,811,199.31,Cash,Pending,2025-01-06
3127,8461,812,257.03,Card,Pending,2025-01-31
3128,8609,84,430.51,Cash,Success,2025-02-23
3129,5457,720,31.45,Card,Success,2025-02-25
3130,5244,1175,222.33,UPI,Failed,2025-02-23
3131,1859,822,265.19,Wallet,Success,2025-01-16
3132,7211,976,384.41,Card,Pending,2025-01-16
3133,6570,1355,283.12,Card,Failed,2025-01-25
3134,8420,835,305.61,Cash,Pending,2025-01-18
3135,3714,886,454.49,Card,Failed,2025-02-20
3136,6383,1626,36.79,Card,Pending,2025-02-22
3137,124,1208,378.56,Wallet,Pending,2025-02-05
3138,2985,631,39.51,Cash,Success,2025-02-10
3139,896,648,465.46,Card,Pending,2025-01-29
3140,8550,515,80.43,Wallet,Failed,2025-01-02
3141,7128,467,405.37,UPI,Success,2025-01-14
3142,4066,879,74.24,UPI,Pending,2025-01-02
3143,8138,1542,150.89,Card,Pending,2025-02-16
3144,7823,1315,470.25,Wallet,Success,2025-01-23
3145,2560,1951,83.13,Card,Success,2025-02-15
3146,8881,1175,244.37,Card,Failed,2025-01-13
3147,8033,1445,30.15,Cash,Failed,2025-01-12
3148,7913,389,394.79,Wallet,Success,2025-01-27
3149,3264,664,241.78,Cash,Failed,2025-01-18
3150,3611,1945,387.03,Cash,Pending,2025-01-25
3151,7544,1003,460.82,Card,Success,2025-01-03
3152,2688,402,364.17,Cash,Pending,2025-01-04
3153,435,1720,265.53,UPI,Success,2025-01-19
3154,2013,1046,487.78,UPI,Pending,2025-02-06
3155,6297,574,249.99,Cash,Success,2025-03-02
3156,7662,1808,369.51,Cash,Success,2025-03-03
3157,7881,642,157.69,Card,Failed,2025-01-13
3158,958,716,414.64,Cash,Pending,2025-01-11
3159,9936,43,356.31,Cash,Failed,2025-02-20
3160,2839,444,389.9,Card,Pending,2025-01-13
3161,7929,636,499.29,UPI,Failed,2025-02-08
3162,8279,1772,268.25,Cash,Failed,2025-01-15
3163,1590,643,280.67,UPI,Failed,2025-01-03
3164,2564,456,216.09,UPI,Failed,2025-01-24
3165,8352,1538,359.22,Card,Failed,2025-01-09
3166,406,1551,408,Card,Pending,2025-02-10
3167,5181,1646,363.15,Cash,Pending,2025-01-13
3168,6333,350,188.58,Wallet,Failed,2025-01-11
3169,4529,1012,120.16,UPI,Success,2025-01-04
3170,3290,1992,59.62,Wallet,Success,2025-01-22
3171,457,324,169.1,Wallet,Pending,2025-02-10
3172,5954,1382,252.45,Card,Failed,2025-02-27
3173,4866,257,75.3,Card,Pending,2025-01-04
3174,7369,661,132.94,Card,Failed,2025-01-11
3175,6212,982,73.04,Wallet,Pending,2025-02-12
3176,1957,285,123.63,Cash,Pending,2025-01-03
3177,8804,1232,313.53,Wallet,Success,2025-02-09
3178,5167,1108,362.76,Card,Success,2025-01-16
3179,333,443,236.41,Wallet,Failed,2025-02-17
3180,7884,1144,417.5,Card,Success,2025-01-01
3181,9264,498,319.18,Wallet,Success,2025-01-13
3182,4708,1853,492.3,Cash,Pending,2025-01-21
3183,9708,709,466.58,Wallet,Failed,2025-02-16
3184,6252,52,334.89,UPI,Failed,2025-01-12
3185,8276,1423,194.61,Card,Failed,2025-03-01
3186,5806,195,468.5,Wallet,Pending,2025-02-17
3187,1879,1785,229.62,Card,Success,2025-01-04
3188,9055,941,300.84,Card,Pending,2025-02-28
3189,8194,529,40.62,Cash,Success,2025-02-05
3190,8152,368,493.86,Cash,Pending,2025-02-23
3191,7773,747,108.62,Wallet,Failed,2025-01-04
3192,1744,612,49.79,Cash,Pending,2025-01-13
3193,5523,1460,310.76,Card,Success,2025-02-14
3194,8804,281,206.15,UPI,Success,2025-01-13
3195,2741,592,256.32,Wallet,Success,2025-02-06
3196,698,2000,420.95,Card,Success,2025-01-22
3197,5673,879,150.82,Cash,Pending,2025-02-01
3198,1528,9,272.56,Cash,Pending,2025-02-18
3199,435,764,483.51,Wallet,Pending,2025-01-04
3200,8777,656,404.93,UPI,Failed,2025-01-07
3201,2347,997,163.74,Cash,Failed,2025-01-02
3202,9677,785,40.89,UPI,Failed,2025-02-28
3203,3345,384,93.5,UPI,Success,2025-01-25
3204,2228,535,289.29,Cash,Success,2025-03-03
3205,2239,1971,442.09,Wallet,Pending,2025-02-20
3206,8692,891,65.91,Cash,Success,2025-01-17
3207,2049,1810,439.49,Cash,Failed,2025-01-04
3208,7383,998,448.9,Cash,Pending,2025-01-20
3209,7035,479,106.15,UPI,Pending,2025-02-17
3210,7279,248,38.09,Card,Failed,2025-02-06
3211,3421,1990,30.71,UPI,Success,2025-02-26
3212,6298,1261,307.37,Card,Failed,2025-01-29
3213,1282,381,33.42,Wallet,Success,2025-02-04
3214,5708,996,362.71,Card,Success,2025-02-08
3215,6823,187,410.23,Card,Success,2025-01-18
3216,8315,930,135.75,Wallet,Pending,2025-02-21
3217,5662,1959,183.36,Wallet,Success,2025-02-17
3218,2468,415,45.91,UPI,Success,2025-02-24
3219,1915,1230,98.78,Card,Failed,2025-02-25
3220,9677,528,331.99,Cash,Failed,2025-01-14
3221,9897,396,254.91,Card,Pending,2025-01-02
3222,7811,1262,277.82,Wallet,Failed,2025-03-02
3223,3571,142,361.9,Card,Failed,2025-02-27
3224,8314,981,159.94,UPI,Success,2025-02-19
3225,8403,770,315.25,Cash,Pending,2025-01-19
3226,4566,1944,302.64,UPI,Success,2025-01-15
3227,5693,1841,91.36,UPI,Failed,2025-02-04
3228,6077,1294,283.32,Cash,Pending,2025-02-05
3229,4689,477,314.76,Wallet,Pending,2025-02-02
3230,5177,1536,293.45,Card,Pending,2025-02-27
3231,1513,519,86.04,Cash,Failed,2025-01-14
3232,383,1999,393.29,Cash,Pending,2025-01-31
3233,7258,422,351.79,Card,Failed,2025-01-20
3234,8004,529,49.51,Wallet,Failed,2025-01-18
3235,6998,370,314.98,Cash,Success,2025-01-06
3236,4859,31,305,Cash,Success,2025-02-16
3237,9226,1852,442.62,Card,Success,2025-01-27
3238,2680,57,231.47,Card,Pending,2025-02-07
3239,667,193,324.76,Cash,Success,2025-03-02
3240,7178,1621,67.84,Wallet,Pending,2025-03-02
3241,7281,1939,431.54,Card,Pending,2025-02-21
3242,7286,415,42.75,Wallet,Failed,2025-01-04
3243,861,397,337.99,UPI,Success,2025-01-04
3244,3517,190,478.92,Card,Failed,2025-02-06
3245,9811,1566,153.04,Wallet,Success,2025-01-05
3246,5038,1440,59.39,UPI,Pending,2025-02-06
3247,9899,1194,279.05,UPI,Pending,2025-01-27
3248,275,453,75.62,UPI,Success,2025-02-24
3249,6532,761,122.76,Cash,Failed,2025-02-19
3250,8143,26,323.63,Wallet,Success,2025-01-31
3251,1429,1652,186.09,Card,Success,2025-02-20
3252,2465,721,201.93,UPI,Success,2025-02-13
3253,7859,1101,144.93,Cash,Pending,2025-01-09
3254,5585,560,145.29,Wallet,Pending,2025-01-13
3255,4404,1456,286.3,UPI,Success,2025-01-19
3256,327,40,339.35,UPI,Pending,2025-01-20
3257,4812,1271,493.51,UPI,Failed,2025-01-06
3258,1455,1628,311.03,Card,Pending,2025-02-03
3259,8266,1356,207,Card,Success,2025-02-18
3260,6973,897,197.09,Cash,Success,2025-01-16
3261,3429,672,210.11,Wallet,Failed,2025-01-15
3262,7733,1650,45.14,UPI,Success,2025-02-25
3263,831,764,494.85,Wallet,Pending,2025-01-06
3264,3193,1309,396.82,Cash,Failed,2025-02-19
3265,7776,890,423.34,Card,Pending,2025-02-17
3266,8946,284,347.17,Wallet,Pending,2025-02-14
3267,3969,1591,67.67,Card,Pending,2025-02-17
3268,2659,580,234.8,UPI,Success,2025-01-30
3269,8908,202,250.83,UPI,Pending,2025-02-19
3270,4165,1205,370.27,Card,Pending,2025-01-10
3271,5634,1657,395.57,UPI,Success,2025-01-07
3272,2692,1636,192.41,Card,Pending,2025-01-19
3273,9692,380,109.68,Card,Failed,2025-02-16
3274,353,138,432.64,Cash,Pending,2025-01-25
3275,1854,615,338.15,UPI,Failed,2025-01-12
3276,9482,970,282.66,Cash,Success,2025-02-20
3277,445,1993,218.57,UPI,Pending,2025-01-21
3278,9775,1693,459.87,Wallet,Failed,2025-01-27
3279,6989,1170,393.15,Cash,Failed,2025-01-01
3280,6563,1988,253.25,Card,Success,2025-02-12
3281,1388,55,313.91,Wallet,Pending,2025-02-09
3282,4175,785,442.67,UPI,Success,2025-01-09
3283,9617,1367,207.11,Wallet,Failed,2025-01-28
3284,2697,1895,445.86,Card,Failed,2025-02-01
3285,4249,422,376.56,Card,Failed,2025-01-31
3286,1987,297,334.82,UPI,Pending,2025-01-15
3287,6389,61,337.59,Cash,Pending,2025-02-17
3288,7879,1018,144.08,Cash,Failed,2025-01-28
3289,6451,484,271.54,Cash,Success,2025-01-27
3290,9680,1259,307.09,Wallet,Success,2025-01-14
3291,5030,1432,313.33,UPI,Success,2025-01-06
3292,8465,665,235.44,Card,Success,2025-02-09
3293,3279,153,34.32,Cash,Failed,2025-02-01
3294,1921,655,71.7,UPI,Success,2025-01-08
3295,6728,1075,153.6,Cash,Success,2025-02-14
3296,8586,1867,259.47,Card,Failed,2025-02-22
3297,2186,492,450.57,UPI,Pending,2025-01-03
3298,3764,1404,456.3,Cash,Success,2025-02-27
3299,6180,1982,462.88,Card,Pending,2025-02-04
3300,9023,1659,286.49,Wallet,Success,2025-02-25
3301,9150,1901,157.65,Wallet,Failed,2025-02-12
3302,7984,1746,426.1,Card,Pending,2025-02-02
3303,5685,214,263.54,Cash,Success,2025-01-07
3304,5238,192,443.76,UPI,Failed,2025-01-03
3305,7296,299,329.01,UPI,Failed,2025-01-09
3306,2390,1081,182.09,UPI,Pending,2025-02-20
3307,3175,138,360.24,Cash,Failed,2025-01-27
3308,5663,1126,428.53,Cash,Pending,2025-01-21
3309,4951,390,389.74,Card,Success,2025-02-23
3310,8664,689,211.63,Wallet,Failed,2025-02-06
3311,3151,323,102.72,UPI,Failed,2025-02-24
3312,2530,1699,368.42,Wallet,Pending,2025-01-23
3313,5567,738,215.6,Cash,Pending,2025-02-01
3314,6748,1414,136.15,Card,Failed,2025-02-07
3315,6483,635,330.36,Card,Success,2025-02-17
3316,9389,1279,44.55,Cash,Pending,2025-01-22
3317,2576,968,159.64,Wallet,Failed,2025-02-09
3318,1024,770,83.32,Cash,Failed,2025-01-04
3319,1151,718,73.75,Card,Failed,2025-01-30
3320,5936,265,427.27,Card,Success,2025-01-09
3321,1984,254,479.51,UPI,Success,2025-03-03
3322,1351,1142,35.63,Card,Failed,2025-02-14
3323,6229,1266,119.91,UPI,Success,2025-03-01
3324,187,1643,398.51,Wallet,Success,2025-02-11
3325,2469,1771,429.77,UPI,Success,2025-02-20
3326,1657,91,443.56,Wallet,Success,2025-01-01
3327,3596,1372,349.92,Card,Failed,2025-02-20
3328,3156,1898,94.02,Cash,Failed,2025-02-10
3329,9953,714,109.53,Card,Failed,2025-02-18
3330,2081,695,440.02,Cash,Failed,2025-01-04
3331,2716,64,335.02,Cash,Failed,2025-01-12
3332,5164,1848,482.22,Card,Success,2025-01-20
3333,8194,1655,486.73,Wallet,Success,2025-02-24
3334,5827,1009,440.08,Card,Success,2025-03-02
3335,9297,229,151.5,Cash,Pending,2025-02-18
3336,6440,283,353.93,Cash,Success,2025-02-21
3337,6773,425,365.51,UPI,Success,2025-01-23
3338,3596,1064,125.28,UPI,Pending,2025-02-11
3339,9543,1540,483.49,Wallet,Success,2025-02-11
3340,4070,1545,37.32,UPI,Pending,2025-01-16
3341,9127,373,266.41,UPI,Success,2025-02-15
3342,8937,465,57.57,Wallet,Failed,2025-02-07
3343,1503,855,428.61,Cash,Success,2025-02-27
3344,858,6,43.47,Cash,Success,2025-02-28
3345,8010,1926,127.07,Wallet,Failed,2025-02-01
3346,3799,58,257.79,Cash,Pending,2025-01-15
3347,1915,28,161.32,Wallet,Success,2025-02-13
3348,6712,1500,423.17,Wallet,Success,2025-01-18
3349,3647,1233,73.49,UPI,Success,2025-02-03
3350,3490,50,452.76,Card,Failed,2025-02-05
3351,9332,536,135.3,Wallet,Failed,2025-03-03
3352,3962,1565,246.85,UPI,Failed,2025-02-01
3353,6765,1351,72.71,Card,Success,2025-02-13
3354,3993,1519,299.39,Cash,Success,2025-02-06
3355,3527,382,173.83,Wallet,Failed,2025-02-09
3356,3576,504,381.21,Wallet,Pending,2025-02-21
3357,6508,1316,185.25,Wallet,Failed,2025-01-19
3358,1811,1581,209.7,Card,Pending,2025-01-13
3359,4666,969,431.45,Wallet,Pending,2025-01-06
3360,6408,1251,138.74,Wallet,Failed,2025-02-27
3361,6847,774,361.77,UPI,Failed,2025-02-17
3362,1588,1780,32.19,Wallet,Success,2025-02-22
3363,5186,1715,311.04,UPI,Pending,2025-01-31
3364,7784,495,457.12,Wallet,Pending,2025-01-16
3365,1660,1816,374.48,UPI,Failed,2025-02-25
3366,7297,1911,436.34,UPI,Success,2025-01-22
3367,393,1164,86.21,Cash,Failed,2025-02-21
3368,7171,201,235.87,Card,Failed,2025-01-18
3369,4047,1518,384.11,Cash,Pending,2025-02-15
3370,800,2,449.61,Cash,Pending,2025-01-22
3371,8341,1528,201.65,Card,Pending,2025-01-21
3372,2961,897,416.51,Wallet,Pending,2025-01-20
3373,6233,226,232.28,Cash,Success,2025-01-24
3374,2820,792,464.58,Card,Failed,2025-01-23
3375,7340,905,319.09,UPI,Success,2025-01-06
3376,4802,179,92.08,UPI,Success,2025-02-03
3377,8231,1520,285.83,Card,Pending,2025-01-17
3378,3704,35,382.1,Card,Pending,2025-01-05
3379,3765,880,33.75,Cash,Failed,2025-01-20
3380,3845,1093,107.93,Wallet,Success,2025-01-07
3381,36,797,309.65,Cash,Success,2025-02-22
3382,7720,284,137.07,Card,Success,2025-02-15
3383,9270,473,286.73,UPI,Success,2025-01-31
3384,3711,358,72.95,UPI,Success,2025-01-08
3385,7622,1524,191.76,Card,Pending,2025-01-21
3386,6948,1960,411.37,Card,Pending,2025-01-14
3387,7847,188,96.56,Cash,Success,2025-02-11
3388,9889,1368,386.02,Card,Failed,2025-01-19
3389,6667,1525,201.88,Card,Pending,2025-02-16
3390,6176,631,363.61,Wallet,Failed,2025-02-03
3391,7433,1815,266.95,Cash,Failed,2025-02-09
3392,7458,1564,160.26,Wallet,Failed,2025-01-06
3393,4195,1454,421.29,UPI,Success,2025-02-12
3394,2180,218,457.33,Cash,Success,2025-02-08
3395,3072,1618,31.73,Wallet,Failed,2025-01-06
3396,2892,886,324.85,Wallet,Success,2025-02-25
3397,7973,1477,152.35,Card,Failed,2025-02-18
3398,2403,1070,394.76,UPI,Failed,2025-02-03
3399,4455,817,45.96,Wallet,Failed,2025-01-09
3400,1264,1974,204.13,Cash,Success,2025-01-21
3401,6617,1711,239.77,Card,Success,2025-02-06
3402,634,128,208.83,Card,Failed,2025-01-30
3403,4254,1885,352.26,Cash,Success,2025-01-29
3404,6672,474,385.08,Wallet,Pending,2025-02-06
3405,4427,1789,466.06,Wallet,Failed,2025-02-22
3406,8595,928,46.2,Card,Success,2025-03-01
3407,8419,720,476.92,Card,Pending,2025-02-17
3408,5107,1312,425.87,Card,Pending,2025-02-28
3409,6031,1809,469.69,Wallet,Success,2025-02-06
3410,9089,1514,257.14,UPI,Success,2025-02-27
3411,7134,672,76.43,Card,Pending,2025-01-05
3412,6979,648,482.94,Card,Failed,2025-02-22
3413,1028,1870,485.75,Wallet,Pending,2025-01-07
3414,509,1728,164.82,Cash,Success,2025-03-02
3415,4199,1033,62.36,Card,Success,2025-02-27
3416,580,298,161.82,Card,Success,2025-02-20
3417,9957,1057,353.27,UPI,Pending,2025-03-02
3418,9094,1346,460.66,Wallet,Failed,2025-01-20
3419,9510,1473,138.33,Card,Failed,2025-01-06
3420,4967,1548,472.56,Cash,Success,2025-03-02
3421,3252,648,284.69,Wallet,Pending,2025-02-13
3422,5773,206,455.8,UPI,Success,2025-02-18
3423,2628,729,444.54,UPI,Success,2025-02-10
3424,1177,743,218.52,UPI,Success,2025-01-31
3425,8800,167,379.12,Wallet,Success,2025-01-16
3426,1723,825,353.09,UPI,Failed,2025-02-16
3427,6885,994,375.32,UPI,Failed,2025-02-20
3428,6160,967,186.8,Wallet,Success,2025-01-31
3429,5764,1077,334.15,UPI,Pending,2025-02-19
3430,2830,1819,105.37,Card,Failed,2025-01-26
3431,3365,730,386.18,Card,Failed,2025-02-27
3432,506,1569,352.4,Card,Failed,2025-02-08
3433,2400,1619,449.85,Card,Failed,2025-01-08
3434,1805,1363,365.35,UPI,Pending,2025-02-06
3435,5654,197,207.99,UPI,Failed,2025-02-04
3436,2906,1904,54.67,UPI,Failed,2025-01-22
3437,8064,1408,353.13,Card,Failed,2025-01-30
3438,7306,210,201.23,Wallet,Pending,2025-02-21
3439,3263,712,372.91,Card,Success,2025-01-14
3440,6166,328,125.53,Card,Failed,2025-02-26
3441,4757,450,202.07,Wallet,Pending,2025-02-04
3442,5811,1632,441.1,Wallet,Pending,2025-02-11
3443,3031,1480,293.56,Wallet,Failed,2025-02-02
3444,5276,266,251.37,Card,Success,2025-02-04
3445,4135,1544,365.08,Card,Failed,2025-02-09
3446,1925,1565,349.34,UPI,Pending,2025-02-25
3447,2100,51,405.25,UPI,Failed,2025-02-11
3448,7203,923,37.21,Wallet,Pending,2025-03-01
3449,3164,112,480.08,UPI,Success,2025-03-03
3450,1775,512,31.11,Card,Success,2025-02-13
3451,7977,887,273.36,Cash,Success,2025-02-16
3452,810,1728,469.68,Card,Pending,2025-02-28
3453,990,1770,225.11,UPI,Success,2025-01-02
3454,8865,1490,379.17,UPI,Pending,2025-01-20
3455,5543,669,256.69,Wallet,Failed,2025-01-28
3456,1132,1722,109.91,Cash,Failed,2025-02-01
3457,4658,1769,459.64,UPI,Pending,2025-02-19
3458,9910,122,263.35,Cash,Success,2025-01-07
3459,1787,644,284.83,Card,Failed,2025-01-10
3460,4193,1714,99.86,Wallet,Pending,2025-02-24
3461,2587,619,320.42,Card,Pending,2025-01-18
3462,1095,156,72.07,Card,Pending,2025-02-16
3463,7843,1547,369.97,Cash,Pending,2025-02-05
3464,1623,1183,48.91,Cash,Failed,2025-01-04
3465,3810,130,217.81,Card,Success,2025-02-24
3466,5388,79,384.87,Card,Success,2025-02-28
3467,2418,1455,408.18,Cash,Failed,2025-01-08
3468,7417,147,220.63,UPI,Failed,2025-02-12
3469,6511,676,294.11,Cash,Failed,2025-02-10
3470,1051,521,125.01,Card,Success,2025-02-02
3471,7911,1185,459.47,UPI,Failed,2025-01-09
3472,6532,1122,285.38,Card,Success,2025-02-28
3473,7100,1657,367.52,Card,Pending,2025-01-08
3474,1545,890,197.72,UPI,Success,2025-01-30
3475,4863,1124,184.95,Wallet,Success,2025-02-17
3476,6684,1178,173.33,Wallet,Failed,2025-01-16
3477,5742,1432,133.12,UPI,Success,2025-02-21
3478,3622,356,298.29,UPI,Pending,2025-01-09
3479,2820,215,272.55,Wallet,Failed,2025-02-17
3480,5764,607,114.42,Card,Pending,2025-02-27
3481,8352,1352,303.6,Cash,Failed,2025-02-10
3482,2747,597,107.13,Card,Failed,2025-03-02
3483,9907,1940,141.64,Card,Failed,2025-01-19
3484,1994,1950,370.03,Wallet,Success,2025-01-12
3485,1665,1322,262.15,Wallet,Pending,2025-01-31
3486,3792,416,199.64,Wallet,Success,2025-01-25
3487,9235,960,443.04,Cash,Success,2025-01-02
3488,2938,1040,315.49,Card,Success,2025-02-15
3489,3545,1377,112.61,Wallet,Pending,2025-02-06
3490,6633,895,253.7,Wallet,Success,2025-01-15
3491,6524,1407,72.76,Card,Failed,2025-02-23
3492,3637,1426,31.14,UPI,Failed,2025-01-09
3493,9900,1405,414.92,Wallet,Failed,2025-02-03
3494,291,1527,80.85,Cash,Pending,2025-02-01
3495,4824,816,426.65,Cash,Success,2025-02-27
3496,4853,302,87.66,Wallet,Success,2025-02-17
3497,9082,1734,157.94,UPI,Pending,2025-03-01
3498,9708,1822,287.43,Cash,Failed,2025-01-12
3499,7377,122,208.75,Card,Success,2025-02-04
3500,3869,847,177.26,Wallet,Pending,2025-03-01
3501,968,741,484.24,Wallet,Success,2025-01-10
3502,598,1085,201.36,Cash,Success,2025-01-11
3503,714,93,139.21,Wallet,Failed,2025-01-30
3504,6005,155,482.77,Cash,Pending,2025-03-02
3505,1981,1220,476.16,UPI,Success,2025-02-13
3506,4192,598,100.22,UPI,Failed,2025-01-09
3507,8655,1013,403.9,UPI,Pending,2025-01-01
3508,4626,689,218.19,Cash,Pending,2025-02-13
3509,6615,164,88.6,Card,Success,2025-02-06
3510,3111,235,178.02,Wallet,Pending,2025-01-06
3511,4045,1176,122.55,Cash,Pending,2025-01-12
3512,4033,373,345.58,UPI,Failed,2025-02-28
3513,9668,334,222.64,Cash,Pending,2025-01-07
3514,9374,10,276.38,Card,Pending,2025-02-25
3515,3989,1862,254.27,UPI,Failed,2025-02-01
3516,4194,1875,180.27,Card,Success,2025-01-21
3517,7300,472,258.3,Card,Success,2025-02-12
3518,1962,798,228.6,UPI,Pending,2025-01-21
3519,6631,1802,77.83,UPI,Success,2025-02-02
3520,3070,1311,342.36,Cash,Success,2025-02-05
3521,1253,1393,339.52,Cash,Pending,2025-01-08
3522,2457,914,349.86,Wallet,Failed,2025-01-07
3523,9274,1644,255.98,UPI,Failed,2025-03-03
3524,2329,477,253.32,Wallet,Failed,2025-02-28
3525,471,1910,297.56,UPI,Failed,2025-03-02
3526,6473,1636,117.11,Wallet,Success,2025-02-07
3527,7005,231,83.88,Wallet,Pending,2025-01-14
3528,6716,1730,55.21,Wallet,Success,2025-01-16
3529,6002,1580,239.44,Wallet,Pending,2025-01-06
3530,264,1787,171.46,Cash,Failed,2025-02-24
3531,8667,1453,328.83,Wallet,Pending,2025-01-15
3532,2097,1015,237.63,Cash,Success,2025-01-06
3533,9723,1393,184.9,Card,Failed,2025-01-05
3534,6539,734,112.45,Cash,Pending,2025-01-23
3535,6542,276,43.23,Card,Pending,2025-01-02
3536,3107,354,375.14,UPI,Pending,2025-01-25
3537,5465,1520,193.81,UPI,Pending,2025-01-27
3538,6546,383,267.02,Card,Failed,2025-03-01
3539,5534,1478,378.97,Cash,Failed,2025-01-07
3540,5347,1060,156.59,Wallet,Success,2025-01-13
3541,1463,1475,398.51,UPI,Success,2025-02-13
3542,6203,332,160.14,Wallet,Failed,2025-01-20
3543,2611,971,369.68,UPI,Success,2025-02-19
3544,5175,1126,95.41,Card,Failed,2025-02-04
3545,1948,229,333.54,Card,Success,2025-02-23
3546,1062,557,432.56,Cash,Failed,2025-01-02
3547,796,179,105.44,Cash,Pending,2025-02-14
3548,5938,974,376.69,Cash,Success,2025-02-22
3549,4266,203,322.7,Cash,Pending,2025-01-27
3550,5197,845,410.7,Card,Pending,2025-02-17
3551,4555,1986,57.73,UPI,Success,2025-01-19
3552,5655,1356,182.54,Cash,Pending,2025-02-23
3553,8448,1056,362.38,Wallet,Pending,2025-01-17
3554,5482,244,337.7,Card,Pending,2025-02-04
3555,5359,514,431.23,Wallet,Failed,2025-02-05
3556,4426,1121,427.54,Card,Success,2025-01-12
3557,8146,1440,454.69,Card,Failed,2025-01-23
3558,6665,1078,355.88,UPI,Pending,2025-02-03
3559,2408,475,220.88,UPI,Failed,2025-01-24
3560,7219,581,32.15,UPI,Success,2025-02-23
3561,6882,1366,391.69,Cash,Pending,2025-01-23
3562,4568,1176,358.46,UPI,Failed,2025-01-02
3563,7963,1001,60.73,Cash,Success,2025-01-30
3564,8500,1855,299.26,UPI,Failed,2025-01-06
3565,8855,1379,350.05,Card,Success,2025-01-06
3566,2752,288,124.64,Card,Failed,2025-01-12
3567,8551,1383,107.84,Wallet,Failed,2025-02-28
3568,1683,1277,54.75,UPI,Pending,2025-01-04
3569,3201,277,435.93,UPI,Pending,2025-01-04
3570,4580,482,173.5,Cash,Success,2025-02-25
3571,4876,1241,103.48,Cash,Failed,2025-01-31
3572,4030,1610,434.41,Cash,Success,2025-01-10
3573,2518,1755,50.71,Cash,Failed,2025-03-01
3574,8915,1243,461.82,Cash,Failed,2025-02-15
3575,4325,6,249.74,UPI,Pending,2025-01-22
3576,7026,630,84.27,Cash,Failed,2025-02-07
3577,364,549,475.34,Card,Pending,2025-01-23
3578,8776,92,412.3,Cash,Success,2025-01-20
3579,4036,54,480.37,UPI,Success,2025-02-22
3580,1369,1748,159.58,Card,Success,2025-03-01
3581,324,587,386.45,Wallet,Failed,2025-01-28
3582,8006,874,399.46,Cash,Success,2025-01-30
3583,3944,1778,93.29,Cash,Pending,2025-02-26
3584,2848,1572,136.43,UPI,Failed,2025-01-26
3585,9675,1197,405.89,Cash,Failed,2025-02-24
3586,5951,1322,111.69,Wallet,Failed,2025-02-12
3587,3529,1029,461.92,Card,Success,2025-01-23
3588,3024,936,203.53,UPI,Pending,2025-02-27
3589,6938,873,411.03,UPI,Pending,2025-01-31
3590,3021,1653,411.41,Cash,Failed,2025-01-30
3591,8625,1151,497.22,Cash,Failed,2025-03-03
3592,1068,841,391.11,UPI,Success,2025-02-09
3593,9434,1968,365.11,UPI,Success,2025-02-10
3594,4208,724,289.74,Cash,Pending,2025-02-24
3595,7559,1353,183.76,Wallet,Pending,2025-01-14
3596,5219,1701,493.76,Wallet,Pending,2025-02-17
3597,3873,5,193.46,Card,Pending,2025-02-24
3598,8213,1653,176.55,Card,Pending,2025-02-12
3599,3635,1988,496.87,Wallet,Success,2025-02-20
3600,2931,621,181.41,Wallet,Pending,2025-01-28
3601,9622,1377,60.91,Cash,Failed,2025-01-25
3602,950,431,224.55,Cash,Failed,2025-01-26
3603,4019,698,141.82,Wallet,Pending,2025-02-04
3604,6548,1994,414.9,Card,Success,2025-03-02
3605,6219,860,350.39,UPI,Success,2025-01-05
3606,3936,834,402.05,UPI,Failed,2025-02-03
3607,21,803,446.41,UPI,Pending,2025-01-26
3608,2214,614,410.1,Card,Pending,2025-01-03
3609,3277,1058,32.84,Card,Pending,2025-02-21
3610,4512,1160,111.85,Cash,Failed,2025-01-22
3611,7817,934,164.76,Cash,Failed,2025-01-23
3612,5155,1387,495.5,Card,Success,2025-02-24
3613,8031,748,334.67,UPI,Pending,2025-01-25
3614,5525,1814,436.73,Wallet,Success,2025-01-17
3615,3073,100,199.62,UPI,Pending,2025-02-20
3616,1619,827,53.89,Wallet,Pending,2025-01-07
3617,7356,297,174.26,Cash,Pending,2025-02-22
3618,3027,1690,379.56,UPI,Failed,2025-01-02
3619,8431,36,112.83,Wallet,Success,2025-02-06
3620,1922,1327,486.05,Cash,Pending,2025-02-09
3621,7396,1923,94.44,Cash,Failed,2025-01-07
3622,6753,1870,106.21,Card,Failed,2025-02-24
3623,1978,901,429.44,Card,Pending,2025-01-09
3624,5467,162,414.59,Card,Failed,2025-02-18
3625,8489,1167,241.15,UPI,Failed,2025-02-28
3626,6219,1825,296.46,Cash,Success,2025-01-12
3627,7786,142,252.43,Cash,Failed,2025-02-26
3628,4789,597,434.48,Card,Failed,2025-01-18
3629,822,897,130.87,Card,Failed,2025-01-18
3630,6840,84,100.9,Wallet,Success,2025-01-22
3631,7267,590,494.56,Wallet,Failed,2025-01-08
3632,2844,1343,95.52,Cash,Failed,2025-02-15
3633,2281,288,364.02,Wallet,Success,2025-02-03
3634,3608,455,386.98,Cash,Failed,2025-01-19
3635,7798,652,318.94,Card,Failed,2025-01-05
3636,2844,1998,152.53,Cash,Success,2025-02-27
3637,1375,258,292.74,UPI,Failed,2025-02-15
3638,5733,317,277.19,Card,Failed,2025-01-20
3639,2195,773,378.54,Cash,Success,2025-01-27
3640,6837,561,365.94,Cash,Failed,2025-02-13
3641,3664,1882,359.59,Wallet,Success,2025-01-22
3642,1988,1772,187.04,UPI,Pending,2025-01-31
3643,8808,1458,343.04,Card,Failed,2025-03-03
3644,9894,1403,431.51,Wallet,Pending,2025-02-02
3645,4372,1038,102.92,Cash,Success,2025-01-12
3646,775,319,280.52,Cash,Success,2025-01-28
3647,2756,114,142.56,Wallet,Pending,2025-02-22
3648,7382,1097,379.54,UPI,Pending,2025-02-07
3649,8915,676,368.63,Wallet,Pending,2025-02-21
3650,3093,832,332.81,UPI,Pending,2025-01-15
3651,1198,51,422.23,Wallet,Success,2025-01-19
3652,326,1350,231.98,UPI,Failed,2025-02-02
3653,7788,310,325.15,UPI,Success,2025-01-22
3654,9298,1084,268.01,Wallet,Pending,2025-01-28
3655,8505,1756,495.09,Card,Failed,2025-01-09
3656,5925,1947,417.12,Cash,Failed,2025-01-25
3657,3381,883,227.26,Card,Pending,2025-02-03
3658,6342,958,280.79,Cash,Pending,2025-02-03
3659,5023,1899,380.66,Wallet,Pending,2025-02-10
3660,7777,1927,56.26,Cash,Failed,2025-02-13
3661,9156,197,273.83,Cash,Success,2025-02-18
3662,6467,813,403.48,Wallet,Success,2025-01-26
3663,2505,702,341.24,Cash,Failed,2025-01-17
3664,3303,465,73.9,Wallet,Success,2025-01-12
3665,9954,1767,32.88,Card,Pending,2025-01-12
3666,9918,990,222.21,Cash,Success,2025-01-31
3667,3415,647,253.99,Card,Success,2025-01-27
3668,4323,410,359.28,Card,Pending,2025-02-23
3669,8326,314,70.35,Cash,Success,2025-01-25
3670,953,100,289.68,UPI,Pending,2025-02-27
3671,8267,914,92.38,Card,Pending,2025-02-15
3672,7058,327,304.98,Wallet,Success,2025-03-03
3673,8679,28,424.35,UPI,Success,2025-02-28
3674,5549,1202,84.11,Cash,Failed,2025-01-30
3675,8427,986,183.14,Card,Pending,2025-01-05
3676,1307,1315,474.77,Cash,Failed,2025-01-13
3677,3343,1677,269.47,Wallet,Success,2025-03-03
3678,9919,72,120.58,UPI,Success,2025-02-24
3679,3193,407,217.62,Card,Success,2025-03-02
3680,6265,1019,190.48,UPI,Pending,2025-02-15
3681,8174,997,292.33,Card,Pending,2025-02-11
3682,6808,1829,328.99,Wallet,Success,2025-02-15
3683,6506,893,105.02,Wallet,Success,2025-01-28
3684,4910,428,43.83,Wallet,Pending,2025-01-13
3685,3615,879,363.14,Cash,Pending,2025-01-05
3686,7703,151,411.52,UPI,Pending,2025-02-26
3687,5972,287,173.85,Card,Success,2025-01-25
3688,1655,859,335.14,Wallet,Success,2025-02-26
3689,5046,365,332.9,UPI,Pending,2025-02-01
3690,7226,360,231.69,Card,Success,2025-01-17
3691,8405,616,349.89,Card,Failed,2025-01-26
3692,1092,649,451.06,Cash,Failed,2025-01-02
3693,1205,433,156.79,Wallet,Pending,2025-01-20
3694,2165,241,444.34,UPI,Pending,2025-01-18
3695,191,250,92.97,Card,Pending,2025-01-16
3696,3525,42,104.14,Wallet,Success,2025-02-20
3697,6837,137,490.68,Cash,Success,2025-02-12
3698,6361,134,394.36,UPI,Pending,2025-01-08
3699,3492,1454,96.74,Wallet,Success,2025-01-03
3700,6103,971,456.04,UPI,Failed,2025-01-30
3701,5281,1128,196.57,Card,Success,2025-02-23
3702,7437,1878,336.01,UPI,Success,2025-02-01
3703,4591,1547,266.01,Cash,Success,2025-01-09
3704,6782,1557,207.72,UPI,Failed,2025-02-22
3705,8570,907,398.66,UPI,Pending,2025-02-10
3706,4426,227,118.86,Wallet,Success,2025-01-01
3707,3101,1865,195.52,Cash,Success,2025-01-24
3708,6701,1870,359.8,Card,Pending,2025-02-02
3709,2793,1728,359.63,Wallet,Failed,2025-02-04
3710,9597,1186,412.31,Cash,Failed,2025-02-19
3711,6766,330,130.39,Wallet,Failed,2025-02-15
3712,3097,1143,135.42,UPI,Pending,2025-01-31
3713,7844,1765,61.52,UPI,Pending,2025-02-01
3714,8744,1411,399.06,UPI,Pending,2025-02-10
3715,7184,1083,39.31,Wallet,Success,2025-03-01
3716,2415,1488,38.82,Card,Success,2025-02-14
3717,9781,184,390.93,UPI,Pending,2025-02-20
3718,9873,1319,270.59,Card,Success,2025-01-28
3719,1261,1967,423.68,UPI,Failed,2025-02-02
3720,31,159,66.4,UPI,Pending,2025-02-28
3721,6490,599,410.21,Cash,Pending,2025-01-29
3722,6117,1786,276.73,Cash,Pending,2025-01-22
3723,3518,1402,189.77,Card,Pending,2025-01-31
3724,2297,1665,337.74,UPI,Failed,2025-02-25
3725,2479,61,50.54,Cash,Pending,2025-02-15
3726,553,576,479.31,Cash,Pending,2025-02-12
3727,4464,1109,320.98,UPI,Success,2025-02-07
3728,856,338,450.11,Cash,Pending,2025-02-26
3729,4942,854,398.41,UPI,Success,2025-02-08
3730,8506,6,59.83,Card,Failed,2025-01-24
3731,3109,1923,32.07,Cash,Pending,2025-02-07
3732,1934,1109,81.48,UPI,Success,2025-02-06
3733,4271,74,186.24,UPI,Pending,2025-01-04
3734,6029,1901,33.77,Cash,Success,2025-01-30
3735,5048,1607,161.13,Cash,Failed,2025-02-15
3736,1936,110,82.2,UPI,Pending,2025-02-20
3737,2663,192,339.63,UPI,Success,2025-03-01
3738,2665,266,262.74,Card,Failed,2025-02-15
3739,5045,752,192.69,Card,Success,2025-02-04
3740,7461,600,187.94,Wallet,Pending,2025-02-16
3741,8691,678,320.97,Wallet,Success,2025-02-04
3742,5673,1658,473.17,Cash,Pending,2025-01-31
3743,8494,400,284.63,Card,Failed,2025-02-09
3744,8990,418,242.86,Wallet,Pending,2025-02-03
3745,4417,1526,68.63,UPI,Failed,2025-02-10
3746,5804,1422,159.34,UPI,Success,2025-02-04
3747,972,1461,399.93,Card,Success,2025-02-27
3748,7984,1643,352.03,Cash,Failed,2025-02-21
3749,7516,1670,71.26,Card,Pending,2025-01-07
3750,7414,429,245.43,UPI,Success,2025-01-30
3751,5478,930,242.78,Wallet,Pending,2025-02-05
3752,5697,575,398.06,Wallet,Failed,2025-01-23
3753,584,306,486.32,Card,Failed,2025-01-16
3754,6650,144,40.96,Card,Success,2025-01-17
3755,3316,783,332.72,Card,Pending,2025-02-12
3756,7908,1006,330.19,UPI,Pending,2025-02-14
3757,5151,951,321.18,Card,Pending,2025-02-02
3758,458,1553,91.17,Cash,Success,2025-02-22
3759,1748,1681,305.29,Wallet,Success,2025-02-06
3760,5093,705,403.35,Cash,Success,2025-01-25
3761,8239,33,429.79,UPI,Pending,2025-02-01
3762,4465,1199,188.06,UPI,Failed,2025-02-04
3763,1553,1763,315.73,UPI,Failed,2025-02-21
3764,7726,717,367.66,Card,Pending,2025-01-11
3765,5784,268,266.97,Wallet,Failed,2025-01-19
3766,1391,1577,277.83,UPI,Failed,2025-02-12
3767,7811,629,368.46,Cash,Success,2025-02-06
3768,2249,1468,268.88,Card,Pending,2025-01-28
3769,2075,1287,187.8,Cash,Pending,2025-01-14
3770,3624,1754,428.28,Cash,Pending,2025-01-28
3771,8596,1699,157.07,Card,Success,2025-01-24
3772,5494,1378,459.66,Card,Failed,2025-01-02
3773,833,1131,338.74,Card,Failed,2025-01-27
3774,4622,1494,285.77,UPI,Failed,2025-01-02
3775,5944,340,470.88,Cash,Pending,2025-03-02
3776,9803,159,259.16,Wallet,Failed,2025-02-14
3777,9899,1924,270.51,Wallet,Pending,2025-02-23
3778,615,1465,252.13,Cash,Failed,2025-01-01
3779,9089,1794,393.31,UPI,Pending,2025-02-07
3780,6102,1564,255.74,UPI,Failed,2025-01-19
3781,4402,553,445.17,UPI,Failed,2025-02-26
3782,8483,876,281.58,Card,Failed,2025-01-06
3783,9994,1962,146.11,UPI,Pending,2025-02-24
3784,7448,1714,450.26,Wallet,Pending,2025-01-01
3785,9333,637,386.52,Card,Failed,2025-02-23
3786,5969,962,400.26,UPI,Failed,2025-01-14
3787,5224,464,157.23,Card,Failed,2025-01-28
3788,4431,1372,193.11,Wallet,Failed,2025-02-16
3789,1975,1109,436.79,Card,Success,2025-01-22
3790,5518,912,228.54,Cash,Success,2025-01-13
3791,9456,1548,485.71,Wallet,Success,2025-01-22
3792,7103,1256,260.84,UPI,Failed,2025-02-06
3793,8157,1618,212.7,UPI,Failed,2025-01-08
3794,4313,950,166.52,UPI,Pending,2025-02-10
3795,3206,817,281.57,Cash,Failed,2025-02-13
3796,2153,1913,131.7,Wallet,Success,2025-01-04
3797,2418,1242,162.34,UPI,Failed,2025-02-09
3798,3856,1451,195.25,Wallet,Success,2025-02-11
3799,8031,1850,235.99,UPI,Failed,2025-01-28
3800,4474,977,120.67,Wallet,Success,2025-01-02
3801,358,1345,100.86,Wallet,Pending,2025-02-13
3802,5580,641,335.09,Wallet,Failed,2025-02-24
3803,2960,911,100.87,Wallet,Failed,2025-02-06
3804,8817,1924,365.03,Card,Success,2025-03-01
3805,9305,183,70.38,Wallet,Failed,2025-03-01
3806,2764,957,410.73,UPI,Success,2025-01-14
3807,7970,584,266.57,Card,Pending,2025-02-07
3808,6799,1621,323.62,Wallet,Pending,2025-02-16
3809,6663,1945,375.22,Card,Pending,2025-01-09
3810,7554,1186,57.67,Wallet,Failed,2025-02-02
3811,8122,1265,171.13,Cash,Failed,2025-02-23
3812,8050,421,202.21,Wallet,Success,2025-01-07
3813,3050,1994,381.77,UPI,Success,2025-01-17
3814,5906,1450,129.41,Wallet,Failed,2025-01-22
3815,6948,1519,117.38,Wallet,Success,2025-01-26
3816,3621,593,84.19,Wallet,Success,2025-03-02
3817,1077,1773,191.91,UPI,Failed,2025-02-17
3818,2850,1675,114.2,Card,Failed,2025-01-20
3819,2980,1523,305.07,Card,Pending,2025-01-03
3820,897,550,31.46,Cash,Failed,2025-01-02
3821,5112,1085,281.4,Wallet,Success,2025-02-26
3822,8448,1784,257.97,UPI,Failed,2025-01-27
3823,566,43,92.43,Card,Failed,2025-02-16
3824,9109,1588,343.87,Wallet,Pending,2025-01-25
3825,8070,1959,403.08,Card,Pending,2025-02-13
3826,4147,1409,96.51,UPI,Failed,2025-02-13
3827,7794,1160,94.18,UPI,Failed,2025-02-02
3828,643,1986,477.59,Wallet,Failed,2025-01-10
3829,374,1388,168.5,Wallet,Success,2025-02-04
3830,2842,1981,370.94,Cash,Success,2025-02-06
3831,1927,1118,492.49,UPI,Failed,2025-02-13
3832,2872,1657,306.8,UPI,Success,2025-01-30
3833,7869,893,402.23,UPI,Success,2025-01-13
3834,1371,909,237.03,Wallet,Failed,2025-03-03
3835,2206,875,196.04,Cash,Pending,2025-01-03
3836,1666,1045,375.46,Card,Success,2025-02-05
3837,4538,418,370.82,Card,Success,2025-02-18
3838,2694,1931,259.42,Card,Success,2025-02-17
3839,2456,4,78.51,Card,Pending,2025-01-23
3840,6142,1427,52.88,Wallet,Pending,2025-02-21
3841,8450,327,409.67,Card,Pending,2025-01-19
3842,3209,1762,296.46,UPI,Failed,2025-01-18
3843,5401,546,122.34,Wallet,Pending,2025-02-02
3844,5690,794,298.06,Card,Failed,2025-01-30
3845,9524,1974,254.2,Wallet,Success,2025-02-13
3846,3460,412,350.97,Card,Pending,2025-01-16
3847,5504,1307,274.57,UPI,Failed,2025-01-01
3848,9044,381,489.67,Cash,Success,2025-01-09
3849,5521,777,461.92,Wallet,Failed,2025-01-21
3850,5500,82,489.39,Cash,Pending,2025-02-16
3851,4953,490,317.02,UPI,Success,2025-01-01
3852,7167,136,76.81,Cash,Pending,2025-02-17
3853,7563,1896,204.99,Cash,Success,2025-01-26
3854,1474,726,368.97,UPI,Failed,2025-02-19
3855,1876,937,238.22,UPI,Failed,2025-02-23
3856,6455,1655,224.27,UPI,Failed,2025-01-31
3857,6030,1068,428.39,UPI,Failed,2025-03-01
3858,9264,603,162.49,Card,Failed,2025-01-29
3859,6834,1922,297.69,Cash,Success,2025-02-23
3860,3252,1092,216.7,Wallet,Success,2025-01-27
3861,9378,184,189.5,Card,Pending,2025-02-17
3862,836,804,195.23,Cash,Success,2025-02-22
3863,7578,1093,441.8,Card,Pending,2025-02-21
3864,7481,822,488.24,Cash,Success,2025-01-26
3865,2104,552,387.2,Card,Pending,2025-02-09
3866,8796,1427,144.97,Card,Failed,2025-02-15
3867,5513,1384,148.28,Card,Success,2025-02-25
3868,1591,1348,309.52,Wallet,Failed,2025-01-12
3869,1607,1408,444.53,Cash,Pending,2025-01-25
3870,2504,1512,194.89,UPI,Success,2025-01-28
3871,4157,424,379.59,Cash,Pending,2025-01-12
3872,1377,1984,374.47,Cash,Failed,2025-02-21
3873,4316,895,351.96,Cash,Pending,2025-02-24
3874,191,1587,105.31,UPI,Failed,2025-02-19
3875,8400,1629,366.78,Wallet,Success,2025-02-09
3876,6156,154,459.13,Cash,Success,2025-02-06
3877,3059,160,168.02,Cash,Failed,2025-01-01
3878,5240,1771,356.7,Card,Pending,2025-01-31
3879,187,657,405.5,Cash,Pending,2025-03-02
3880,2064,721,70.37,Card,Pending,2025-01-29
3881,5880,1939,426.43,UPI,Success,2025-02-02
3882,4777,760,130.15,UPI,Failed,2025-02-09
3883,399,1161,450.8,Card,Success,2025-02-04
3884,1647,1422,367.16,Card,Failed,2025-02-21
3885,5186,1324,205.97,Cash,Pending,2025-01-29
3886,3232,1472,338.76,UPI,Failed,2025-02-24
3887,686,85,282.69,Card,Failed,2025-02-06
3888,268,1636,279.97,Card,Success,2025-02-20
3889,1829,1661,87.9,Wallet,Pending,2025-01-09
3890,8564,1655,101.44,Cash,Pending,2025-01-15
3891,543,474,164.72,Wallet,Success,2025-01-19
3892,8065,1612,161.74,UPI,Failed,2025-01-31
3893,8859,1005,479.26,Wallet,Success,2025-01-23
3894,6341,1925,398.16,Cash,Failed,2025-01-29
3895,9343,670,311.16,Cash,Success,2025-01-17
3896,1131,1484,67.01,Card,Pending,2025-02-02
3897,9666,1666,419.59,Cash,Success,2025-02-04
3898,4933,404,327.74,Wallet,Failed,2025-02-22
3899,1754,70,187.69,Wallet,Success,2025-01-20
3900,412,419,495.38,UPI,Failed,2025-01-06
3901,1004,1564,142.42,UPI,Pending,2025-01-25
3902,2768,20,220.64,Wallet,Failed,2025-01-11
3903,4413,1023,359.97,Cash,Success,2025-02-22
3904,8613,987,498.38,Wallet,Failed,2025-02-03
3905,905,835,297.59,UPI,Failed,2025-02-23
3906,7711,153,157.69,UPI,Failed,2025-01-01
3907,6724,1941,248.01,Wallet,Pending,2025-01-22
3908,4519,1047,406.05,Card,Failed,2025-01-31
3909,3244,1347,34.46,Cash,Success,2025-01-01
3910,9051,1466,165.57,Wallet,Success,2025-02-04
3911,7577,921,195.78,Wallet,Success,2025-01-20
3912,8376,1465,208.85,Card,Failed,2025-01-23
3913,8777,874,36.38,UPI,Success,2025-02-26
3914,4883,365,333.86,Wallet,Failed,2025-02-13
3915,4977,1345,394.45,Card,Pending,2025-01-15
3916,3555,664,54.58,Wallet,Failed,2025-01-08
3917,6048,1491,322.03,Wallet,Pending,2025-02-20
3918,2844,225,326.19,Card,Pending,2025-01-08
3919,290,1752,150.03,Cash,Success,2025-02-24
3920,4800,235,250.14,Card,Failed,2025-02-19
3921,5997,1308,378.46,Card,Pending,2025-01-22
3922,207,1503,329.82,Wallet,Success,2025-01-19
3923,5359,251,89.2,Wallet,Failed,2025-01-31
3924,7881,1443,165.95,Wallet,Success,2025-02-27
3925,6796,1788,112.08,Cash,Failed,2025-01-25
3926,3494,582,31.6,Wallet,Pending,2025-01-08
3927,175,265,165.93,Wallet,Pending,2025-02-18
3928,2343,1823,374.53,Wallet,Failed,2025-02-14
3929,5385,933,143.82,Cash,Pending,2025-02-12
3930,287,1147,191.35,Cash,Pending,2025-02-27
3931,2897,150,240.24,Card,Failed,2025-01-02
3932,2473,1382,315.05,UPI,Pending,2025-03-01
3933,5200,585,218.14,Cash,Failed,2025-02-22
3934,1356,38,350.92,Cash,Failed,2025-02-18
3935,681,803,142.97,UPI,Success,2025-02-10
3936,2062,610,484.65,UPI,Pending,2025-01-28
3937,9356,1563,376.4,UPI,Success,2025-01-07
3938,8595,637,163.41,Wallet,Failed,2025-02-06
3939,2737,1890,304.51,UPI,Pending,2025-01-05
3940,2922,520,123.71,UPI,Pending,2025-01-14
3941,5604,1931,288.48,Wallet,Pending,2025-01-16
3942,9970,499,486.88,UPI,Failed,2025-01-17
3943,993,1139,61.49,UPI,Pending,2025-01-26
3944,3691,1440,77.8,Card,Success,2025-02-24
3945,8871,1615,114.73,Card,Pending,2025-02-11
3946,9871,1525,343.89,UPI,Pending,2025-01-29
3947,4086,1868,393.5,Cash,Failed,2025-02-23
3948,6564,558,173.71,Cash,Pending,2025-02-19
3949,769,652,319.72,Card,Pending,2025-01-23
3950,5318,1924,436.52,Cash,Success,2025-02-12
3951,2598,1412,372.26,Cash,Success,2025-01-11
3952,3529,1462,436.75,Wallet,Success,2025-02-12
3953,4782,936,391.71,Cash,Success,2025-01-06
3954,7818,1433,483.23,Cash,Failed,2025-01-14
3955,5388,1684,288.67,Wallet,Failed,2025-02-26
3956,4810,1186,338.9,Card,Pending,2025-01-25
3957,2364,695,481.62,UPI,Pending,2025-02-20
3958,9689,1488,218.89,UPI,Failed,2025-01-30
3959,5918,106,90.4,UPI,Failed,2025-01-26
3960,2527,1814,272.48,Card,Success,2025-02-11
3961,2380,1326,151.93,Wallet,Failed,2025-02-03
3962,2443,1879,469.37,Cash,Success,2025-01-13
3963,8608,1407,150.41,Wallet,Pending,2025-02-17
3964,9813,937,325.43,Card,Failed,2025-02-09
3965,6841,893,465.98,Cash,Failed,2025-03-02
3966,5580,947,397.64,Wallet,Success,2025-01-26
3967,177,1002,457.08,Card,Success,2025-02-17
3968,9284,170,266.48,Wallet,Failed,2025-02-01
3969,8353,1965,263.21,Wallet,Success,2025-02-13
3970,3557,172,112.37,Wallet,Success,2025-01-08
3971,9617,1890,31.17,Card,Success,2025-01-10
3972,2478,455,440.08,Cash,Pending,2025-02-14
3973,7050,1918,421.16,UPI,Success,2025-02-12
3974,808,941,470.55,Card,Success,2025-01-10
3975,4801,1497,136.74,UPI,Pending,2025-02-14
3976,1335,288,392.88,Wallet,Pending,2025-02-03
3977,8582,1255,246.32,UPI,Pending,2025-01-12
3978,5187,1451,63.74,Cash,Failed,2025-01-16
3979,675,1237,348.55,Wallet,Pending,2025-02-02
3980,8026,1461,137.92,UPI,Success,2025-01-30
3981,4329,1734,122.83,Cash,Success,2025-01-29
3982,6043,158,356.37,UPI,Pending,2025-01-21
3983,22,1466,310.92,Wallet,Pending,2025-02-12
3984,9094,1768,470.38,Cash,Success,2025-01-21
3985,5177,1002,49.55,Wallet,Pending,2025-02-12
3986,6947,861,404.78,Card,Success,2025-02-28
3987,527,1228,299.91,Card,Failed,2025-01-28
3988,1902,1584,215.03,Cash,Failed,2025-01-11
3989,3982,1881,353.44,UPI,Failed,2025-01-21
3990,555,301,116.46,Card,Success,2025-02-04
3991,238,79,356.06,Card,Pending,2025-01-15
3992,8872,829,146.28,Card,Pending,2025-03-02
3993,9699,1150,415.21,Wallet,Failed,2025-01-20
3994,5158,1353,290.74,Cash,Pending,2025-01-10
3995,2415,1913,160.42,Cash,Pending,2025-02-11
3996,7855,341,422,Cash,Failed,2025-02-05
3997,1923,1371,181.57,Wallet,Failed,2025-01-26
3998,6822,398,332.04,Card,Failed,2025-02-13
3999,9442,145,265.97,UPI,Failed,2025-01-07
4000,7867,1081,120.09,Card,Pending,2025-01-11
4001,3864,541,328.79,Card,Failed,2025-02-27
4002,1064,1127,99.08,Wallet,Failed,2025-01-22
4003,1737,1716,160.55,Cash,Failed,2025-03-03
4004,2905,1587,309.76,UPI,Failed,2025-02-20
4005,836,1931,398.93,UPI,Success,2025-02-25
4006,1825,367,404.9,Card,Failed,2025-01-15
4007,1609,427,477.24,Wallet,Pending,2025-01-04
4008,6533,631,216.24,UPI,Failed,2025-01-05
4009,2357,1592,451.17,Cash,Failed,2025-02-12
4010,2303,856,176.68,Card,Failed,2025-01-21
4011,1433,866,327.69,Card,Failed,2025-01-08
4012,1920,366,63.11,Card,Success,2025-01-20
4013,9649,873,166.04,Cash,Success,2025-01-28
4014,9610,1136,300.91,UPI,Pending,2025-02-16
4015,6351,1294,113.81,Card,Success,2025-01-27
4016,5527,1889,462.14,Card,Success,2025-01-15
4017,3043,1618,372.77,Card,Failed,2025-02-22
4018,7908,1823,457.55,Card,Pending,2025-03-02
4019,1292,974,50.8,Cash,Failed,2025-01-26
4020,3967,11,227.97,Cash,Success,2025-01-12
4021,7122,10,328.79,UPI,Success,2025-01-17
4022,2913,1826,151.58,Cash,Pending,2025-01-26
4023,5374,910,347.18,UPI,Success,2025-01-14
4024,8678,345,203.12,Wallet,Success,2025-02-18
4025,7106,1404,252.36,Wallet,Pending,2025-01-12
4026,2345,793,420.6,Cash,Failed,2025-01-01
4027,8884,1917,296.66,UPI,Pending,2025-01-04
4028,8351,1039,162.53,Card,Pending,2025-01-21
4029,5686,1148,129.07,Wallet,Success,2025-01-22
4030,381,1449,234.51,Wallet,Pending,2025-02-03
4031,1934,1739,206.35,Card,Failed,2025-01-30
4032,6226,341,484.81,Cash,Success,2025-02-05
4033,5171,1734,142.33,Wallet,Pending,2025-02-11
4034,4116,1428,242.25,Card,Success,2025-01-11
4035,4230,1182,214.35,Card,Success,2025-01-28
4036,695,670,396.93,UPI,Success,2025-02-23
4037,2373,1048,393.42,Wallet,Failed,2025-02-28
4038,5853,796,432.12,UPI,Success,2025-01-16
4039,6824,1075,193.2,Cash,Pending,2025-02-13
4040,3791,409,75.24,Wallet,Failed,2025-02-22
4041,9291,1150,492.11,Wallet,Pending,2025-02-01
4042,3662,70,298.7,Cash,Failed,2025-02-21
4043,9139,1978,54.03,UPI,Failed,2025-02-25
4044,4661,133,226.2,Cash,Failed,2025-02-03
4045,302,1223,462.05,Cash,Pending,2025-01-31
4046,9189,1108,147.85,Wallet,Success,2025-02-09
4047,7423,1541,421.67,Cash,Pending,2025-02-05
4048,3157,1401,410.61,Card,Failed,2025-01-25
4049,8785,1551,99.47,Wallet,Success,2025-02-09
4050,8974,764,69.16,Card,Pending,2025-02-12
4051,7824,902,318.3,Cash,Pending,2025-01-26
4052,5075,871,192.86,Card,Pending,2025-01-15
4053,3976,1718,221.15,Cash,Success,2025-01-13
4054,2862,789,106.65,Wallet,Failed,2025-01-18
4055,7412,1669,355.92,Card,Success,2025-02-04
4056,9263,423,379.94,Card,Pending,2025-01-11
4057,352,849,310,UPI,Failed,2025-01-11
4058,2386,587,51.96,UPI,Failed,2025-02-20
4059,5384,880,48.34,UPI,Pending,2025-01-29
4060,2157,785,297.82,UPI,Failed,2025-01-15
4061,2214,798,453.8,Card,Success,2025-02-27
4062,5380,558,436.81,Card,Success,2025-02-02
4063,1081,1833,296.31,Wallet,Success,2025-01-18
4064,2171,212,315.14,UPI,Pending,2025-03-03
4065,9183,1360,32.81,Cash,Pending,2025-01-08
4066,8321,1570,127.78,UPI,Pending,2025-01-20
4067,1376,1513,457.94,UPI,Success,2025-01-09
4068,4794,542,321.17,Card,Success,2025-01-31
4069,2246,468,157.47,Card,Failed,2025-01-11
4070,3071,1713,171.41,Cash,Pending,2025-02-25
4071,7303,1210,74.82,Cash,Failed,2025-01-05
4072,2490,1477,49.65,Cash,Failed,2025-02-02
4073,944,1764,69.47,Cash,Failed,2025-01-10
4074,4423,1934,153.8,UPI,Pending,2025-02-22
4075,146,1851,182.18,Card,Pending,2025-01-04
4076,8797,988,388.58,Cash,Success,2025-02-06
4077,714,1888,345.66,UPI,Failed,2025-01-16
4078,5149,1723,208.07,Cash,Pending,2025-02-25
4079,663,1490,319.14,UPI,Success,2025-03-01
4080,1358,329,395.4,UPI,Pending,2025-01-16
4081,163,813,307.44,Card,Pending,2025-02-01
4082,8204,305,174.08,Wallet,Failed,2025-01-19
4083,7750,1920,325.39,Card,Pending,2025-01-24
4084,9453,1952,464.87,Wallet,Failed,2025-02-02
4085,5949,1818,451.46,Wallet,Pending,2025-02-12
4086,530,895,470.66,Wallet,Success,2025-01-18
4087,5848,1398,78.84,Card,Failed,2025-01-11
4088,5645,75,467.01,Card,Failed,2025-01-21
4089,1200,1542,160.81,Card,Failed,2025-03-01
4090,6200,1688,448.61,Card,Pending,2025-01-21
4091,6430,1149,483.06,Card,Failed,2025-01-12
4092,2400,859,165.25,Card,Pending,2025-02-23
4093,8278,1648,479.27,Card,Success,2025-01-23
4094,1195,360,280.21,Cash,Success,2025-01-22
4095,2366,460,51.5,UPI,Success,2025-02-17
4096,5122,679,404.59,Cash,Pending,2025-02-23
4097,6140,1785,272.17,Cash,Pending,2025-01-13
4098,1352,1779,196.66,Cash,Pending,2025-03-01
4099,4434,531,353.27,Wallet,Pending,2025-01-11
4100,9668,785,43.57,Card,Failed,2025-01-17
4101,5204,693,479.98,Cash,Success,2025-01-29
4102,7988,195,341.05,UPI,Pending,2025-01-08
4103,3293,1258,490.21,Wallet,Failed,2025-02-09
4104,5314,653,237.24,Cash,Pending,2025-01-15
4105,169,1595,491.65,Wallet,Pending,2025-01-14
4106,8886,554,33.95,Card,Pending,2025-02-27
4107,3010,487,286.51,Cash,Success,2025-01-05
4108,947,723,402.95,UPI,Pending,2025-02-18
4109,649,1374,179.47,Card,Success,2025-02-12
4110,1860,1504,49.58,Cash,Failed,2025-01-30
4111,4164,85,165.44,Wallet,Success,2025-01-14
4112,3764,1062,302.43,Card,Failed,2025-02-01
4113,4702,1258,149.34,UPI,Failed,2025-01-28
4114,8975,229,293.08,Wallet,Success,2025-01-01
4115,2733,1748,167.36,Cash,Pending,2025-02-24
4116,5993,1694,237.86,UPI,Failed,2025-03-03
4117,5977,1630,66.42,Cash,Success,2025-02-04
4118,9925,682,488.83,Wallet,Success,2025-01-18
4119,6406,1169,404.5,UPI,Success,2025-02-12
4120,4368,686,362.83,UPI,Pending,2025-01-12
4121,5901,1842,450.69,UPI,Success,2025-02-07
4122,4309,302,244.79,UPI,Pending,2025-01-17
4123,260,1889,250.95,Cash,Pending,2025-02-14
4124,7332,1173,268.14,Card,Pending,2025-01-21
4125,9408,1234,154.54,Card,Failed,2025-01-22
4126,1177,66,453.37,Card,Failed,2025-02-27
4127,9064,362,126.52,Wallet,Failed,2025-02-15
4128,2147,1325,164.97,Cash,Pending,2025-01-15
4129,1965,388,460.81,UPI,Success,2025-01-04
4130,4687,917,261.12,Card,Pending,2025-01-16
4131,4571,1770,317.73,Cash,Pending,2025-01-11
4132,7279,1695,213.49,UPI,Success,2025-02-07
4133,2492,642,357.21,Cash,Success,2025-01-20
4134,3487,418,470.89,UPI,Pending,2025-01-16
4135,7155,1886,240.31,Wallet,Pending,2025-01-26
4136,3742,24,194.42,Card,Success,2025-02-11
4137,8454,1049,39.43,Card,Success,2025-01-30
4138,5635,1398,231.38,Wallet,Pending,2025-02-10
4139,2743,1879,387.77,Wallet,Success,2025-02-28
4140,65,523,391.15,Wallet,Failed,2025-02-24
4141,8740,1692,423.81,Cash,Success,2025-01-17
4142,3169,392,159.18,Card,Failed,2025-02-14
4143,5729,1039,386.32,Card,Failed,2025-01-14
4144,5055,1826,65.3,UPI,Success,2025-01-28
4145,8670,18,481.68,UPI,Failed,2025-02-04
4146,7216,1388,172.9,Card,Success,2025-02-10
4147,8343,1019,258.34,Cash,Failed,2025-02-01
4148,7670,1563,97.45,UPI,Failed,2025-01-01
4149,9389,1231,194.63,Wallet,Pending,2025-02-21
4150,6018,1352,94.15,Cash,Failed,2025-01-13
4151,8734,605,359.29,Cash,Success,2025-02-09
4152,8901,11,432.66,Wallet,Success,2025-02-27
4153,5403,1231,430.21,UPI,Failed,2025-02-12
4154,8847,1584,310.95,Wallet,Failed,2025-01-06
4155,4135,1722,95.18,UPI,Pending,2025-02-09
4156,1425,1814,48.37,Card,Pending,2025-02-05
4157,7979,923,343.42,UPI,Pending,2025-01-01
4158,8953,836,290.81,Cash,Success,2025-01-17
4159,3478,1179,78.33,Card,Success,2025-02-18
4160,7306,657,245.06,Cash,Success,2025-02-09
4161,9994,59,315.14,UPI,Success,2025-01-14
4162,9212,401,202.8,Cash,Failed,2025-02-26
4163,4121,1489,251.17,Wallet,Pending,2025-02-03
4164,8133,1396,492.84,Cash,Success,2025-01-12
4165,2016,975,333.63,Cash,Failed,2025-01-05
4166,8616,908,166.66,UPI,Failed,2025-01-10
4167,7596,1325,464.51,Wallet,Success,2025-02-26
4168,5250,1739,103.68,Cash,Success,2025-02-16
4169,1843,355,31.77,Card,Success,2025-02-08
4170,3943,1589,294.34,UPI,Pending,2025-02-26
4171,9158,359,198.18,Card,Pending,2025-02-07
4172,1945,988,254.24,Cash,Pending,2025-01-18
4173,701,1617,318.37,UPI,Success,2025-01-19
4174,4483,765,120.52,Cash,Success,2025-02-11
4175,9621,1404,426.27,UPI,Pending,2025-01-03
4176,2231,1279,428.37,Card,Pending,2025-01-15
4177,1863,1501,274.53,Wallet,Failed,2025-02-26
4178,4146,1228,389.76,Cash,Success,2025-02-22
4179,3118,1985,273.02,Card,Success,2025-03-03
4180,4546,1855,96.82,Card,Success,2025-02-03
4181,8490,57,453.46,Cash,Pending,2025-02-17
4182,2858,1084,44.54,Card,Failed,2025-01-07
4183,8101,1277,269.6,Card,Pending,2025-01-07
4184,6648,1071,247.14,UPI,Success,2025-01-18
4185,3887,1626,174.86,Wallet,Success,2025-01-18
4186,8113,1826,93.99,UPI,Success,2025-01-23
4187,9457,1069,495.59,Card,Success,2025-01-17
4188,7655,1824,365.09,Card,Pending,2025-02-03
4189,3081,489,172.49,Card,Failed,2025-01-05
4190,8911,1804,416.96,Cash,Pending,2025-01-15
4191,9647,1442,198.64,Wallet,Failed,2025-02-18
4192,1156,1715,195.92,Cash,Success,2025-01-11
4193,3114,522,108.38,Cash,Pending,2025-02-03
4194,5055,1516,277.56,UPI,Failed,2025-01-31
4195,8651,1305,321.19,UPI,Pending,2025-01-13
4196,2403,454,252.3,UPI,Pending,2025-02-03
4197,1660,214,92.79,UPI,Failed,2025-02-26
4198,6146,1546,60.07,UPI,Success,2025-02-24
4199,3800,1511,287.17,Wallet,Failed,2025-02-24
4200,4675,891,92.5,Cash,Failed,2025-02-03
4201,986,936,366.33,UPI,Success,2025-02-24
4202,1396,1711,105.19,Wallet,Success,2025-02-21
4203,9971,10,350.7,UPI,Failed,2025-01-24
4204,3353,427,83.05,Cash,Success,2025-01-28
4205,6745,839,396.25,Wallet,Pending,2025-01-06
4206,6939,980,303.23,Card,Pending,2025-01-21
4207,8494,1976,477.12,Card,Pending,2025-01-20
4208,9417,1994,360,UPI,Pending,2025-01-25
4209,1514,711,492.31,UPI,Success,2025-01-13
4210,5303,1340,469.82,Cash,Success,2025-02-01
4211,3146,1319,175.98,Card,Failed,2025-02-18
4212,4343,271,314.15,Card,Pending,2025-01-05
4213,1825,1383,112.06,Wallet,Pending,2025-01-28
4214,9761,1883,418.89,UPI,Success,2025-02-24
4215,752,49,348.51,Wallet,Pending,2025-02-25
4216,329,1051,314.18,UPI,Pending,2025-01-24
4217,3983,1360,180.69,Wallet,Pending,2025-01-06
4218,5719,575,489.84,Wallet,Pending,2025-03-02
4219,8340,1127,88.92,Cash,Pending,2025-03-03
4220,6855,623,279.74,Cash,Pending,2025-01-05
4221,5956,292,60.79,Wallet,Pending,2025-01-20
4222,345,657,245,UPI,Failed,2025-02-27
4223,3314,233,179.07,Wallet,Success,2025-01-21
4224,5087,439,231.09,Card,Failed,2025-02-07
4225,5201,627,119.75,Card,Failed,2025-01-18
4226,559,1966,335.04,UPI,Success,2025-01-20
4227,8594,27,370.39,UPI,Pending,2025-01-30
4228,9713,149,283.81,Cash,Success,2025-02-18
4229,186,1805,173.32,Wallet,Failed,2025-02-23
4230,9087,1072,43.55,UPI,Pending,2025-03-03
4231,2969,1745,358.09,UPI,Success,2025-01-12
4232,1000,172,452.67,Cash,Success,2025-02-23
4233,7781,1498,426.37,Wallet,Success,2025-02-22
4234,648,1766,432.31,UPI,Pending,2025-01-02
4235,8647,1149,327.71,UPI,Success,2025-01-21
4236,6250,2000,456.69,Card,Failed,2025-01-31
4237,1984,1249,162.23,Card,Pending,2025-01-23
4238,3865,843,288.88,Card,Failed,2025-01-07
4239,1839,90,136.83,Wallet,Pending,2025-02-01
4240,4389,76,245.32,UPI,Failed,2025-02-19
4241,4830,171,31.04,Cash,Failed,2025-01-29
4242,473,1725,58.46,Cash,Failed,2025-03-03
4243,6711,639,272.9,Wallet,Failed,2025-02-01
4244,8702,180,180.8,Cash,Pending,2025-02-23
4245,2246,1761,227.55,UPI,Failed,2025-02-12
4246,1698,1183,487.84,UPI,Failed,2025-02-14
4247,3935,1041,388.37,UPI,Failed,2025-02-26
4248,8162,1851,259.15,Cash,Pending,2025-01-16
4249,7207,1150,90.59,Card,Failed,2025-01-25
4250,2881,1377,343.32,UPI,Pending,2025-02-19
4251,4909,1338,434.8,Wallet,Success,2025-02-14
4252,1228,226,333.14,Cash,Success,2025-01-21
4253,5881,1693,432.76,Cash,Pending,2025-01-23
4254,3905,1741,182.1,Cash,Pending,2025-01-09
4255,3382,906,294.1,Wallet,Success,2025-01-12
4256,9578,323,412.18,Wallet,Failed,2025-02-25
4257,7228,45,106.32,Card,Success,2025-01-16
4258,6554,825,302.12,Wallet,Failed,2025-01-29
4259,6048,1972,65.43,Wallet,Failed,2025-01-01
4260,8744,678,401.11,Cash,Success,2025-01-25
4261,73,1378,108.64,Card,Failed,2025-01-27
4262,7632,30,445.9,Wallet,Success,2025-01-27
4263,1527,913,456.7,Wallet,Success,2025-02-18
4264,9113,1435,419.7,Wallet,Success,2025-01-12
4265,7359,739,200.08,Cash,Success,2025-03-02
4266,1105,1685,396.03,Cash,Success,2025-02-13
4267,9270,83,441.69,UPI,Success,2025-02-09
4268,5328,1642,58.83,UPI,Pending,2025-02-02
4269,2248,323,317.83,Card,Success,2025-02-05
4270,96,325,38.98,UPI,Failed,2025-02-24
4271,7014,519,188.35,Cash,Success,2025-02-14
4272,498,1063,35.99,Cash,Pending,2025-01-04
4273,3094,270,420.45,Card,Failed,2025-01-23
4274,9470,166,272.64,UPI,Failed,2025-01-07
4275,7218,1457,319.71,UPI,Failed,2025-01-28
4276,7837,1375,441.77,Cash,Failed,2025-03-01
4277,2722,208,45.35,Wallet,Failed,2025-01-15
4278,836,21,214.74,Wallet,Pending,2025-02-25
4279,4696,1856,444.78,Cash,Success,2025-02-14
4280,7633,1813,351.51,UPI,Failed,2025-02-12
4281,5286,761,237.38,Cash,Failed,2025-02-06
4282,1371,1824,473.27,Card,Failed,2025-01-07
4283,7154,1389,57.06,Card,Success,2025-02-24
4284,7591,1801,58.64,Wallet,Success,2025-01-18
4285,3908,1564,80.15,Card,Success,2025-01-23
4286,6787,45,37.43,Cash,Success,2025-03-03
4287,6561,1341,210.76,Cash,Success,2025-02-02
4288,963,1232,46.24,Wallet,Success,2025-01-02
4289,6536,1412,416,Cash,Failed,2025-02-14
4290,3810,1104,203.43,Wallet,Pending,2025-02-07
4291,4744,1518,128.19,Cash,Success,2025-01-04
4292,6709,1639,104.88,UPI,Failed,2025-01-23
4293,8338,1009,258.4,Cash,Failed,2025-01-23
4294,1688,1893,34.81,Wallet,Pending,2025-01-04
4295,2021,205,341.5,UPI,Success,2025-01-26
4296,7064,1758,431.56,Cash,Pending,2025-01-09
4297,5536,1433,454.15,UPI,Success,2025-02-05
4298,2403,1928,421.2,Card,Success,2025-02-10
4299,3193,1093,63.05,Wallet,Failed,2025-01-05
4300,8930,1550,105.36,Card,Failed,2025-02-24
4301,459,566,72.16,Cash,Failed,2025-02-23
4302,7763,1272,460.46,UPI,Pending,2025-02-20
4303,9811,565,444.36,Card,Pending,2025-01-11
4304,8095,971,55.07,Cash,Pending,2025-03-01
4305,6605,260,472.82,Wallet,Pending,2025-02-15
4306,435,1238,374.85,UPI,Pending,2025-02-14
4307,8837,976,221.21,Wallet,Pending,2025-02-22
4308,6039,28,316.56,UPI,Pending,2025-01-04
4309,500,761,259.6,UPI,Failed,2025-01-06
4310,7242,1234,358.52,UPI,Failed,2025-02-18
4311,1460,275,141.06,Cash,Pending,2025-02-27
4312,2757,516,275.39,Wallet,Failed,2025-03-02
4313,5139,1298,255.19,Wallet,Failed,2025-02-24
4314,1997,56,300.89,Cash,Pending,2025-01-19
4315,9627,1644,354.6,UPI,Failed,2025-01-06
4316,7427,1222,283.28,Cash,Failed,2025-01-28
4317,6287,1763,229.76,Wallet,Success,2025-02-02
4318,5963,161,498.57,Cash,Pending,2025-02-22
4319,3252,929,73.53,Card,Failed,2025-01-25
4320,4045,151,384.86,Cash,Failed,2025-03-03
4321,2321,900,361.52,Cash,Failed,2025-01-08
4322,477,741,121.7,UPI,Failed,2025-01-13
4323,9930,302,488.35,Wallet,Pending,2025-03-01
4324,1042,1140,452.4,Cash,Success,2025-02-19
4325,8995,1645,378.99,Card,Pending,2025-02-18
4326,1927,548,418.04,Cash,Success,2025-02-15
4327,9221,1959,325.14,Card,Pending,2025-01-09
4328,1453,379,253.35,UPI,Pending,2025-01-09
4329,6485,1556,496.94,Card,Pending,2025-02-02
4330,6976,323,267.96,Card,Pending,2025-03-03
4331,1869,1760,242.02,UPI,Pending,2025-02-24
4332,6576,349,71.26,Wallet,Success,2025-02-25
4333,912,1408,257.5,Card,Failed,2025-01-27
4334,6555,662,220.31,UPI,Failed,2025-01-06
4335,6276,241,334.28,Card,Success,2025-01-23
4336,3203,935,158.56,Card,Pending,2025-01-10
4337,9626,991,163.71,Wallet,Failed,2025-02-21
4338,4186,1873,151.27,Wallet,Pending,2025-02-10
4339,1835,1598,103.08,Wallet,Pending,2025-02-18
4340,4384,694,261.32,Card,Pending,2025-02-28
4341,3849,1057,303.68,Wallet,Pending,2025-02-22
4342,8256,1311,478.97,Card,Pending,2025-01-22
4343,5845,1601,182.63,UPI,Pending,2025-01-16
4344,8368,1780,332.31,Card,Success,2025-01-22
4345,3577,959,142.19,Card,Pending,2025-01-01
4346,6354,1678,268.05,UPI,Pending,2025-03-03
4347,2482,619,492.97,Wallet,Success,2025-01-24
4348,5644,157,387.97,UPI,Failed,2025-01-08
4349,3805,276,140.82,Cash,Pending,2025-01-11
4350,8920,104,402.34,Wallet,Success,2025-01-23
4351,6950,37,388.19,Card,Failed,2025-01-24
4352,5959,955,476.45,Wallet,Failed,2025-02-05
4353,1842,1576,213.53,Wallet,Pending,2025-01-04
4354,9418,1248,37.25,Wallet,Failed,2025-01-30
4355,3960,170,336.11,Cash,Success,2025-02-10
4356,7653,1126,403.29,Wallet,Pending,2025-02-17
4357,9034,1444,97.15,UPI,Success,2025-01-23
4358,7665,1153,159.95,Wallet,Success,2025-02-17
4359,3727,1691,30.96,Wallet,Pending,2025-02-22
4360,5243,1183,317.27,Card,Failed,2025-02-09
4361,869,1093,325.54,Card,Success,2025-02-25
4362,6524,1333,120.35,Card,Pending,2025-02-25
4363,9470,692,276.19,Cash,Failed,2025-01-25
4364,7638,83,380.98,Card,Pending,2025-01-18
4365,2825,360,33.29,UPI,Pending,2025-02-09
4366,3779,315,155.56,Cash,Success,2025-02-14
4367,921,405,434.4,Card,Failed,2025-02-17
4368,6801,1928,137.14,Wallet,Success,2025-01-24
4369,8340,1308,49.1,Wallet,Success,2025-01-07
4370,9481,1225,214.04,UPI,Pending,2025-02-23
4371,2624,95,117.35,Cash,Success,2025-02-07
4372,3837,1662,207.73,UPI,Failed,2025-03-03
4373,2619,667,368.93,Card,Success,2025-01-07
4374,9043,102,32.22,UPI,Success,2025-03-02
4375,2221,1241,318.3,Cash,Failed,2025-03-01
4376,3163,369,261.9,UPI,Failed,2025-02-22
4377,7395,7,264.92,UPI,Pending,2025-01-13
4378,5287,1738,85.69,Card,Success,2025-01-23
4379,6504,1563,94.66,Wallet,Pending,2025-01-04
4380,4702,1612,384.88,Card,Success,2025-02-03
4381,8160,851,306.76,Cash,Failed,2025-01-02
4382,7729,489,330.59,Cash,Pending,2025-01-10
4383,2628,908,271.6,Cash,Success,2025-01-05
4384,9504,1234,256.63,Card,Success,2025-01-10
4385,1844,809,305.92,Card,Pending,2025-01-06
4386,4894,1644,444.02,Card,Pending,2025-02-18
4387,6032,1491,431.94,Wallet,Pending,2025-02-13
4388,963,1363,168.61,UPI,Pending,2025-01-26
4389,8025,1483,192.32,Card,Pending,2025-02-06
4390,1609,1644,104.56,Wallet,Failed,2025-01-03
4391,3951,1001,236.2,UPI,Success,2025-03-03
4392,316,531,357.95,Cash,Failed,2025-01-06
4393,3498,78,215.32,Wallet,Failed,2025-02-27
4394,2630,754,446.3,Cash,Success,2025-01-23
4395,9544,826,148.53,Cash,Failed,2025-03-01
4396,8137,1989,475.28,Cash,Pending,2025-01-23
4397,7361,118,284.91,Cash,Success,2025-02-25
4398,8068,1630,338.04,UPI,Success,2025-01-29
4399,5949,1927,177.05,UPI,Failed,2025-02-07
4400,2521,1547,202.84,Card,Success,2025-01-23
4401,6230,689,82.89,Card,Success,2025-02-02
4402,4691,1817,347.54,Cash,Failed,2025-02-03
4403,8898,1056,377.76,UPI,Pending,2025-02-05
4404,9535,918,324.73,Cash,Failed,2025-01-31
4405,3311,1391,416.46,Wallet,Failed,2025-01-05
4406,7804,1843,293.9,UPI,Success,2025-01-25
4407,7717,679,441.74,UPI,Success,2025-02-06
4408,5888,1582,407.31,Card,Success,2025-02-24
4409,9180,798,130.52,UPI,Pending,2025-02-27
4410,981,1129,31.76,Cash,Success,2025-01-26
4411,13,532,77.82,Cash,Pending,2025-01-10
4412,5025,950,252.52,Cash,Pending,2025-01-16
4413,2438,66,40.62,Wallet,Success,2025-01-11
4414,8593,788,296.89,UPI,Failed,2025-02-28
4415,1652,902,363.98,Wallet,Pending,2025-02-25
4416,8452,1167,77.46,Wallet,Success,2025-02-02
4417,9312,1569,120.97,Wallet,Success,2025-02-07
4418,4192,1886,229.9,Wallet,Success,2025-03-01
4419,2136,842,184.02,Cash,Failed,2025-02-24
4420,3854,731,137.38,Card,Success,2025-01-11
4421,1738,209,221.3,Cash,Failed,2025-01-30
4422,9091,185,64.96,UPI,Failed,2025-01-29
4423,2118,1755,325.42,Cash,Success,2025-01-14
4424,502,406,215.09,Card,Success,2025-01-14
4425,3354,1255,375.82,UPI,Failed,2025-02-06
4426,5200,1279,429.83,Cash,Failed,2025-02-05
4427,8594,980,147.56,Card,Failed,2025-02-03
4428,9370,609,414.75,Card,Success,2025-02-26
4429,713,1344,479.75,Cash,Pending,2025-02-21
4430,6693,1380,310.93,Card,Pending,2025-02-25
4431,6262,1497,65.04,Cash,Failed,2025-01-16
4432,6388,1941,274.66,UPI,Pending,2025-02-12
4433,2848,127,136.75,Card,Pending,2025-02-08
4434,8667,383,334.59,Card,Success,2025-01-19
4435,5964,469,169.92,Wallet,Success,2025-03-02
4436,5520,719,329.46,Card,Success,2025-01-03
4437,6013,662,199.98,Wallet,Failed,2025-02-02
4438,2951,1757,419.33,Wallet,Failed,2025-01-28
4439,2696,1460,182.64,Wallet,Failed,2025-02-01
4440,9334,1760,260.03,Wallet,Pending,2025-01-21
4441,4053,1682,255.64,UPI,Failed,2025-01-19
4442,4698,1847,409.14,Card,Success,2025-01-13
4443,8549,609,96.96,Wallet,Failed,2025-01-07
4444,8228,859,469.89,Wallet,Success,2025-02-28
4445,4242,1277,464.9,Card,Success,2025-02-25
4446,7831,753,56.86,Wallet,Success,2025-02-28
4447,4583,736,343.53,Wallet,Success,2025-03-03
4448,1391,1828,174.79,Wallet,Success,2025-02-16
4449,6840,1644,190.38,Card,Success,2025-02-01
4450,392,501,432.14,Card,Pending,2025-02-12
4451,4776,240,418.11,Wallet,Failed,2025-01-26
4452,2701,484,211.46,Card,Success,2025-03-02
4453,8782,432,319.78,Wallet,Failed,2025-02-09
4454,3648,1681,123.33,Wallet,Failed,2025-01-08
4455,3869,1670,491.14,Cash,Pending,2025-02-25
4456,568,1809,378.19,Card,Success,2025-01-14
4457,2709,1879,370.25,Wallet,Success,2025-02-20
4458,6940,1073,481.56,Card,Failed,2025-02-27
4459,6364,562,52.89,Cash,Pending,2025-02-25
4460,941,1357,312.19,UPI,Success,2025-02-11
4461,4346,356,102.66,UPI,Success,2025-01-01
4462,375,1467,389.43,Wallet,Success,2025-01-06
4463,6072,762,482.3,Cash,Success,2025-01-04
4464,1233,326,187.44,Card,Success,2025-01-21
4465,2749,208,289.6,Wallet,Pending,2025-02-14
4466,3771,195,243.44,Cash,Failed,2025-02-13
4467,532,1239,119.12,Wallet,Failed,2025-01-22
4468,7638,352,463.16,Wallet,Failed,2025-02-14
4469,6968,1801,232.69,UPI,Success,2025-01-28
4470,2556,1749,212.13,Cash,Failed,2025-01-19
4471,6672,1421,422.65,Cash,Failed,2025-02-21
4472,7662,1752,125.84,Cash,Success,2025-01-08
4473,9833,1158,135.5,Card,Failed,2025-01-13
4474,1228,327,389.06,Cash,Pending,2025-02-10
4475,1411,384,245.49,Cash,Success,2025-01-11
4476,8026,30,171.08,Card,Failed,2025-02-23
4477,8884,700,489.12,UPI,Success,2025-01-22
4478,6416,886,282.09,UPI,Success,2025-02-17
4479,1243,866,30.43,UPI,Failed,2025-02-17
4480,9227,261,498.89,UPI,Success,2025-01-08
4481,3196,373,58.63,Wallet,Success,2025-02-01
4482,1267,1730,264.67,UPI,Success,2025-02-02
4483,5138,637,202.53,Cash,Pending,2025-01-27
4484,6526,705,90.2,Card,Success,2025-01-30
4485,8998,258,330.98,UPI,Failed,2025-03-01
4486,7299,135,234.58,UPI,Pending,2025-02-09
4487,6078,1415,421.99,Wallet,Success,2025-02-05
4488,9443,1303,73.98,UPI,Failed,2025-01-27
4489,6486,1103,180.55,Cash,Pending,2025-02-17
4490,3731,715,148.87,Cash,Pending,2025-02-24
4491,3216,54,315.61,Wallet,Failed,2025-01-16
4492,5412,1954,428.43,UPI,Failed,2025-01-25
4493,6643,750,427.97,Card,Failed,2025-02-11
4494,3104,1251,447.77,Wallet,Pending,2025-03-03
4495,5757,270,161.36,Wallet,Pending,2025-03-02
4496,3088,916,171.53,Wallet,Success,2025-01-12
4497,1168,1794,496.42,Cash,Success,2025-01-10
4498,3476,778,498.26,Wallet,Pending,2025-02-17
4499,8186,1119,304.53,UPI,Success,2025-01-18
4500,6771,398,324.07,Cash,Failed,2025-02-07
4501,8739,1157,162.2,Card,Failed,2025-02-15
4502,9862,1866,212.58,UPI,Pending,2025-02-06
4503,5651,1232,454.62,Card,Success,2025-02-14
4504,2712,1986,262.33,UPI,Success,2025-01-27
4505,4106,978,252.66,UPI,Pending,2025-02-21
4506,223,1316,51.87,Cash,Pending,2025-01-23
4507,7160,489,225.66,UPI,Pending,2025-02-09
4508,8763,1601,329.07,Cash,Pending,2025-03-01
4509,2158,1583,72.97,Wallet,Success,2025-02-14
4510,409,1623,247.87,Wallet,Pending,2025-02-21
4511,4289,1298,308.69,Cash,Pending,2025-01-19
4512,3271,1043,326.97,Card,Pending,2025-02-07
4513,8750,1101,264.87,Cash,Pending,2025-01-22
4514,4658,613,90.57,Wallet,Pending,2025-02-26
4515,6692,1579,75.74,Card,Pending,2025-03-03
4516,1425,1294,157.74,Cash,Success,2025-02-04
4517,8110,913,454.5,Cash,Success,2025-01-24
4518,4749,618,220.91,Card,Pending,2025-01-30
4519,235,752,182.88,Wallet,Failed,2025-01-23
4520,7871,238,372.55,Wallet,Success,2025-01-05
4521,4403,1421,30.63,Wallet,Success,2025-02-13
4522,1862,121,496.33,Card,Pending,2025-02-18
4523,602,1800,310.45,Cash,Success,2025-03-03
4524,1212,716,273.11,Wallet,Success,2025-01-05
4525,7508,1236,274.26,UPI,Success,2025-01-28
4526,5577,1488,346.69,Card,Pending,2025-01-30
4527,1957,1944,445,Cash,Success,2025-01-11
4528,2125,1928,97.98,Card,Pending,2025-02-11
4529,9786,1864,89.74,Wallet,Pending,2025-01-25
4530,1406,283,479.91,UPI,Pending,2025-01-22
4531,7401,410,381.86,UPI,Success,2025-01-31
4532,1252,1258,74.79,Cash,Success,2025-01-10
4533,9693,1257,482.85,UPI,Failed,2025-01-16
4534,4324,310,355.92,Wallet,Pending,2025-01-03
4535,3599,1701,405.65,UPI,Failed,2025-02-01
4536,8662,1139,286.2,Card,Failed,2025-01-24
4537,237,1207,355.11,Wallet,Success,2025-01-28
4538,8707,516,386.33,Card,Pending,2025-01-05
4539,3537,216,97.33,UPI,Success,2025-02-15
4540,4585,1349,473.2,Card,Failed,2025-01-08
4541,4360,250,151.36,Wallet,Success,2025-01-07
4542,6383,29,201.79,Wallet,Failed,2025-02-09
4543,696,828,237.8,UPI,Failed,2025-01-28
4544,8212,451,69.74,Card,Success,2025-02-14
4545,5565,470,223.24,Wallet,Failed,2025-01-02
4546,2270,1136,62.24,Wallet,Pending,2025-01-28
4547,5518,180,140.25,UPI,Pending,2025-01-29
4548,7967,382,474.98,UPI,Pending,2025-01-14
4549,404,599,469.41,Wallet,Failed,2025-02-26
4550,5821,1220,66.92,Cash,Success,2025-01-28
4551,4401,1760,225.37,Wallet,Failed,2025-02-09
4552,9881,857,292.89,UPI,Success,2025-01-06
4553,6897,751,445.07,Wallet,Pending,2025-03-01
4554,4904,109,324.2,Cash,Success,2025-02-26
4555,4196,268,408.45,Wallet,Pending,2025-02-28
4556,6042,1744,146.81,Wallet,Success,2025-01-10
4557,8546,1267,226.72,UPI,Pending,2025-02-22
4558,7441,1171,463.57,Cash,Failed,2025-02-20
4559,3998,940,172.32,Cash,Pending,2025-02-02
4560,7206,1078,41.09,Wallet,Failed,2025-01-03
4561,2099,1548,476.53,UPI,Pending,2025-02-25
4562,10,1525,420.42,Card,Pending,2025-02-18
4563,245,967,350.68,Card,Pending,2025-01-22
4564,3113,218,156.87,Wallet,Success,2025-01-17
4565,2393,1416,277.4,Wallet,Failed,2025-02-01
4566,5271,243,277.42,Cash,Pending,2025-02-24
4567,414,1513,290.17,Cash,Success,2025-02-05
4568,4447,1927,294.18,UPI,Pending,2025-01-29
4569,6803,331,345.53,Wallet,Failed,2025-01-23
4570,5909,654,80.67,Card,Failed,2025-02-09
4571,9129,191,487.03,Cash,Failed,2025-01-31
4572,1145,784,103.77,Card,Success,2025-01-07
4573,1503,1361,342.15,Card,Success,2025-02-04
4574,348,1304,84.26,Wallet,Success,2025-02-17
4575,6125,97,206.22,Card,Failed,2025-01-27
4576,9546,379,215,Cash,Success,2025-01-27
4577,8057,208,63.1,Wallet,Success,2025-01-11
4578,3889,1088,185.33,Cash,Success,2025-01-19
4579,322,146,127.77,UPI,Success,2025-01-25
4580,7046,245,232.07,Wallet,Failed,2025-01-03
4581,7798,1885,215.78,UPI,Success,2025-02-28
4582,5175,1692,98.78,Cash,Success,2025-03-03
4583,954,1673,410.55,Card,Pending,2025-02-09
4584,9714,65,58.09,UPI,Failed,2025-01-25
4585,7410,399,351.58,UPI,Success,2025-02-07
4586,7877,1342,171.13,Card,Failed,2025-01-25
4587,5522,1576,418.77,Wallet,Success,2025-01-21
4588,7436,319,473.08,Card,Pending,2025-01-05
4589,9867,492,483.97,UPI,Pending,2025-01-19
4590,8352,762,412.11,UPI,Success,2025-01-08
4591,9150,371,63.17,Wallet,Failed,2025-03-02
4592,9961,1229,408.7,Card,Pending,2025-02-15
4593,241,510,175.05,Cash,Pending,2025-01-03
4594,2059,185,438.71,Cash,Pending,2025-02-27
4595,9836,1672,314.94,Cash,Pending,2025-02-02
4596,9738,302,388.65,UPI,Pending,2025-01-21
4597,2456,384,429.26,Wallet,Success,2025-01-16
4598,2439,1963,316.89,Card,Pending,2025-02-11
4599,3503,1134,122.16,UPI,Pending,2025-01-07
4600,2617,145,314.96,UPI,Success,2025-01-10
4601,6620,1399,193.13,Wallet,Success,2025-01-23
4602,6069,12,259.78,UPI,Success,2025-02-20
4603,5980,1809,75.31,Card,Pending,2025-01-29
4604,240,1631,55.09,UPI,Success,2025-02-27
4605,196,1877,96.57,Wallet,Failed,2025-01-06
4606,8162,774,314.33,Cash,Failed,2025-02-06
4607,4332,343,294.64,Card,Failed,2025-02-15
4608,7522,673,418.15,Card,Pending,2025-02-08
4609,4929,1305,315.01,Card,Failed,2025-02-05
4610,5886,1276,94,Wallet,Success,2025-02-08
4611,4804,1470,33.85,Wallet,Success,2025-02-11
4612,9341,1347,398.71,Card,Failed,2025-01-10
4613,6007,1544,162.33,Cash,Success,2025-02-16
4614,7872,1604,337.17,Wallet,Failed,2025-01-20
4615,8805,180,124.6,Cash,Pending,2025-02-06
4616,5405,1373,249.46,Card,Success,2025-02-24
4617,9832,1515,496.52,Card,Failed,2025-02-04
4618,8056,988,379.59,Card,Failed,2025-03-03
4619,337,1849,452.19,Wallet,Pending,2025-01-11
4620,8208,1033,447.27,Card,Success,2025-01-28
4621,7455,450,497.27,UPI,Failed,2025-02-16
4622,6728,1139,455.11,Cash,Success,2025-02-03
4623,6999,1181,352.96,Cash,Failed,2025-01-29
4624,428,447,466.19,Wallet,Pending,2025-01-01
4625,9908,246,100.74,Card,Pending,2025-01-27
4626,1788,823,337.16,Wallet,Failed,2025-01-30
4627,9646,860,450.27,Wallet,Pending,2025-03-01
4628,8281,276,470.33,UPI,Pending,2025-01-05
4629,4400,1785,408.83,Wallet,Success,2025-02-14
4630,2324,1969,293.19,UPI,Pending,2025-02-16
4631,8439,775,372.57,Wallet,Pending,2025-02-25
4632,2199,919,440.74,UPI,Success,2025-02-05
4633,8072,744,115.11,UPI,Success,2025-02-08
4634,6900,873,327.78,UPI,Failed,2025-02-15
4635,8281,839,177.66,UPI,Pending,2025-01-20
4636,1259,56,125.94,Cash,Pending,2025-02-12
4637,7498,1497,380.69,Card,Failed,2025-02-22
4638,9405,990,488.08,Cash,Success,2025-01-31
4639,4158,1504,299.68,UPI,Failed,2025-02-11
4640,5493,242,270.88,Card,Success,2025-02-21
4641,4461,756,65.9,Cash,Success,2025-01-26
4642,9913,436,145.18,Cash,Pending,2025-01-06
4643,7880,761,423.05,Cash,Failed,2025-01-16
4644,5075,379,66.7,UPI,Pending,2025-02-10
4645,1291,1605,185.46,UPI,Failed,2025-03-01
4646,7765,763,435.77,Cash,Pending,2025-01-07
4647,608,1305,430.28,Wallet,Pending,2025-01-28
4648,9102,1657,115.07,UPI,Pending,2025-01-26
4649,3529,1423,245.65,UPI,Failed,2025-01-06
4650,6640,1461,338,Cash,Success,2025-01-04
4651,6683,408,206.67,UPI,Failed,2025-02-17
4652,33,915,402.54,Cash,Success,2025-01-18
4653,986,376,358.92,Wallet,Failed,2025-01-26
4654,8038,1393,302.42,Wallet,Success,2025-01-15
4655,2946,803,452.71,Cash,Failed,2025-01-26
4656,3457,1918,471.09,Card,Failed,2025-01-12
4657,6991,322,77.5,Card,Success,2025-01-31
4658,8431,1873,310.5,Wallet,Pending,2025-01-20
4659,1498,111,231.07,Wallet,Pending,2025-02-28
4660,3355,70,157.95,Wallet,Pending,2025-02-05
4661,4368,523,362.38,UPI,Pending,2025-02-12
4662,9296,1289,446.22,Card,Failed,2025-02-08
4663,8302,105,475.71,Cash,Success,2025-01-21
4664,9211,1143,32.43,Cash,Failed,2025-02-15
4665,96,1017,211.03,UPI,Failed,2025-02-14
4666,6035,793,79.68,Card,Pending,2025-01-01
4667,9371,1024,234.58,Wallet,Pending,2025-02-03
4668,7104,604,436.48,Wallet,Failed,2025-01-13
4669,740,742,387.38,Card,Success,2025-01-09
4670,2545,712,440.7,UPI,Success,2025-02-11
4671,2767,142,49.28,Cash,Success,2025-03-02
4672,6056,1382,61.44,UPI,Pending,2025-01-06
4673,3220,1078,360.86,UPI,Success,2025-01-30
4674,9681,1330,270.84,Cash,Failed,2025-02-03
4675,867,1370,172.17,Wallet,Failed,2025-02-02
4676,8787,482,114.59,UPI,Success,2025-01-18
4677,8918,1630,205.87,Cash,Failed,2025-01-16
4678,6358,1531,414.15,Cash,Failed,2025-02-08
4679,6410,1555,346.33,Wallet,Success,2025-02-09
4680,4732,1691,170.86,UPI,Success,2025-02-18
4681,9068,1297,37.63,Wallet,Pending,2025-01-19
4682,351,849,423.15,Card,Success,2025-02-07
4683,8901,1328,217.89,UPI,Success,2025-03-02
4684,8482,1329,50.87,Card,Pending,2025-01-31
4685,2159,71,39.39,Cash,Pending,2025-01-05
4686,5428,1105,469.53,Cash,Success,2025-02-19
4687,1585,1576,272.91,UPI,Success,2025-01-10
4688,277,371,330.08,Cash,Success,2025-01-26
4689,5559,671,469.44,UPI,Success,2025-03-01
4690,8815,155,56.66,Card,Pending,2025-01-02
4691,8136,271,80.25,UPI,Failed,2025-01-23
4692,7282,932,245.25,Wallet,Pending,2025-01-13
4693,3597,1323,445.19,Card,Failed,2025-01-23
4694,4397,905,288.99,Wallet,Success,2025-01-06
4695,4298,559,83.19,Cash,Failed,2025-01-05
4696,5293,1179,440.4,Cash,Success,2025-02-20
4697,1495,514,480.96,Cash,Success,2025-02-25
4698,5391,1132,78.36,Wallet,Failed,2025-01-07
4699,1523,421,327.96,Card,Failed,2025-01-21
4700,6235,329,133.36,Wallet,Success,2025-01-04
4701,6466,1536,483.75,Card,Failed,2025-02-11
4702,9768,506,334.32,Cash,Success,2025-01-09
4703,393,200,396.6,Wallet,Failed,2025-02-17
4704,7034,1089,350.11,Card,Failed,2025-01-09
4705,2274,50,97.58,Card,Success,2025-01-16
4706,9869,388,222.98,Card,Failed,2025-01-11
4707,8808,838,406.47,Cash,Success,2025-01-02
4708,8802,948,47.36,UPI,Pending,2025-02-03
4709,3709,637,99.39,Cash,Pending,2025-01-26
4710,6859,1199,439.82,Card,Failed,2025-01-20
4711,2251,1306,136.01,UPI,Failed,2025-01-16
4712,4193,277,355.33,UPI,Success,2025-02-06
4713,5578,1774,33.43,Wallet,Failed,2025-01-23
4714,1856,462,135.5,Cash,Pending,2025-01-20
4715,8929,502,172.5,UPI,Success,2025-01-20
4716,3242,1739,488.19,Cash,Success,2025-02-02
4717,1570,738,128.32,UPI,Success,2025-01-25
4718,2426,762,382.51,Cash,Success,2025-02-23
4719,9314,1393,367.04,Card,Pending,2025-01-06
4720,2360,1216,342.22,UPI,Success,2025-01-09
4721,4072,1758,343.61,Card,Failed,2025-02-17
4722,3511,1299,116.14,Card,Pending,2025-02-01
4723,6201,1520,256.03,UPI,Pending,2025-02-07
4724,4459,1137,246.89,Wallet,Pending,2025-02-27
4725,7368,1352,92.04,UPI,Pending,2025-02-26
4726,9907,397,37.21,Wallet,Failed,2025-02-11
4727,3020,1665,170.68,Card,Pending,2025-02-04
4728,4247,48,150.78,Cash,Pending,2025-01-10
4729,4007,514,67.49,Cash,Success,2025-01-09
4730,7844,1644,41.03,Cash,Failed,2025-01-12
4731,1467,1712,181.59,UPI,Success,2025-02-12
4732,9927,241,341.6,UPI,Pending,2025-01-24
4733,8535,1442,83.22,UPI,Success,2025-01-26
4734,4577,645,130.55,Card,Failed,2025-02-28
4735,2042,587,42.48,Wallet,Success,2025-02-19
4736,4650,352,378.46,Wallet,Success,2025-01-06
4737,681,841,242.71,UPI,Pending,2025-02-11
4738,9064,1374,124.93,Card,Pending,2025-01-14
4739,9114,1768,205.3,Cash,Pending,2025-01-06
4740,6256,1799,170.83,Cash,Success,2025-02-10
4741,9820,677,371.43,UPI,Success,2025-01-18
4742,6224,1635,372.89,UPI,Success,2025-01-25
4743,4782,1794,65.31,Card,Pending,2025-01-08
4744,124,719,80.89,Wallet,Failed,2025-02-22
4745,7883,719,406.84,Card,Failed,2025-01-23
4746,136,1518,292.14,Card,Failed,2025-01-06
4747,2356,827,321.83,Cash,Pending,2025-01-13
4748,3872,1752,174.82,Wallet,Success,2025-02-13
4749,9218,1573,204.78,Card,Pending,2025-02-08
4750,8969,1177,163.2,Cash,Success,2025-02-15
4751,2566,19,170.57,Card,Success,2025-01-11
4752,9313,1218,402.99,Wallet,Pending,2025-01-02
4753,3046,112,146.31,UPI,Failed,2025-01-25
4754,2069,1705,323.53,Cash,Success,2025-02-09
4755,109,1745,131.68,Card,Success,2025-01-31
4756,9799,1155,494.35,Cash,Success,2025-02-04
4757,95,1032,297.88,Card,Success,2025-01-22
4758,41,1418,30.64,Cash,Pending,2025-02-04
4759,7808,970,233.19,UPI,Success,2025-01-29
4760,9109,1094,478.71,Wallet,Success,2025-03-03
4761,2490,1577,383.21,Wallet,Pending,2025-01-27
4762,7283,1802,156.04,UPI,Pending,2025-01-22
4763,6730,739,233.37,Cash,Failed,2025-01-02
4764,963,1353,336.76,Cash,Failed,2025-01-04
4765,3733,545,102.85,UPI,Failed,2025-02-03
4766,3117,177,208.19,UPI,Pending,2025-02-10
4767,7836,193,237.32,Wallet,Failed,2025-02-16
4768,1811,1394,109.96,UPI,Success,2025-01-12
4769,9682,1442,456.94,Wallet,Failed,2025-02-13
4770,1724,887,274.6,UPI,Failed,2025-02-22
4771,5298,470,410.93,Wallet,Failed,2025-02-20
4772,476,1019,445.99,UPI,Success,2025-02-17
4773,5026,191,206.64,Cash,Pending,2025-01-04
4774,5211,337,404.38,Cash,Success,2025-02-27
4775,7533,1054,188.23,UPI,Success,2025-01-23
4776,4570,1669,227.61,Wallet,Pending,2025-02-25
4777,7517,291,36.02,Wallet,Pending,2025-01-08
4778,6393,1941,138.71,Card,Failed,2025-02-14
4779,5865,550,415.51,Cash,Failed,2025-01-09
4780,9434,697,203.56,Wallet,Success,2025-01-24
4781,9869,546,405.76,Card,Pending,2025-02-19
4782,8097,1525,133.48,Card,Pending,2025-01-24
4783,631,532,412.05,Wallet,Success,2025-01-07
4784,2912,1299,347.95,Cash,Pending,2025-01-27
4785,5516,1193,453.66,UPI,Failed,2025-02-18
4786,6083,711,55.01,Wallet,Success,2025-01-24
4787,9829,1796,115.47,Cash,Pending,2025-01-30
4788,4982,686,325.63,Card,Success,2025-01-27
4789,8144,911,327.5,Card,Pending,2025-02-10
4790,5479,1015,172.38,Wallet,Failed,2025-01-02
4791,1863,1713,393.62,Card,Success,2025-02-07
4792,9230,1204,134.54,Card,Pending,2025-02-09
4793,5340,933,479.29,UPI,Pending,2025-01-30
4794,7091,588,236.01,Cash,Failed,2025-01-07
4795,1630,844,385.32,Cash,Success,2025-02-12
4796,957,1325,145.42,Wallet,Failed,2025-02-21
4797,1102,285,460.97,UPI,Pending,2025-01-15
4798,2250,1148,156.99,UPI,Failed,2025-01-20
4799,7980,131,97.62,Cash,Success,2025-02-23
4800,3173,969,286.66,Wallet,Success,2025-01-01
4801,4389,116,152.83,Cash,Success,2025-02-08
4802,5024,1794,491.63,Wallet,Failed,2025-02-25
4803,6408,1544,367.26,Card,Pending,2025-02-21
4804,1493,118,167.77,Wallet,Failed,2025-01-01
4805,7582,655,339.79,UPI,Failed,2025-02-03
4806,3975,1667,207.63,UPI,Pending,2025-02-09
4807,7986,1285,246.13,UPI,Success,2025-01-27
4808,2450,1226,392.03,Cash,Pending,2025-02-19
4809,2767,822,461.28,UPI,Success,2025-03-03
4810,6028,1181,62.58,UPI,Success,2025-03-03
4811,196,421,65.34,Wallet,Pending,2025-02-09
4812,7247,1025,55.3,Card,Success,2025-02-03
4813,7010,18,377.99,Card,Pending,2025-02-15
4814,1377,272,80.65,Cash,Success,2025-01-29
4815,922,1623,106.04,Cash,Pending,2025-01-31
4816,6066,1280,375.81,UPI,Failed,2025-02-25
4817,7002,1120,184.89,Cash,Success,2025-01-27
4818,9756,581,160.03,UPI,Success,2025-02-05
4819,8893,1897,204.63,UPI,Failed,2025-01-14
4820,4431,1775,209.04,Card,Success,2025-03-03
4821,9967,821,342.56,Card,Success,2025-02-26
4822,7512,1507,153.24,UPI,Failed,2025-02-13
4823,8571,264,320.81,Wallet,Pending,2025-02-18
4824,9215,1137,68.34,Cash,Success,2025-01-05
4825,1728,1648,92.35,Wallet,Failed,2025-01-27
4826,4777,475,132.97,Wallet,Failed,2025-02-16
4827,9334,701,132.84,Wallet,Failed,2025-02-18
4828,7967,113,293.65,UPI,Success,2025-02-24
4829,3434,1802,58.97,Card,Pending,2025-01-31
4830,2360,337,487.22,Card,Success,2025-02-27
4831,6986,628,155.8,UPI,Pending,2025-01-28
4832,1038,132,340.35,Wallet,Pending,2025-01-06
4833,6560,892,143.14,Cash,Pending,2025-03-03
4834,9378,1707,462.69,Cash,Success,2025-01-26
4835,3141,175,177.44,Card,Pending,2025-01-29
4836,6889,1834,250.75,Wallet,Pending,2025-01-14
4837,1039,233,342.86,Wallet,Success,2025-02-12
4838,6519,665,368.89,Cash,Failed,2025-02-13
4839,8889,185,201.36,Wallet,Success,2025-01-07
4840,5608,774,59.78,UPI,Pending,2025-02-06
4841,3797,1466,210.32,UPI,Pending,2025-02-04
4842,7381,1717,111.72,UPI,Success,2025-02-28
4843,4294,290,331.01,Wallet,Success,2025-01-04
4844,1034,131,230.03,UPI,Failed,2025-01-14
4845,2777,517,372.07,Cash,Pending,2025-03-01
4846,964,903,212.11,Cash,Success,2025-02-20
4847,4233,1239,53.49,Card,Success,2025-01-05
4848,2005,79,66.61,UPI,Failed,2025-02-25
4849,9050,1590,83.62,Card,Success,2025-01-24
4850,7913,305,207.75,Wallet,Failed,2025-02-15
4851,7668,146,353.42,Wallet,Pending,2025-01-28
4852,4824,1966,273.09,Cash,Failed,2025-01-05
4853,7731,1252,165.79,Card,Success,2025-01-15
4854,4207,980,284.2,Cash,Success,2025-01-02
4855,2113,942,52.95,UPI,Failed,2025-02-18
4856,9249,201,109.44,Wallet,Pending,2025-03-03
4857,8145,948,45.49,Wallet,Failed,2025-02-10
4858,9462,965,259.63,UPI,Failed,2025-01-24
4859,4746,1099,317.73,Card,Pending,2025-02-28
4860,911,1579,268.62,UPI,Pending,2025-02-26
4861,8817,1196,144.75,Wallet,Pending,2025-02-14
4862,1597,1420,386.84,UPI,Pending,2025-02-18
4863,8042,560,316.56,Cash,Failed,2025-02-19
4864,4815,1605,278.22,Cash,Failed,2025-02-02
4865,6257,911,33.38,Wallet,Failed,2025-01-22
4866,6566,107,374.17,Card,Pending,2025-01-08
4867,9883,1825,45.28,Wallet,Success,2025-02-02
4868,9550,801,145.35,Card,Failed,2025-02-05
4869,1653,1929,241.51,UPI,Pending,2025-01-24
4870,1968,1957,326.23,Wallet,Success,2025-01-06
4871,7250,1724,307.06,Cash,Pending,2025-02-03
4872,5932,808,328.07,UPI,Success,2025-02-26
4873,700,398,96.62,UPI,Failed,2025-03-01
4874,8182,1395,460.01,UPI,Failed,2025-01-10
4875,7960,321,329.49,Wallet,Failed,2025-01-13
4876,4498,937,248.44,Cash,Pending,2025-01-28
4877,6071,6,90.71,Card,Pending,2025-02-27
4878,9136,1927,90.23,Wallet,Failed,2025-02-20
4879,1976,163,160.15,UPI,Pending,2025-02-05
4880,9835,1161,351.5,Card,Failed,2025-02-10
4881,3373,1810,89.33,Card,Success,2025-01-12
4882,327,1533,450.73,UPI,Success,2025-01-15
4883,2803,1448,296.24,UPI,Success,2025-02-11
4884,133,541,363.79,Card,Failed,2025-01-29
4885,9311,79,98.95,Wallet,Pending,2025-02-16
4886,5573,637,163.58,Cash,Success,2025-03-03
4887,7814,918,291.23,Wallet,Failed,2025-01-23
4888,1639,317,257.54,Wallet,Pending,2025-01-24
4889,7374,1040,275.89,Wallet,Success,2025-01-28
4890,4571,148,413.33,Wallet,Success,2025-01-07
4891,3579,1016,291.48,Wallet,Failed,2025-02-21
4892,1958,539,127.66,UPI,Failed,2025-02-10
4893,6473,1151,428.29,Card,Pending,2025-01-12
4894,4046,858,78.91,Card,Pending,2025-02-07
4895,8702,1523,336.6,UPI,Success,2025-01-28
4896,5653,37,72.07,UPI,Pending,2025-01-01
4897,8058,160,367.84,Card,Failed,2025-02-14
4898,8615,835,109.77,Card,Pending,2025-02-02
4899,5653,1424,184.85,Wallet,Success,2025-02-01
4900,1293,314,225.85,Wallet,Failed,2025-02-07
4901,8551,639,366.62,Cash,Success,2025-01-13
4902,8341,505,290.24,Cash,Success,2025-01-13
4903,9662,166,85.22,Cash,Failed,2025-01-02
4904,7491,651,129.42,Wallet,Success,2025-01-05
4905,6515,517,353.52,Cash,Success,2025-01-10
4906,8424,1627,334.25,Cash,Success,2025-03-03
4907,4988,1797,412.18,Cash,Failed,2025-01-01
4908,9848,1566,376.53,UPI,Success,2025-02-03
4909,3067,980,281.04,Cash,Success,2025-02-07
4910,8363,1736,283.92,Cash,Success,2025-01-28
4911,7203,263,251.41,UPI,Success,2025-03-02
4912,8226,887,282.58,UPI,Success,2025-02-16
4913,2912,521,437.98,Card,Failed,2025-02-18
4914,9475,1183,205.09,Cash,Failed,2025-01-05
4915,3886,1198,487.12,Cash,Success,2025-01-29
4916,5291,1696,372.35,UPI,Success,2025-02-28
4917,9228,819,44.56,Cash,Success,2025-01-16
4918,6723,891,329.57,Cash,Failed,2025-02-19
4919,2577,1546,351.05,UPI,Pending,2025-01-18
4920,2777,1111,236.51,Wallet,Failed,2025-01-26
4921,4566,1462,217.34,UPI,Failed,2025-02-16
4922,8748,1852,56.42,Wallet,Success,2025-02-06
4923,2331,52,284.52,Card,Success,2025-01-21
4924,2541,1045,241.01,UPI,Failed,2025-01-11
4925,3166,1682,320.08,Wallet,Success,2025-02-04
4926,8117,967,324.73,Cash,Pending,2025-02-25
4927,4422,884,344.36,Wallet,Success,2025-03-03
4928,3727,317,307.24,UPI,Success,2025-02-15
4929,4022,247,50.99,Cash,Pending,2025-01-13
4930,1258,808,86.25,UPI,Pending,2025-03-01
4931,4008,1991,295.12,Card,Failed,2025-02-05
4932,2530,1038,105.05,Wallet,Success,2025-02-15
4933,2628,417,154.13,Card,Failed,2025-01-21
4934,2008,1651,196.49,Card,Success,2025-01-03
4935,313,1316,230.37,Wallet,Failed,2025-03-03
4936,9069,702,334.42,Wallet,Failed,2025-02-17
4937,6027,443,426.73,Cash,Success,2025-02-21
4938,5904,577,413.24,Wallet,Success,2025-02-27
4939,1395,1489,498.68,Cash,Failed,2025-02-03
4940,4167,1854,406.78,Card,Pending,2025-02-03
4941,5362,1212,45.7,UPI,Success,2025-02-20
4942,6027,1474,211.62,UPI,Success,2025-03-01
4943,7238,1063,211.72,Wallet,Failed,2025-02-14
4944,4980,106,168.4,Cash,Success,2025-01-17
4945,8653,476,295.87,Wallet,Pending,2025-02-22
4946,5823,698,293.04,Wallet,Pending,2025-01-01
4947,7961,1470,482.83,Card,Failed,2025-02-15
4948,8045,1824,281.83,Card,Pending,2025-01-20
4949,4217,319,342.78,UPI,Failed,2025-02-10
4950,3185,1736,67.02,Wallet,Success,2025-02-12
4951,6336,1546,478.11,Wallet,Failed,2025-01-21
4952,2902,883,304.05,Card,Success,2025-02-25
4953,5557,1304,483.4,Cash,Success,2025-01-04
4954,3048,1258,374.67,UPI,Failed,2025-02-12
4955,6765,1231,172.59,Cash,Success,2025-01-04
4956,551,992,107.22,UPI,Success,2025-02-27
4957,1618,1030,235.61,UPI,Pending,2025-02-26
4958,2469,1109,90.03,UPI,Failed,2025-02-01
4959,2402,1359,139.38,UPI,Failed,2025-01-03
4960,5819,646,219.82,Wallet,Failed,2025-01-04
4961,6550,1584,131.38,Cash,Failed,2025-02-16
4962,2924,953,185.93,Card,Pending,2025-02-25
4963,5410,1763,470.15,Cash,Success,2025-01-02
4964,3991,290,173.1,UPI,Success,2025-01-20
4965,9298,948,294.35,Wallet,Pending,2025-02-13
4966,679,1428,43.21,Card,Failed,2025-01-07
4967,4323,1799,435.31,UPI,Failed,2025-02-08
4968,1211,212,124.09,UPI,Pending,2025-02-17
4969,2972,1240,154.1,Wallet,Success,2025-01-10
4970,7570,1017,85.73,Wallet,Success,2025-01-15
4971,8332,192,490.79,Cash,Success,2025-02-08
4972,5475,870,421.61,Card,Failed,2025-01-15
4973,6996,1155,171.61,Cash,Failed,2025-02-08
4974,3320,815,37.65,UPI,Failed,2025-01-15
4975,536,378,245.19,Cash,Failed,2025-02-06
4976,3782,1465,451.58,Cash,Success,2025-02-22
4977,698,1050,180.28,Cash,Success,2025-02-27
4978,3781,1025,335.13,Cash,Failed,2025-02-06
4979,1799,894,375.36,Wallet,Success,2025-01-17
4980,2868,1864,167.7,Cash,Pending,2025-02-23
4981,4378,1381,295.8,Cash,Pending,2025-01-28
4982,6699,374,163.93,UPI,Success,2025-02-02
4983,2904,73,221.3,UPI,Pending,2025-02-13
4984,5262,1029,351.28,UPI,Success,2025-02-09
4985,4180,1683,193.18,Wallet,Success,2025-02-21
4986,6443,685,453.33,Wallet,Success,2025-01-14
4987,5288,1766,475.95,Wallet,Pending,2025-01-28
4988,8690,1585,438.23,Cash,Success,2025-01-23
4989,8571,1469,387.69,Cash,Failed,2025-01-04
4990,3005,1514,131.81,Cash,Pending,2025-02-25
4991,9908,1329,249.68,Wallet,Failed,2025-03-03
4992,8992,589,496.33,Wallet,Failed,2025-01-20
4993,3788,1936,272.93,Wallet,Success,2025-02-10
4994,6446,1909,386.91,UPI,Pending,2025-01-03
4995,9781,1657,436.64,Card,Success,2025-01-22
4996,6747,1889,446.78,UPI,Pending,2025-01-15
4997,7065,1569,326.6,Wallet,Success,2025-01-21
4998,7645,140,101.22,UPI,Success,2025-01-30
4999,7954,891,189.11,Card,Pending,2025-02-23
5000,2568,352,465.4,Wallet,Pending,2025-02-23
5001,9697,777,366.1,UPI,Pending,2025-02-21
5002,3325,2,256.14,Cash,Failed,2025-01-20
5003,6744,1672,162.79,Card,Pending,2025-02-20
5004,4100,1464,283.04,Wallet,Success,2025-01-10
5005,4627,391,174.03,UPI,Failed,2025-02-09
5006,8812,1333,450.48,Card,Pending,2025-02-22
5007,3619,1090,93.25,Card,Success,2025-01-19
5008,2033,839,403.53,Wallet,Failed,2025-01-29
5009,4115,199,208.69,UPI,Failed,2025-02-19
5010,3126,320,432.21,UPI,Pending,2025-02-21
5011,5649,771,418.77,Cash,Pending,2025-01-23
5012,7187,88,373.28,UPI,Success,2025-01-05
5013,5424,1177,228.04,UPI,Failed,2025-01-11
5014,3049,1635,80.92,Card,Pending,2025-02-02
5015,647,1863,467.74,Cash,Failed,2025-02-18
5016,7268,1577,212.43,Cash,Failed,2025-02-10
5017,7053,1609,404.88,UPI,Success,2025-02-09
5018,2092,576,480.55,Cash,Success,2025-01-19
5019,4462,465,384.13,Wallet,Pending,2025-01-07
5020,9844,684,406.58,Wallet,Success,2025-02-25
5021,9493,184,439.65,UPI,Failed,2025-02-12
5022,7499,842,369.44,Cash,Pending,2025-01-09
5023,3704,1533,400.69,Cash,Pending,2025-01-06
5024,9281,885,191.39,Wallet,Pending,2025-01-18
5025,1779,970,128.65,Wallet,Failed,2025-02-26
5026,4451,907,127.19,UPI,Failed,2025-02-08
5027,4682,1042,336.45,Cash,Failed,2025-03-03
5028,5201,485,278.63,UPI,Success,2025-02-16
5029,8199,1734,99.92,UPI,Failed,2025-01-20
5030,845,504,51.58,Cash,Success,2025-02-16
5031,419,449,100.84,Card,Success,2025-02-27
5032,2441,465,175.81,Wallet,Failed,2025-02-17
5033,448,1832,236.63,Wallet,Success,2025-01-25
5034,3468,1456,483.98,Cash,Pending,2025-01-02
5035,9700,580,281.34,Card,Success,2025-02-08
5036,2897,1452,336.2,Cash,Failed,2025-02-28
5037,6698,1159,249.48,Cash,Failed,2025-01-25
5038,9779,1508,268.86,UPI,Pending,2025-02-20
5039,1843,1569,104.82,Card,Success,2025-01-05
5040,5866,975,227.51,UPI,Pending,2025-01-03
5041,8545,1971,36.27,Card,Failed,2025-02-23
5042,2542,775,30.99,Card,Success,2025-02-28
5043,4192,165,430.43,Cash,Success,2025-03-03
5044,2430,665,465.12,Cash,Pending,2025-01-01
5045,7610,1206,330.43,Card,Pending,2025-01-15
5046,190,1000,459.24,UPI,Pending,2025-01-25
5047,776,1453,291.91,UPI,Success,2025-01-03
5048,1727,928,187.87,Wallet,Failed,2025-02-05
5049,3731,37,391.26,Card,Pending,2025-01-19
5050,2867,276,120.84,UPI,Failed,2025-02-01
5051,226,642,275.64,Wallet,Failed,2025-01-30
5052,1440,416,256.86,Cash,Pending,2025-01-10
5053,3463,277,95.31,Card,Success,2025-02-10
5054,6658,424,202.13,Card,Success,2025-01-06
5055,1481,937,361.1,Wallet,Success,2025-02-27
5056,1577,1325,365.2,Cash,Pending,2025-02-03
5057,1479,1012,64.05,Card,Success,2025-01-26
5058,8310,1835,404.86,Wallet,Pending,2025-02-24
5059,9079,1368,442.89,Wallet,Failed,2025-01-08
5060,421,1532,487.34,Wallet,Success,2025-01-11
5061,8383,640,310.44,Card,Pending,2025-01-01
5062,1862,984,122.27,UPI,Success,2025-02-04
5063,9832,142,138.65,Wallet,Pending,2025-01-11
5064,9115,1842,272.58,Wallet,Success,2025-02-13
5065,5521,1167,318.23,Card,Pending,2025-02-10
5066,9917,1757,34.28,UPI,Success,2025-02-27
5067,5942,447,359.66,UPI,Failed,2025-02-05
5068,7265,1068,448.9,Card,Success,2025-02-16
5069,7524,1498,487.52,Wallet,Pending,2025-01-13
5070,1329,225,123.26,Wallet,Success,2025-01-09
5071,8057,1561,213.22,Card,Failed,2025-02-12
5072,6604,206,281.04,Card,Failed,2025-01-20
5073,9279,892,105.69,Wallet,Failed,2025-02-03
5074,58,1565,437.61,Cash,Success,2025-02-09
5075,960,1808,107,UPI,Pending,2025-01-15
5076,3054,1238,442.42,Card,Success,2025-03-01
5077,6412,844,100.87,Wallet,Failed,2025-02-25
5078,7764,1905,97.68,UPI,Pending,2025-02-01
5079,6681,300,309.78,Card,Failed,2025-02-04
5080,6024,281,151.92,Cash,Failed,2025-02-05
5081,7689,164,340.67,Wallet,Success,2025-01-11
5082,5027,17,425.91,UPI,Pending,2025-02-13
5083,7665,1173,375.9,Wallet,Pending,2025-01-07
5084,1127,1982,125.81,UPI,Pending,2025-02-18
5085,3470,884,321.79,UPI,Success,2025-01-14
5086,89,1827,240.25,Card,Failed,2025-01-29
5087,5591,777,461.06,UPI,Success,2025-02-12
5088,2342,1617,264.18,Card,Failed,2025-02-10
5089,1349,798,216.06,Cash,Pending,2025-01-29
5090,50,631,49.85,Card,Success,2025-01-04
5091,7962,6,248.15,Wallet,Pending,2025-02-14
5092,4974,1781,207.92,UPI,Failed,2025-03-03
5093,8367,1780,215.16,Wallet,Pending,2025-02-07
5094,5099,1011,371.52,Card,Failed,2025-02-15
5095,755,929,68.23,Wallet,Success,2025-02-13
5096,1922,697,353.36,UPI,Pending,2025-03-03
5097,7515,1754,196.2,Wallet,Failed,2025-01-12
5098,5243,1609,171.36,Card,Failed,2025-01-04
5099,871,1518,319.37,Cash,Success,2025-01-25
5100,1498,1266,421.99,Cash,Pending,2025-01-03
5101,5950,146,356.06,UPI,Failed,2025-02-10
5102,9755,1713,336.71,Wallet,Success,2025-01-05
5103,68,1140,359.35,Cash,Failed,2025-01-18
5104,5559,704,310.55,Wallet,Success,2025-02-18
5105,2322,1798,166.72,Cash,Success,2025-01-08
5106,2436,529,188.35,Wallet,Failed,2025-01-24
5107,4876,1149,477.63,UPI,Success,2025-01-11
5108,3437,465,411.29,UPI,Pending,2025-01-07
5109,7910,483,149.74,Cash,Success,2025-03-03
5110,7323,1596,424.39,UPI,Success,2025-01-22
5111,231,1610,364.14,Cash,Pending,2025-01-26
5112,4608,1773,156.57,Cash,Failed,2025-01-11
5113,2193,163,299.06,Wallet,Failed,2025-02-26
5114,4841,1970,88.45,UPI,Pending,2025-01-18
5115,7321,78,307.47,Cash,Pending,2025-01-04
5116,1559,32,362.4,UPI,Pending,2025-02-08
5117,1685,1188,459.7,Cash,Failed,2025-03-01
5118,6025,573,77.77,UPI,Success,2025-02-01
5119,1236,106,319.7,Card,Pending,2025-02-09
5120,8841,187,64.93,Card,Failed,2025-02-25
5121,6027,354,67.48,UPI,Pending,2025-01-05
5122,4229,116,157.23,Card,Failed,2025-01-15
5123,2599,1019,83.36,Cash,Pending,2025-02-14
5124,7416,389,299.97,Wallet,Failed,2025-01-28
5125,8783,541,415.66,Cash,Success,2025-01-23
5126,2321,766,37.8,Wallet,Failed,2025-01-19
5127,5952,1206,448.52,Card,Success,2025-02-21
5128,3681,274,195.06,Wallet,Pending,2025-02-17
5129,4788,1459,241.26,Card,Failed,2025-02-03
5130,1348,1341,350.51,UPI,Pending,2025-01-29
5131,6718,92,262.56,UPI,Failed,2025-01-16
5132,3647,1055,275.3,UPI,Failed,2025-01-29
5133,6736,1932,400.51,Cash,Pending,2025-02-10
5134,1714,1121,79.72,Wallet,Pending,2025-01-04
5135,2510,564,234.36,Card,Pending,2025-01-05
5136,3976,1443,162.42,Wallet,Success,2025-01-20
5137,3146,374,164.13,Cash,Success,2025-03-01
5138,6905,1379,479.59,UPI,Success,2025-01-13
5139,113,1642,479.81,Card,Failed,2025-01-09
5140,8203,1307,147.59,Cash,Failed,2025-01-16
5141,7058,1819,304.33,Card,Pending,2025-01-03
5142,3629,223,93.84,Wallet,Success,2025-01-05
5143,1367,1033,162.43,Cash,Success,2025-01-04
5144,4630,1142,194.98,Cash,Success,2025-02-11
5145,4301,273,221.21,Wallet,Failed,2025-01-11
5146,5243,1189,406.37,Card,Failed,2025-01-25
5147,2396,781,337.1,Card,Success,2025-01-27
5148,6992,1597,210.43,Cash,Success,2025-03-02
5149,221,231,336.52,UPI,Pending,2025-03-03
5150,7442,78,76.78,Card,Pending,2025-01-25
5151,5551,1234,368.55,UPI,Failed,2025-01-22
5152,3866,1033,359.76,UPI,Failed,2025-01-21
5153,659,1656,248.62,UPI,Pending,2025-01-27
5154,6643,1324,80.21,Wallet,Success,2025-01-12
5155,7302,238,355.07,Wallet,Success,2025-02-27
5156,7586,766,228.77,Cash,Pending,2025-02-06
5157,510,1186,298.67,Wallet,Success,2025-01-12
5158,4461,970,375.8,Wallet,Failed,2025-02-18
5159,1703,1324,370.81,UPI,Success,2025-01-19
5160,1041,373,89.89,Card,Success,2025-02-12
5161,442,179,351.29,UPI,Pending,2025-02-27
5162,4961,1523,94.15,Cash,Pending,2025-01-20
5163,9053,1654,342.97,Cash,Failed,2025-02-23
5164,6290,203,274.66,Card,Success,2025-02-03
5165,3141,1970,260.89,Wallet,Failed,2025-01-17
5166,5516,797,219.07,Cash,Pending,2025-01-17
5167,3270,90,192.13,Card,Pending,2025-01-14
5168,6927,11,443.59,Wallet,Failed,2025-01-02
5169,1374,327,277.76,Card,Pending,2025-01-15
5170,5792,1281,423.11,UPI,Failed,2025-01-03
5171,2878,760,286.36,Wallet,Success,2025-02-24
5172,9239,19,402.27,Cash,Success,2025-01-08
5173,5049,1929,212.69,UPI,Pending,2025-02-05
5174,8085,1267,185.35,Card,Pending,2025-02-13
5175,8363,1947,136.99,Card,Success,2025-02-06
5176,1354,875,321.6,Card,Success,2025-02-25
5177,3006,1598,175.91,Cash,Success,2025-03-01
5178,7335,1823,449.31,UPI,Failed,2025-01-14
5179,4189,557,482.02,Cash,Pending,2025-02-16
5180,9093,1411,277.41,Card,Failed,2025-01-30
5181,2648,695,61.34,Cash,Failed,2025-02-22
5182,4459,1469,419.87,Wallet,Pending,2025-02-17
5183,1321,1851,429,Cash,Pending,2025-02-09
5184,1656,950,411.22,Wallet,Pending,2025-01-18
5185,5289,1682,172.09,Card,Pending,2025-01-31
5186,7174,1696,458.19,Cash,Pending,2025-02-16
5187,5303,607,427.63,Card,Success,2025-01-27
5188,5358,1465,450.48,Card,Pending,2025-02-24
5189,1547,1490,396.45,UPI,Success,2025-02-18
5190,3924,1989,436.47,Wallet,Pending,2025-01-09
5191,1777,390,301.05,Wallet,Success,2025-01-12
5192,8420,1409,265.69,UPI,Pending,2025-02-05
5193,3855,1189,466.72,Wallet,Pending,2025-02-15
5194,7131,337,144.16,Wallet,Pending,2025-02-05
5195,7160,357,448.44,Cash,Failed,2025-02-15
5196,8384,1472,176.04,Wallet,Pending,2025-01-14
5197,1217,1197,46.93,Card,Success,2025-02-10
5198,2448,1140,308.94,Wallet,Pending,2025-02-14
5199,9620,471,134.47,Cash,Pending,2025-01-22
5200,362,1638,413.72,Card,Success,2025-01-07
5201,5834,350,351.22,Wallet,Success,2025-01-15
5202,5303,682,435.1,Card,Success,2025-01-09
5203,8051,278,119.7,Cash,Pending,2025-01-17
5204,3836,923,189.22,Card,Success,2025-01-01
5205,804,374,233.91,Cash,Success,2025-02-12
5206,1014,484,260.39,UPI,Failed,2025-02-04
5207,4975,1411,80.2,UPI,Success,2025-01-20
5208,9112,1688,319.94,UPI,Pending,2025-01-10
5209,3205,757,237.45,UPI,Failed,2025-01-21
5210,9237,1196,279.16,Card,Pending,2025-02-24
5211,5616,489,417.85,Cash,Pending,2025-02-08
5212,2467,262,481.83,Cash,Failed,2025-02-03
5213,6658,799,265.22,Wallet,Pending,2025-01-18
5214,5058,1199,60.28,Cash,Pending,2025-01-14
5215,1569,1922,290.78,Cash,Failed,2025-01-20
5216,6942,69,258.06,Cash,Failed,2025-01-15
5217,7653,314,40.73,UPI,Pending,2025-01-01
5218,7355,1404,386.72,Cash,Success,2025-01-28
5219,6959,1864,396.43,Cash,Failed,2025-03-03
5220,8323,1457,396.37,Cash,Success,2025-01-19
5221,2770,769,133.36,Wallet,Failed,2025-02-17
5222,5145,1113,408.56,UPI,Success,2025-02-13
5223,2501,1675,428.37,Wallet,Failed,2025-01-07
5224,7785,556,431.01,Wallet,Success,2025-02-28
5225,5122,685,94.75,Cash,Failed,2025-01-20
5226,2375,980,47.63,UPI,Success,2025-02-11
5227,9426,443,113.72,Card,Failed,2025-02-07
5228,1384,1092,199.54,UPI,Success,2025-02-19
5229,9000,1310,139.48,Wallet,Success,2025-01-22
5230,1561,1801,217.2,Card,Failed,2025-01-13
5231,7682,737,306.39,Cash,Pending,2025-01-25
5232,6859,28,177.38,UPI,Pending,2025-01-12
5233,1481,1934,468.13,Wallet,Success,2025-02-09
5234,2479,437,63.56,Card,Failed,2025-01-31
5235,3319,1594,116.83,Cash,Pending,2025-01-30
5236,5494,890,157.46,Wallet,Failed,2025-01-17
5237,7052,599,109.79,Cash,Success,2025-01-15
5238,5756,1378,187.21,Card,Failed,2025-01-11
5239,1913,1818,103.36,Card,Success,2025-01-03
5240,3960,738,167.92,Cash,Failed,2025-02-28
5241,4544,675,449.5,Cash,Success,2025-03-03
5242,6478,1040,346.35,UPI,Success,2025-01-05
5243,8336,1900,245.14,UPI,Success,2025-01-20
5244,6452,46,172.38,UPI,Pending,2025-02-09
5245,2390,1745,339.29,UPI,Failed,2025-01-07
5246,383,817,367.97,UPI,Pending,2025-02-27
5247,3979,672,389.72,Wallet,Failed,2025-02-07
5248,478,832,313.73,Wallet,Failed,2025-01-14
5249,3590,1685,301.58,UPI,Success,2025-01-31
5250,9522,1421,130.58,Cash,Failed,2025-02-04
5251,3534,278,448.37,Cash,Success,2025-01-27
5252,5852,575,371.55,UPI,Pending,2025-02-02
5253,2208,1484,343.91,UPI,Failed,2025-01-03
5254,4087,1381,159.24,Cash,Pending,2025-02-24
5255,3063,1481,78.53,Cash,Failed,2025-02-23
5256,1846,1982,420.43,Card,Pending,2025-01-17
5257,1996,3,472.16,Cash,Pending,2025-02-28
5258,3252,1791,196.68,UPI,Success,2025-01-04
5259,7003,1936,358.51,Cash,Success,2025-02-17
5260,5690,706,198.55,Card,Pending,2025-01-24
5261,1150,542,444.51,Card,Success,2025-02-05
5262,5305,1740,33.4,Cash,Pending,2025-02-24
5263,6793,1613,376.38,Cash,Failed,2025-01-17
5264,1011,708,137.34,Cash,Success,2025-01-03
5265,2855,1266,468.87,Cash,Pending,2025-01-28
5266,3072,1628,117,Wallet,Success,2025-02-25
5267,3192,1152,433.28,Wallet,Success,2025-02-14
5268,9674,736,351.64,Cash,Success,2025-01-20
5269,2824,1691,63.29,Cash,Pending,2025-02-24
5270,4241,44,292.41,UPI,Success,2025-01-07
5271,395,1998,251.71,Card,Failed,2025-01-29
5272,399,1750,378.85,Wallet,Failed,2025-02-23
5273,4660,474,366.29,UPI,Failed,2025-02-12
5274,1309,972,224.3,UPI,Pending,2025-01-24
5275,1376,363,194.3,Card,Pending,2025-01-26
5276,4521,574,144.73,Card,Failed,2025-01-18
5277,8324,49,132.12,Card,Success,2025-01-21
5278,9676,702,275.52,Wallet,Failed,2025-02-08
5279,240,413,81.34,Wallet,Pending,2025-02-16
5280,8587,169,379.41,Cash,Failed,2025-02-25
5281,8758,1526,67.56,Cash,Pending,2025-01-01
5282,2317,1785,106.84,Wallet,Pending,2025-01-20
5283,5931,417,102.56,UPI,Failed,2025-02-01
5284,2447,778,362.68,UPI,Success,2025-02-13
5285,9685,858,436.05,UPI,Success,2025-02-16
5286,4209,516,88.78,Cash,Pending,2025-03-01
5287,2038,1114,251.99,UPI,Success,2025-01-24
5288,930,317,121.82,Card,Success,2025-01-18
5289,114,399,64.85,Card,Success,2025-01-23
5290,6284,1791,294.72,Wallet,Success,2025-02-07
5291,9824,459,473.16,Wallet,Success,2025-01-02
5292,6845,486,73.03,Cash,Pending,2025-02-22
5293,2187,1615,239.57,Card,Failed,2025-01-13
5294,2093,200,443.91,UPI,Pending,2025-02-24
5295,2968,1131,152.54,Cash,Failed,2025-02-01
5296,3222,145,431.02,Wallet,Pending,2025-02-17
5297,7351,1874,410.15,UPI,Success,2025-03-03
5298,1635,1244,405.23,UPI,Success,2025-01-07
5299,9480,1571,209.51,Cash,Success,2025-01-23
5300,8744,796,443.19,Card,Failed,2025-01-06
5301,4631,1207,343.56,Wallet,Pending,2025-01-11
5302,6438,1852,280.99,UPI,Success,2025-01-01
5303,1558,1844,260.24,Card,Success,2025-02-08
5304,7625,1691,43.61,Card,Failed,2025-01-06
5305,4817,1142,330.67,UPI,Failed,2025-01-01
5306,6738,774,167,Card,Success,2025-02-06
5307,5803,577,339.3,Wallet,Success,2025-02-27
5308,5612,484,345.47,Cash,Pending,2025-01-02
5309,7659,271,121.37,Cash,Success,2025-02-05
5310,2961,370,142.92,Card,Pending,2025-01-20
5311,1914,45,394.82,Cash,Pending,2025-02-01
5312,9832,1895,430.9,Wallet,Success,2025-02-09
5313,5401,1859,336.41,Wallet,Success,2025-01-05
5314,9965,746,58.37,Cash,Failed,2025-02-12
5315,3219,983,93.04,Cash,Failed,2025-01-04
5316,2379,1691,342.62,UPI,Failed,2025-02-21
5317,2132,1158,112.9,Cash,Pending,2025-02-13
5318,520,1386,88.31,Cash,Success,2025-02-13
5319,4902,946,362.95,Wallet,Success,2025-02-28
5320,9348,1858,255.2,Wallet,Success,2025-03-03
5321,5263,1277,36.49,UPI,Success,2025-01-26
5322,3052,1371,252.98,Card,Pending,2025-02-17
5323,2058,749,99.25,UPI,Pending,2025-02-26
5324,8238,1151,406.21,Card,Success,2025-02-18
5325,5159,25,346.6,Cash,Success,2025-02-22
5326,2800,360,72.07,UPI,Pending,2025-01-05
5327,1140,1404,296.53,Card,Success,2025-01-23
5328,4705,161,469.08,Wallet,Success,2025-02-04
5329,4785,529,137.88,Wallet,Success,2025-02-18
5330,8960,462,245.01,Wallet,Success,2025-01-02
5331,3406,915,151.67,Wallet,Pending,2025-01-16
5332,9172,1365,193.56,UPI,Success,2025-02-13
5333,3130,1780,125.97,Card,Failed,2025-01-10
5334,5881,1158,488.16,Card,Pending,2025-02-25
5335,5766,342,355,Cash,Failed,2025-01-15
5336,9671,342,36.74,Cash,Pending,2025-02-25
5337,9281,103,410.38,Card,Success,2025-01-04
5338,5149,748,168.83,Card,Success,2025-01-25
5339,4508,244,235.29,Card,Success,2025-01-12
5340,8666,1296,387.21,Card,Failed,2025-01-02
5341,9467,1262,341.26,Cash,Pending,2025-02-04
5342,7553,405,215.11,UPI,Success,2025-01-18
5343,261,944,450.56,Wallet,Success,2025-01-13
5344,9166,190,470.82,Card,Pending,2025-02-28
5345,4883,414,101.42,Card,Failed,2025-01-03
5346,6570,31,410.47,UPI,Failed,2025-02-09
5347,1876,521,338.83,Wallet,Failed,2025-01-15
5348,9369,128,371.67,Cash,Failed,2025-02-04
5349,3798,1767,195.85,Wallet,Failed,2025-01-22
5350,1536,610,296.07,Wallet,Success,2025-01-11
5351,2535,1513,431.85,Wallet,Success,2025-01-30
5352,5127,911,472.08,Cash,Failed,2025-01-24
5353,3309,1768,327.5,UPI,Pending,2025-01-03
5354,1099,35,36.98,Card,Success,2025-01-06
5355,5500,1470,56.18,UPI,Pending,2025-01-24
5356,6216,1362,329.89,Wallet,Pending,2025-01-11
5357,3059,692,249.14,Cash,Pending,2025-02-26
5358,7894,746,379.57,Cash,Pending,2025-01-03
5359,9051,156,166.22,Card,Pending,2025-02-07
5360,3927,942,140.1,UPI,Pending,2025-02-01
5361,6234,1102,281.98,Card,Failed,2025-01-18
5362,7200,70,356.8,Wallet,Pending,2025-03-02
5363,1061,1767,193.04,Cash,Success,2025-02-18
5364,3445,1539,74.43,Wallet,Pending,2025-01-10
5365,1340,808,347.65,Wallet,Failed,2025-02-21
5366,1483,1022,408.94,Card,Pending,2025-01-30
5367,1597,1300,118.61,Card,Success,2025-02-20
5368,7324,1737,323.38,UPI,Failed,2025-01-08
5369,7894,731,361.68,Cash,Pending,2025-01-01
5370,3464,1521,267.65,Wallet,Success,2025-01-27
5371,6649,1888,478.8,Card,Failed,2025-01-04
5372,2404,49,428.07,UPI,Pending,2025-01-13
5373,8510,1706,374.37,Cash,Failed,2025-02-06
5374,5489,1338,266.38,Cash,Success,2025-02-18
5375,4794,1222,270.87,Cash,Failed,2025-02-24
5376,2962,1509,169.47,UPI,Success,2025-02-26
5377,9395,889,204.24,UPI,Success,2025-01-17
5378,9618,1188,315.89,Wallet,Pending,2025-02-08
5379,8993,1647,113.08,UPI,Success,2025-02-11
5380,520,1381,493.74,Card,Failed,2025-01-15
5381,5390,815,297.06,Card,Pending,2025-02-20
5382,7155,1766,84.39,UPI,Success,2025-01-19
5383,2866,654,352.34,UPI,Failed,2025-01-29
5384,7730,1185,149.29,Cash,Success,2025-02-19
5385,481,1330,368.91,Cash,Failed,2025-02-16
5386,71,1450,78.62,Cash,Failed,2025-02-07
5387,3129,459,68.54,Card,Pending,2025-01-07
5388,2544,622,408.35,UPI,Failed,2025-02-24
5389,301,802,80.9,Cash,Failed,2025-03-03
5390,1120,1576,208.28,Card,Success,2025-02-11
5391,1243,1300,70.1,Cash,Pending,2025-01-08
5392,9149,1018,319.61,Wallet,Failed,2025-02-06
5393,6943,1295,294.17,Cash,Success,2025-01-01
5394,7537,76,100.33,Wallet,Pending,2025-02-17
5395,1783,1017,171.78,Card,Pending,2025-02-11
5396,1302,1360,206.51,Cash,Pending,2025-01-31
5397,6828,171,45.07,Card,Pending,2025-01-18
5398,4170,405,489.1,Wallet,Success,2025-02-01
5399,1646,563,470.85,UPI,Success,2025-01-13
5400,7199,1465,210.45,UPI,Failed,2025-03-03
5401,9315,1528,49.42,UPI,Failed,2025-02-22
5402,9693,698,78.5,Wallet,Failed,2025-02-09
5403,3728,1428,149.41,Wallet,Failed,2025-01-09
5404,797,641,373.28,Card,Pending,2025-02-02
5405,9848,1153,148.76,Cash,Failed,2025-02-09
5406,3334,1184,144.15,Wallet,Success,2025-02-11
5407,4188,1369,107.98,UPI,Pending,2025-01-06
5408,9534,254,265.71,Card,Failed,2025-01-12
5409,7026,1159,257.83,Card,Failed,2025-01-31
5410,7645,241,309.36,Wallet,Failed,2025-01-05
5411,64,250,168.03,Cash,Failed,2025-02-28
5412,6823,570,384.77,Wallet,Pending,2025-02-21
5413,4797,1599,282.37,Cash,Success,2025-02-27
5414,4573,1186,469.33,Card,Success,2025-01-04
5415,5227,205,90.44,Cash,Failed,2025-02-21
5416,7711,1915,368.53,Cash,Success,2025-01-01
5417,2992,1909,441.8,Cash,Failed,2025-03-02
5418,7437,751,200.54,Card,Failed,2025-01-11
5419,845,518,428.01,Wallet,Success,2025-02-15
5420,5367,1952,354.41,UPI,Failed,2025-01-12
5421,6451,209,71.75,Cash,Success,2025-02-19
5422,3090,1184,444.9,Card,Pending,2025-02-21
5423,341,686,498.31,Cash,Failed,2025-01-25
5424,2328,870,64.97,UPI,Failed,2025-02-16
5425,5850,899,446.64,Wallet,Pending,2025-01-16
5426,3845,1139,421.72,Card,Pending,2025-02-09
5427,5944,473,428.09,Wallet,Success,2025-02-13
5428,8639,1404,270.05,Wallet,Pending,2025-02-14
5429,5778,327,156.51,Cash,Failed,2025-02-03
5430,395,2000,150.93,Cash,Success,2025-01-17
5431,3829,567,117.86,Card,Pending,2025-02-09
5432,9838,172,139.1,Card,Failed,2025-02-11
5433,6539,979,443.7,Card,Success,2025-02-26
5434,7378,1972,363.77,Wallet,Pending,2025-02-28
5435,9653,1891,42.75,UPI,Success,2025-01-17
5436,7126,1471,125.83,Card,Pending,2025-01-08
5437,9821,1041,170.96,Wallet,Success,2025-02-15
5438,882,1943,77.81,Card,Failed,2025-01-01
5439,9046,1827,437.89,Wallet,Success,2025-02-07
5440,1437,488,285.82,UPI,Failed,2025-01-01
5441,2039,1510,365.47,UPI,Failed,2025-03-02
5442,1623,1407,176.44,Cash,Pending,2025-02-14
5443,205,1431,240.53,Cash,Success,2025-01-08
5444,6303,1252,487.34,Card,Failed,2025-01-29
5445,6245,236,379.19,Cash,Failed,2025-02-13
5446,2658,246,378.96,Wallet,Success,2025-01-21
5447,1852,1543,150.32,Wallet,Success,2025-02-24
5448,2809,1440,92.15,Card,Success,2025-01-07
5449,9500,1559,149.97,Cash,Success,2025-01-25
5450,4943,1645,231.28,Card,Pending,2025-02-23
5451,142,351,144.51,Cash,Pending,2025-02-28
5452,3650,1561,373.15,UPI,Failed,2025-01-30
5453,7880,247,492.37,Card,Pending,2025-02-09
5454,1878,1301,460.94,Wallet,Pending,2025-01-18
5455,81,11,93.62,Cash,Failed,2025-01-12
5456,899,885,233.09,Card,Success,2025-02-12
5457,5129,235,463.32,Cash,Success,2025-03-03
5458,4413,1650,491.34,UPI,Pending,2025-03-03
5459,359,320,292.66,Card,Pending,2025-01-25
5460,9072,964,187.74,Card,Success,2025-01-14
5461,8524,1768,287.71,Wallet,Success,2025-01-21
5462,6455,1766,257.19,Card,Pending,2025-01-23
5463,133,916,455.74,Wallet,Failed,2025-02-05
5464,1305,1965,201.51,Cash,Failed,2025-02-13
5465,7237,464,119.21,Card,Success,2025-01-22
5466,3682,452,498.75,Card,Failed,2025-02-05
5467,5652,1313,170.32,Cash,Success,2025-02-12
5468,9495,1982,228.82,Cash,Pending,2025-01-30
5469,8198,307,404.67,Cash,Success,2025-01-12
5470,1435,119,96.43,UPI,Failed,2025-02-26
5471,9957,1655,408.6,Cash,Success,2025-02-14
5472,5942,129,316.66,Card,Success,2025-03-01
5473,4929,13,276.23,UPI,Success,2025-01-25
5474,6720,1350,376.6,Card,Success,2025-03-03
5475,6881,730,402.61,UPI,Success,2025-02-25
5476,4709,1274,225.91,UPI,Failed,2025-01-08
5477,6943,1743,39.18,UPI,Pending,2025-01-27
5478,7665,6,370.66,Wallet,Failed,2025-02-12
5479,1408,536,277.98,UPI,Success,2025-01-27
5480,9244,1669,195.21,Cash,Failed,2025-01-27
5481,6666,1240,74.41,Cash,Pending,2025-02-25
5482,9029,1883,244.59,Cash,Success,2025-01-02
5483,8922,1450,225.49,Cash,Failed,2025-03-03
5484,8760,1521,334.61,UPI,Pending,2025-01-03
5485,8529,1515,41.95,Wallet,Failed,2025-02-10
5486,7281,1077,217.54,Cash,Pending,2025-02-14
5487,927,24,58.79,Cash,Failed,2025-01-31
5488,4615,1546,139.48,Wallet,Failed,2025-02-25
5489,8178,75,192.12,UPI,Failed,2025-02-08
5490,428,549,34.85,UPI,Pending,2025-02-03
5491,8086,728,117.5,Card,Success,2025-01-21
5492,1300,605,37.66,UPI,Success,2025-01-04
5493,4214,1751,169.02,Card,Pending,2025-01-11
5494,1839,1091,87.17,Cash,Success,2025-02-02
5495,8047,1110,397.9,Card,Pending,2025-01-29
5496,1013,1155,357.53,Cash,Failed,2025-03-02
5497,2758,948,99.97,Card,Failed,2025-01-13
5498,424,1590,317.28,UPI,Failed,2025-01-16
5499,9735,1398,423.53,Wallet,Success,2025-02-12
5500,5040,134,493.39,UPI,Pending,2025-02-01
5501,2689,554,486.05,Card,Failed,2025-02-28
5502,4212,1454,323.36,Wallet,Failed,2025-02-27
5503,4659,737,230.07,Wallet,Success,2025-02-26
5504,7070,85,192.24,Card,Pending,2025-02-20
5505,1563,1348,419.13,Card,Success,2025-01-20
5506,2179,880,488.65,Wallet,Failed,2025-02-20
5507,6678,1187,126.32,Cash,Pending,2025-01-02
5508,2529,1068,164.21,Wallet,Pending,2025-02-15
5509,2669,1177,273.9,Card,Failed,2025-01-30
5510,18,410,438.99,Wallet,Success,2025-01-09
5511,9051,1213,245.99,Cash,Success,2025-01-11
5512,9451,1035,407.94,Card,Failed,2025-01-18
5513,4647,381,34.26,Card,Pending,2025-02-26
5514,6358,1432,94.63,Cash,Failed,2025-01-03
5515,8182,1111,382.45,Wallet,Failed,2025-01-21
5516,5604,105,79.05,Wallet,Pending,2025-02-27
5517,9001,679,375,Cash,Pending,2025-03-01
5518,7203,1345,396.34,Card,Success,2025-01-22
5519,7080,1146,232.25,Cash,Success,2025-02-13
5520,3459,174,104.65,UPI,Pending,2025-01-15
5521,2357,1373,358.83,Wallet,Success,2025-01-08
5522,9260,1351,131.78,Card,Pending,2025-02-21
5523,3927,1336,416.93,Cash,Pending,2025-02-16
5524,6010,730,494.27,Wallet,Success,2025-01-22
5525,2670,715,316.06,Wallet,Failed,2025-01-06
5526,6370,1516,91.45,Wallet,Failed,2025-02-21
5527,826,1766,177.39,Cash,Pending,2025-02-19
5528,5846,570,487.17,Cash,Pending,2025-01-15
5529,5201,1712,229.73,UPI,Failed,2025-02-27
5530,1547,305,283.3,Wallet,Pending,2025-01-16
5531,9924,748,494.02,UPI,Success,2025-02-05
5532,5223,1092,478.84,Card,Failed,2025-01-20
5533,7470,871,196.92,Cash,Success,2025-01-05
5534,8839,155,37.86,Card,Failed,2025-02-26
5535,7745,1386,262.45,Card,Success,2025-02-15
5536,4657,1485,310.43,UPI,Failed,2025-02-04
5537,1423,1553,80.5,Wallet,Pending,2025-01-17
5538,7424,684,59.66,Card,Pending,2025-01-24
5539,8079,402,243.62,UPI,Success,2025-02-12
5540,7256,891,57.2,Wallet,Failed,2025-02-13
5541,421,1170,316.33,Cash,Success,2025-01-18
5542,3705,1275,183.77,Card,Pending,2025-01-18
5543,9132,360,235,Wallet,Success,2025-01-08
5544,8880,1200,331.7,UPI,Pending,2025-02-20
5545,5204,1019,363.74,UPI,Failed,2025-02-07
5546,7141,475,75.66,Card,Pending,2025-01-22
5547,6462,1975,326.43,Card,Pending,2025-01-02
5548,2314,1014,42.89,Card,Success,2025-02-19
5549,3107,1276,299.69,Cash,Failed,2025-01-12
5550,2550,30,484.37,Card,Success,2025-01-16
5551,4261,1385,323.49,Card,Pending,2025-02-26
5552,9272,920,300.51,Card,Failed,2025-01-07
5553,5285,663,235.52,Cash,Failed,2025-01-11
5554,9782,1097,285.31,UPI,Success,2025-02-06
5555,5559,1358,438.33,Cash,Success,2025-02-02
5556,3964,843,99.39,Wallet,Failed,2025-02-15
5557,6953,1927,41.5,Cash,Success,2025-02-15
5558,843,263,469.97,Wallet,Failed,2025-02-04
5559,6084,1300,39.01,Cash,Failed,2025-02-09
5560,9439,212,195.97,Wallet,Failed,2025-02-05
5561,5669,1851,88.53,Card,Failed,2025-01-03
5562,4253,17,320.88,Card,Success,2025-02-07
5563,9453,491,406.42,Card,Pending,2025-02-24
5564,1716,1219,331.94,UPI,Success,2025-01-02
5565,4736,1217,448.72,Wallet,Success,2025-02-13
5566,6371,949,363.98,UPI,Failed,2025-01-09
5567,2404,3,282.49,Cash,Failed,2025-01-17
5568,4841,1227,177.68,UPI,Failed,2025-01-16
5569,5008,1182,121.56,UPI,Success,2025-01-11
5570,1469,512,212.98,Wallet,Failed,2025-01-12
5571,96,1414,113.58,Card,Pending,2025-01-04
5572,707,161,250.81,Card,Failed,2025-02-15
5573,7732,269,53.37,UPI,Success,2025-02-20
5574,7622,539,297.03,Card,Failed,2025-02-09
5575,8031,1593,56.74,Wallet,Pending,2025-01-14
5576,2368,458,467.76,Wallet,Pending,2025-01-19
5577,5888,166,399.58,Wallet,Success,2025-01-03
5578,1371,613,260.59,Cash,Pending,2025-01-31
5579,3306,1082,462.02,Card,Failed,2025-01-25
5580,614,745,449.01,Cash,Failed,2025-02-08
5581,1842,1585,186.6,Cash,Failed,2025-02-01
5582,3248,386,457.55,Wallet,Success,2025-01-05
5583,7670,185,97.78,UPI,Success,2025-02-18
5584,7609,1420,152.24,Wallet,Failed,2025-02-18
5585,7341,251,115.81,UPI,Failed,2025-01-26
5586,2469,1345,260.55,UPI,Failed,2025-01-08
5587,6553,1094,459.51,Cash,Pending,2025-01-24
5588,2632,306,491.32,Wallet,Failed,2025-02-03
5589,8735,54,248.53,UPI,Failed,2025-01-04
5590,4556,1465,359.48,Wallet,Success,2025-02-18
5591,617,1232,211.95,Cash,Failed,2025-03-02
5592,3322,246,60.72,Cash,Pending,2025-01-09
5593,9633,1588,472.2,Wallet,Success,2025-01-16
5594,7278,538,127.5,Cash,Pending,2025-01-18
5595,4608,166,222.23,Card,Failed,2025-01-16
5596,7532,1486,363.91,Wallet,Failed,2025-01-28
5597,9880,1349,46.79,Card,Success,2025-01-30
5598,8900,1567,411.23,Cash,Failed,2025-02-15
5599,5307,869,78.47,Card,Failed,2025-02-17
5600,1301,1779,123.11,Cash,Pending,2025-02-01
5601,6240,846,420.67,Card,Success,2025-01-27
5602,2675,963,75.03,Card,Pending,2025-01-17
5603,4252,882,94.38,UPI,Pending,2025-02-03
5604,2323,667,389.06,Wallet,Pending,2025-02-17
5605,6130,1413,461.35,Wallet,Pending,2025-02-09
5606,7447,939,262.67,Wallet,Success,2025-01-12
5607,4102,36,262.53,Cash,Failed,2025-02-21
5608,5867,1874,406.22,Wallet,Failed,2025-01-30
5609,3459,240,432,Card,Failed,2025-02-15
5610,9551,738,337.71,Cash,Pending,2025-02-12
5611,9503,488,196.03,Wallet,Pending,2025-02-16
5612,3980,781,333.76,Wallet,Failed,2025-02-27
5613,8573,1148,264.09,UPI,Pending,2025-01-07
5614,7020,1793,291.74,Card,Failed,2025-01-12
5615,8069,1967,478.18,Card,Success,2025-02-26
5616,6299,1283,415.95,UPI,Pending,2025-01-14
5617,7522,254,344.19,Wallet,Failed,2025-01-23
5618,7439,621,290.12,Wallet,Pending,2025-01-25
5619,2051,1500,456.15,Cash,Failed,2025-01-21
5620,273,1011,255.26,UPI,Failed,2025-01-17
5621,6834,1668,192.69,Cash,Success,2025-02-12
5622,1352,955,322.42,UPI,Pending,2025-02-16
5623,1635,442,201.66,UPI,Failed,2025-01-07
5624,7358,1386,100.29,Card,Failed,2025-02-07
5625,7663,698,388.29,Wallet,Failed,2025-01-20
5626,1369,360,275.07,Cash,Success,2025-02-03
5627,2536,1099,278.64,UPI,Success,2025-02-18
5628,2853,650,358.44,Card,Pending,2025-01-14
5629,2972,1188,453.54,Wallet,Failed,2025-01-23
5630,3628,205,172.62,Wallet,Pending,2025-02-05
5631,9118,1034,494.23,Cash,Failed,2025-02-02
5632,2110,38,158.61,UPI,Failed,2025-02-01
5633,135,1221,359.62,Card,Success,2025-01-21
5634,1505,1972,31.12,Cash,Failed,2025-01-21
5635,3323,1458,421.64,Card,Success,2025-01-01
5636,4493,599,290.24,UPI,Pending,2025-01-24
5637,6384,241,155.39,UPI,Failed,2025-03-01
5638,8041,1708,467.38,Wallet,Success,2025-01-10
5639,7627,1991,369.57,Wallet,Success,2025-02-14
5640,2711,1057,216.48,Card,Success,2025-01-31
5641,2195,890,106.18,Cash,Success,2025-01-14
5642,7721,593,180.85,Card,Failed,2025-01-13
5643,8297,1953,249.26,Cash,Pending,2025-02-06
5644,2251,445,268.01,UPI,Pending,2025-01-09
5645,6555,223,285.47,Cash,Success,2025-01-31
5646,200,1090,97.15,Wallet,Failed,2025-02-18
5647,7088,1325,310.85,UPI,Failed,2025-01-27
5648,1190,200,67.1,Wallet,Pending,2025-01-24
5649,3002,1982,460.19,Wallet,Success,2025-02-16
5650,4911,934,166.56,Wallet,Success,2025-01-26
5651,9220,1376,360.37,Card,Pending,2025-01-13
5652,7085,1992,285.23,Cash,Pending,2025-02-26
5653,4122,188,493.56,Card,Success,2025-01-09
5654,6650,489,312.58,Wallet,Success,2025-02-27
5655,9426,1905,424.52,Wallet,Success,2025-01-02
5656,8745,193,176.05,Card,Success,2025-01-30
5657,202,269,97.17,Card,Success,2025-01-16
5658,3213,578,433.79,Cash,Success,2025-02-21
5659,7652,1257,470.55,Card,Failed,2025-01-15
5660,7190,1736,128.18,Card,Pending,2025-02-05
5661,9125,1900,58.72,Cash,Pending,2025-02-19
5662,1694,479,160.47,Wallet,Failed,2025-01-01
5663,9999,1612,341.83,Cash,Pending,2025-02-17
5664,6779,1782,64.81,Wallet,Pending,2025-02-03
5665,7645,873,376.85,Cash,Success,2025-03-02
5666,5688,681,131.88,Cash,Failed,2025-02-12
5667,6425,1962,441.11,Cash,Pending,2025-02-26
5668,5610,1512,461.53,Card,Pending,2025-03-02
5669,5447,763,321.56,Cash,Pending,2025-01-19
5670,1155,1784,302.97,Cash,Failed,2025-01-14
5671,2461,212,52.5,Card,Failed,2025-02-07
5672,361,1810,428.92,Card,Failed,2025-02-17
5673,7051,634,399.46,Card,Pending,2025-01-23
5674,6476,1923,344.5,Cash,Success,2025-02-11
5675,4807,1616,185.32,Card,Pending,2025-02-13
5676,8930,1561,414.61,UPI,Failed,2025-02-02
5677,8388,1193,443.58,Cash,Pending,2025-02-26
5678,5451,119,286.54,UPI,Pending,2025-01-03
5679,1933,143,467.57,Cash,Failed,2025-01-01
5680,1959,1529,257.77,UPI,Pending,2025-01-31
5681,1733,1426,76.59,Card,Pending,2025-01-02
5682,8764,1148,257.93,Wallet,Success,2025-02-16
5683,7474,776,361.14,UPI,Pending,2025-01-11
5684,9049,1785,192.92,Cash,Failed,2025-02-12
5685,4205,1074,49.31,UPI,Success,2025-02-28
5686,3608,539,85.28,Cash,Success,2025-02-27
5687,1747,348,469.87,Card,Failed,2025-01-16
5688,4780,1223,372.61,Card,Pending,2025-02-09
5689,9441,1630,99.89,Wallet,Success,2025-01-18
5690,1786,1883,202.65,Card,Success,2025-01-05
5691,340,1541,244.15,Wallet,Pending,2025-02-20
5692,913,1464,209.94,Cash,Success,2025-01-27
5693,4950,1366,469.26,Wallet,Success,2025-01-15
5694,5414,1338,348.7,UPI,Failed,2025-02-05
5695,2633,1138,329.77,Card,Pending,2025-02-14
5696,763,1387,300.66,Card,Success,2025-02-01
5697,2289,289,387.16,Wallet,Success,2025-02-10
5698,5462,1642,235.41,UPI,Pending,2025-02-18
5699,7497,548,220.47,Card,Success,2025-01-18
5700,8660,717,188.38,Cash,Failed,2025-01-10
5701,886,1244,128.15,Cash,Success,2025-01-06
5702,9756,546,373.49,Card,Failed,2025-01-05
5703,7617,1042,240.91,UPI,Pending,2025-01-28
5704,6202,614,333.13,Card,Failed,2025-02-07
5705,8560,70,454.52,Card,Success,2025-01-21
5706,8042,1647,333.04,UPI,Pending,2025-02-07
5707,2760,498,450.22,Cash,Pending,2025-01-05
5708,6328,1574,249.02,Cash,Failed,2025-02-20
5709,9037,1896,218.73,UPI,Pending,2025-01-22
5710,5277,1569,79.18,Wallet,Failed,2025-02-21
5711,8145,1420,62.49,UPI,Pending,2025-01-08
5712,8990,1044,133.61,Card,Failed,2025-02-20
5713,3712,1111,203.23,Cash,Failed,2025-01-31
5714,5224,906,326.98,UPI,Failed,2025-02-10
5715,8272,859,330.67,Cash,Failed,2025-02-16
5716,4789,119,176.87,Card,Success,2025-01-30
5717,9233,1521,129.8,UPI,Pending,2025-02-26
5718,1874,1095,296.15,UPI,Success,2025-02-19
5719,8636,808,140.87,Wallet,Failed,2025-01-07
5720,6493,580,56.57,Wallet,Success,2025-01-07
5721,2808,1976,483.33,Wallet,Pending,2025-01-21
5722,3471,790,230.61,UPI,Pending,2025-02-16
5723,4875,696,485.23,Cash,Pending,2025-02-13
5724,8687,583,200.83,Card,Pending,2025-01-08
5725,813,843,149.69,Card,Failed,2025-02-08
5726,1570,1871,273.15,Card,Failed,2025-02-06
5727,1998,36,396.5,Cash,Success,2025-02-20
5728,946,410,293.04,Cash,Failed,2025-01-04
5729,7267,643,222.18,Wallet,Pending,2025-02-07
5730,1944,697,389.96,Cash,Success,2025-02-13
5731,7163,246,74.01,UPI,Pending,2025-02-25
5732,2855,1739,318.25,Wallet,Success,2025-02-05
5733,6141,1684,278.2,Cash,Success,2025-01-27
5734,5854,283,324.6,UPI,Success,2025-01-16
5735,2604,761,269.71,Card,Success,2025-01-01
5736,3858,643,470.2,Card,Pending,2025-03-03
5737,5789,1307,290.89,Cash,Success,2025-02-08
5738,8078,1570,467.91,Wallet,Pending,2025-01-09
5739,8500,1490,271.33,Card,Success,2025-02-23
5740,4325,1112,312.07,Cash,Success,2025-02-07
5741,1031,302,222.34,UPI,Failed,2025-02-09
5742,9905,1809,313.21,Wallet,Pending,2025-02-03
5743,8575,1179,462.33,Wallet,Failed,2025-01-31
5744,2225,1860,359.39,Wallet,Failed,2025-01-23
5745,4692,667,324.3,Wallet,Failed,2025-01-12
5746,7267,1402,243.47,Cash,Pending,2025-02-06
5747,1490,67,171.45,Card,Pending,2025-02-16
5748,6133,1823,360.43,Card,Success,2025-02-12
5749,3681,511,484.61,Card,Success,2025-02-13
5750,519,221,365.63,Card,Pending,2025-03-03
5751,6467,1325,190.43,UPI,Pending,2025-02-15
5752,6385,178,304.29,UPI,Failed,2025-02-24
5753,3397,1382,204.21,Cash,Failed,2025-01-26
5754,1822,1470,85.47,Wallet,Failed,2025-02-02
5755,576,109,166.2,Wallet,Success,2025-01-21
5756,5828,646,142.08,UPI,Pending,2025-02-24
5757,2745,33,412.61,UPI,Pending,2025-02-11
5758,7001,100,69.1,UPI,Success,2025-02-24
5759,8743,1248,229.66,Cash,Success,2025-02-21
5760,31,1642,323.54,Cash,Success,2025-01-31
5761,6649,1664,49.47,Card,Failed,2025-01-14
5762,8242,1599,173.06,UPI,Pending,2025-01-30
5763,8865,1187,296.6,Card,Pending,2025-02-18
5764,7294,965,422.47,Cash,Failed,2025-02-16
5765,2199,114,308.26,Cash,Pending,2025-02-05
5766,3503,546,257.09,UPI,Failed,2025-01-10
5767,8647,1783,47.7,Wallet,Failed,2025-02-26
5768,5486,1056,47.94,UPI,Success,2025-01-24
5769,5530,1542,226.05,Card,Pending,2025-02-11
5770,9481,586,206.69,UPI,Pending,2025-01-27
5771,7285,1053,447.8,Wallet,Success,2025-01-13
5772,6979,1181,494.98,Cash,Pending,2025-02-21
5773,7755,1889,474.84,Cash,Failed,2025-02-02
5774,6658,202,454.61,UPI,Success,2025-01-21
5775,7535,1710,324.67,Cash,Success,2025-01-12
5776,5055,1796,38.77,Wallet,Pending,2025-02-19
5777,5973,100,281.22,Cash,Pending,2025-01-03
5778,4025,627,309.03,Card,Pending,2025-02-14
5779,4406,1179,217.54,Card,Failed,2025-01-25
5780,3670,165,295.5,Card,Pending,2025-01-07
5781,5970,1084,257.05,Cash,Success,2025-01-03
5782,7655,360,469.29,Card,Failed,2025-01-29
5783,791,757,491.2,Wallet,Failed,2025-01-15
5784,6503,974,344.98,Card,Success,2025-02-12
5785,4290,1843,387.18,Wallet,Failed,2025-03-01
5786,4326,305,343.45,UPI,Success,2025-01-28
5787,4808,996,443.3,Card,Pending,2025-01-08
5788,5316,845,430.48,UPI,Failed,2025-02-24
5789,2877,950,41.69,Wallet,Pending,2025-02-25
5790,80,1623,65.35,UPI,Success,2025-02-22
5791,5605,1744,211.27,UPI,Pending,2025-02-21
5792,8729,679,259.62,UPI,Pending,2025-02-02
5793,9421,309,238.53,Wallet,Failed,2025-01-03
5794,2614,903,322.1,UPI,Failed,2025-02-06
5795,5859,611,168.67,Card,Success,2025-02-02
5796,5558,273,218.44,Wallet,Failed,2025-01-27
5797,2139,1844,169.33,Cash,Success,2025-02-10
5798,7436,522,281.78,Wallet,Success,2025-02-10
5799,5345,1309,202.67,UPI,Success,2025-02-14
5800,2095,1343,251.54,Card,Failed,2025-02-22
5801,553,1338,51.29,Card,Pending,2025-01-04
5802,8000,550,85.9,Cash,Pending,2025-02-20
5803,2242,397,68.45,Cash,Failed,2025-01-21
5804,7129,1987,197.85,Cash,Failed,2025-01-25
5805,4248,284,296.63,Wallet,Failed,2025-02-24
5806,5085,1410,86.9,UPI,Failed,2025-02-21
5807,8256,1644,96.68,UPI,Pending,2025-02-09
5808,8869,1258,482.02,Cash,Pending,2025-01-10
5809,6622,559,278.41,Cash,Pending,2025-01-10
5810,8504,1077,83.84,Card,Pending,2025-01-30
5811,133,581,422.2,UPI,Failed,2025-02-23
5812,3537,576,62.41,Wallet,Failed,2025-03-03
5813,7660,1297,83.4,Wallet,Pending,2025-01-17
5814,8817,560,427.87,Wallet,Failed,2025-02-06
5815,7507,1767,343.67,Cash,Failed,2025-01-01
5816,2494,158,196.57,UPI,Success,2025-02-02
5817,5394,384,290.66,Card,Failed,2025-01-25
5818,5876,1559,76.93,Wallet,Pending,2025-01-04
5819,2773,1223,242.61,Cash,Pending,2025-02-12
5820,7139,864,93.11,Card,Failed,2025-02-24
5821,8250,1674,52.69,UPI,Pending,2025-02-20
5822,7442,1339,401.7,UPI,Success,2025-02-11
5823,780,922,339.57,Card,Pending,2025-02-17
5824,8080,955,394.35,Wallet,Pending,2025-02-19
5825,5719,1426,183.47,Wallet,Failed,2025-01-07
5826,7128,1719,208.78,Cash,Pending,2025-02-09
5827,4965,1575,229.23,Wallet,Success,2025-01-29
5828,2976,1209,161.79,UPI,Failed,2025-01-01
5829,1671,1334,344.63,UPI,Pending,2025-01-26
5830,385,1962,369.04,UPI,Failed,2025-02-06
5831,5301,314,37.53,Cash,Failed,2025-01-07
5832,3464,1276,306.09,Cash,Pending,2025-01-11
5833,2095,644,452.08,Card,Pending,2025-02-13
5834,6562,968,61.19,Wallet,Failed,2025-01-20
5835,9250,328,38.77,Wallet,Failed,2025-01-06
5836,9501,1862,217.74,Wallet,Failed,2025-02-02
5837,1075,393,116.07,Cash,Success,2025-01-31
5838,3977,619,308.92,Wallet,Success,2025-02-17
5839,1982,1611,102.34,Wallet,Failed,2025-02-18
5840,4069,273,463.44,Wallet,Failed,2025-02-01
5841,6842,1504,228.76,Cash,Pending,2025-02-19
5842,9592,997,357.39,Card,Success,2025-03-02
5843,3641,876,461.42,UPI,Pending,2025-01-25
5844,3220,1857,262.16,UPI,Success,2025-01-12
5845,2343,11,292.45,Card,Failed,2025-02-18
5846,2451,1146,152.58,Wallet,Failed,2025-02-26
5847,112,1338,233.24,Cash,Failed,2025-01-19
5848,886,1997,68.47,Card,Failed,2025-02-06
5849,8224,979,458.45,Cash,Pending,2025-01-11
5850,744,719,214.64,Wallet,Failed,2025-03-03
5851,9865,597,336.47,Cash,Pending,2025-01-13
5852,523,506,219.15,Wallet,Success,2025-02-10
5853,4640,1064,325.28,Cash,Success,2025-02-12
5854,3838,1441,352.55,Cash,Failed,2025-02-08
5855,598,821,90.51,Wallet,Failed,2025-01-07
5856,6863,1579,392.47,Wallet,Success,2025-01-25
5857,3153,1418,122.9,Cash,Success,2025-02-13
5858,2425,1538,247.79,Card,Pending,2025-02-13
5859,170,1528,423.25,UPI,Failed,2025-02-21
5860,9658,143,446.91,UPI,Pending,2025-02-09
5861,4249,1607,218.6,Wallet,Pending,2025-03-03
5862,6155,493,415.35,Card,Pending,2025-01-23
5863,5876,624,185.07,Cash,Success,2025-02-17
5864,7783,1095,458.74,UPI,Pending,2025-02-10
5865,6470,213,313.45,Wallet,Success,2025-01-12
5866,9665,637,365.63,Wallet,Failed,2025-02-04
5867,5331,1015,226.89,Card,Failed,2025-01-16
5868,8690,1619,39.86,Wallet,Success,2025-02-26
5869,7398,1652,228.43,Card,Pending,2025-02-16
5870,251,1489,436.77,Card,Success,2025-01-28
5871,5095,41,332.63,Cash,Failed,2025-01-14
5872,6838,1643,477.22,Wallet,Success,2025-01-16
5873,8288,1085,214,Card,Pending,2025-02-14
5874,9016,1060,301.71,Cash,Pending,2025-01-29
5875,5777,1635,416.42,Wallet,Failed,2025-02-21
5876,6057,901,136.82,Cash,Failed,2025-01-03
5877,1078,1440,471.94,Cash,Failed,2025-01-25
5878,4499,1570,81.67,Wallet,Success,2025-01-22
5879,3813,1631,226.95,Card,Failed,2025-02-18
5880,7928,668,135.72,Cash,Failed,2025-02-03
5881,6622,1531,310.81,Card,Failed,2025-02-21
5882,1167,654,255.62,UPI,Pending,2025-02-27
5883,9620,1511,297.09,Wallet,Pending,2025-03-01
5884,3023,768,419.19,Cash,Pending,2025-01-05
5885,8501,695,369.14,Wallet,Pending,2025-01-03
5886,8269,1465,478.68,UPI,Pending,2025-02-18
5887,4942,1461,65.28,Wallet,Failed,2025-01-28
5888,7983,589,473.52,UPI,Success,2025-02-19
5889,9919,71,444.06,Cash,Pending,2025-02-04
5890,5729,1853,372.04,UPI,Failed,2025-02-14
5891,336,639,81.84,Cash,Success,2025-01-21
5892,9875,486,294.08,Cash,Failed,2025-02-11
5893,8925,1972,112.45,UPI,Success,2025-01-10
5894,8893,1479,395.9,Cash,Pending,2025-01-17
5895,4376,1113,328.87,UPI,Pending,2025-01-04
5896,3423,1323,45.19,UPI,Failed,2025-02-08
5897,1078,1771,168.31,UPI,Pending,2025-01-17
5898,8521,751,92.53,Cash,Pending,2025-01-06
5899,2474,1363,152.81,UPI,Success,2025-01-16
5900,9673,1281,483.6,Card,Failed,2025-01-18
5901,6607,1271,160.54,Cash,Pending,2025-01-17
5902,1420,1355,193.65,UPI,Pending,2025-01-22
5903,6801,240,288.59,Card,Pending,2025-02-28
5904,9603,1443,333.7,Wallet,Pending,2025-01-12
5905,309,25,205.78,Wallet,Success,2025-02-15
5906,8020,1959,392.03,Card,Failed,2025-02-08
5907,7685,279,157.43,Card,Success,2025-03-03
5908,5396,1741,108.28,Cash,Success,2025-03-01
5909,5461,1868,177.63,UPI,Pending,2025-01-17
5910,2431,1795,428.18,UPI,Success,2025-02-28
5911,8626,815,153.24,Cash,Pending,2025-03-02
5912,5934,699,440.23,Cash,Failed,2025-01-23
5913,1350,379,207.7,Cash,Pending,2025-01-26
5914,7784,116,375.75,UPI,Failed,2025-01-22
5915,5001,1492,437.07,UPI,Failed,2025-01-03
5916,9928,1249,419.62,Cash,Success,2025-01-14
5917,8801,1866,427.06,Wallet,Pending,2025-02-21
5918,7893,1648,189.93,Cash,Success,2025-02-26
5919,2350,1556,308.45,Cash,Pending,2025-03-02
5920,5520,302,278.42,UPI,Failed,2025-02-18
5921,1839,772,177.77,Card,Pending,2025-01-21
5922,9067,1541,384.03,Wallet,Failed,2025-02-27
5923,8426,78,340.06,Cash,Pending,2025-01-29
5924,337,1058,217.4,Card,Pending,2025-02-12
5925,3114,969,194.62,Card,Failed,2025-01-23
5926,4887,632,278.98,UPI,Pending,2025-01-21
5927,4945,148,473.18,Cash,Failed,2025-02-24
5928,4313,1615,305.77,UPI,Failed,2025-01-11
5929,9116,1854,238.48,Wallet,Pending,2025-02-24
5930,3612,1888,41.8,Card,Pending,2025-02-06
5931,777,519,180.18,Wallet,Pending,2025-02-08
5932,7863,285,158.79,UPI,Success,2025-02-21
5933,6427,995,384.52,Card,Failed,2025-03-02
5934,506,527,274.28,Wallet,Success,2025-02-14
5935,5604,1216,418.18,UPI,Failed,2025-02-14
5936,7219,277,247.47,Wallet,Failed,2025-02-20
5937,5561,950,184.9,Wallet,Success,2025-01-27
5938,104,1731,51.29,Card,Failed,2025-01-19
5939,4760,958,181.22,Wallet,Pending,2025-01-28
5940,465,1043,416.98,Cash,Pending,2025-01-05
5941,110,1723,329.98,Cash,Success,2025-01-08
5942,9068,611,423.1,UPI,Pending,2025-01-10
5943,9498,221,486.52,Card,Pending,2025-01-20
5944,93,73,458.12,Card,Pending,2025-02-10
5945,6969,314,495.47,UPI,Failed,2025-02-24
5946,7378,34,465.06,Card,Success,2025-02-25
5947,9486,1982,251.84,Cash,Failed,2025-02-10
5948,5942,29,326.06,Wallet,Pending,2025-02-25
5949,6315,387,365.47,Wallet,Success,2025-02-23
5950,9101,1230,241.31,Wallet,Success,2025-01-31
5951,9116,1482,187.88,Wallet,Success,2025-02-01
5952,3698,803,148.78,Card,Success,2025-01-23
5953,902,2,81.58,UPI,Failed,2025-02-03
5954,3654,263,205.76,Wallet,Pending,2025-01-25
5955,929,485,223.38,Cash,Success,2025-02-23
5956,6007,1319,232.85,UPI,Pending,2025-02-15
5957,1237,1613,276.02,Card,Pending,2025-02-03
5958,7317,380,75.11,Card,Pending,2025-02-24
5959,1837,340,331.44,Card,Success,2025-02-01
5960,8987,1186,36.5,Card,Failed,2025-02-10
5961,2352,545,387.6,Wallet,Pending,2025-02-27
5962,9406,1821,303.59,Card,Pending,2025-02-01
5963,6243,548,363.58,Wallet,Success,2025-02-01
5964,103,1817,40.35,Wallet,Failed,2025-02-02
5965,7253,1886,418.43,UPI,Success,2025-02-12
5966,6214,306,288.43,Card,Pending,2025-01-01
5967,5092,1413,87.09,Card,Failed,2025-02-09
5968,459,1874,440.81,UPI,Success,2025-01-05
5969,4916,1974,359.73,Cash,Success,2025-02-13
5970,1563,1068,184.95,Card,Pending,2025-02-05
5971,6667,1965,319.41,UPI,Failed,2025-02-16
5972,4492,999,78.97,Cash,Success,2025-01-16
5973,9341,276,267.6,Cash,Failed,2025-02-15
5974,1121,172,273.55,Wallet,Pending,2025-02-03
5975,5242,975,347.42,Card,Success,2025-02-18
5976,5635,1260,213.84,UPI,Pending,2025-02-01
5977,6399,1735,178.13,Card,Pending,2025-02-12
5978,4657,1390,111.97,Cash,Pending,2025-03-03
5979,3748,317,185.18,UPI,Failed,2025-02-19
5980,2029,515,312.09,Cash,Pending,2025-02-04
5981,3830,1342,446.46,Cash,Success,2025-02-07
5982,8597,1772,161.08,Wallet,Pending,2025-02-13
5983,1673,924,474.5,Card,Success,2025-01-24
5984,2525,996,102.5,Card,Pending,2025-02-10
5985,5548,79,82.94,Cash,Failed,2025-03-02
5986,5019,1955,205.8,Cash,Failed,2025-01-24
5987,571,1715,269.61,Card,Success,2025-01-11
5988,3126,1119,290.3,Wallet,Success,2025-01-04
5989,1659,646,413.47,Card,Success,2025-02-12
5990,964,278,48.33,UPI,Failed,2025-01-21
5991,1239,1894,431.07,UPI,Failed,2025-02-12
5992,5425,1914,132.85,Wallet,Success,2025-01-21
5993,5496,582,338.9,Wallet,Pending,2025-03-02
5994,1545,1680,429.57,UPI,Success,2025-01-20
5995,978,1450,172.54,UPI,Pending,2025-02-05
5996,4568,1131,279.27,UPI,Success,2025-01-20
5997,5459,1362,50.56,Card,Failed,2025-01-08
5998,9226,930,453.8,Wallet,Pending,2025-01-05
5999,4058,1845,414.52,UPI,Pending,2025-02-24
6000,1562,992,470.18,UPI,Failed,2025-02-15
6001,1727,1393,448.87,Card,Success,2025-02-25
6002,3929,1154,45.15,Cash,Failed,2025-01-31
6003,540,149,341.32,UPI,Success,2025-01-17
6004,5387,64,253.13,UPI,Failed,2025-01-01
6005,4531,258,377.29,UPI,Pending,2025-01-03
6006,7,220,450.66,Card,Pending,2025-01-01
6007,9701,1595,320.9,UPI,Success,2025-02-05
6008,9366,1614,474.2,Wallet,Pending,2025-02-06
6009,807,486,422.51,Card,Failed,2025-01-25
6010,9245,1993,373.33,Wallet,Success,2025-02-22
6011,6594,808,233.19,Wallet,Pending,2025-02-25
6012,878,1896,391.41,Card,Failed,2025-03-01
6013,828,123,460.79,Wallet,Failed,2025-02-21
6014,1357,1105,63.94,UPI,Failed,2025-02-07
6015,4008,15,383.64,Wallet,Success,2025-01-24
6016,5748,1873,477.5,Wallet,Success,2025-02-12
6017,9913,745,125.53,Card,Success,2025-01-22
6018,5610,69,493.2,Card,Failed,2025-02-08
6019,9709,972,162.78,Wallet,Failed,2025-03-02
6020,7131,1476,312.04,Cash,Failed,2025-01-07
6021,779,953,295.59,Card,Pending,2025-02-25
6022,4594,845,274.46,Wallet,Success,2025-01-25
6023,8217,277,46.65,UPI,Failed,2025-02-05
6024,4238,1158,250.91,Wallet,Failed,2025-01-11
6025,7015,1299,330.8,UPI,Pending,2025-01-26
6026,1789,1004,383.25,UPI,Success,2025-02-04
6027,3524,1737,100.88,Cash,Failed,2025-01-30
6028,2799,563,40.22,UPI,Success,2025-01-16
6029,3694,379,107.67,Wallet,Failed,2025-01-03
6030,2452,1387,353.06,Cash,Pending,2025-02-08
6031,1259,1121,273.54,Wallet,Pending,2025-02-05
6032,5564,384,363.09,Card,Pending,2025-02-20
6033,848,1650,199.99,Cash,Failed,2025-01-11
6034,6399,1375,253.75,Wallet,Failed,2025-02-12
6035,3243,792,358.85,Cash,Pending,2025-01-27
6036,4714,1543,396.51,Cash,Success,2025-02-10
6037,8510,1188,201.75,Cash,Pending,2025-01-12
6038,1183,430,368.68,Wallet,Success,2025-02-24
6039,3560,1355,249.26,Card,Success,2025-02-04
6040,1015,1463,347.76,Wallet,Failed,2025-01-08
6041,5438,1514,142.19,Card,Pending,2025-01-24
6042,4312,654,132.91,UPI,Success,2025-03-02
6043,8678,155,366.13,Card,Pending,2025-02-21
6044,3167,1618,460.46,Wallet,Pending,2025-02-10
6045,7374,1176,128.83,Wallet,Failed,2025-01-10
6046,3668,1712,177.29,Wallet,Pending,2025-03-01
6047,6237,404,87.65,Cash,Success,2025-01-25
6048,5792,1869,407.34,Card,Pending,2025-02-23
6049,3025,952,167.07,UPI,Pending,2025-02-03
6050,8089,1659,247.73,Card,Failed,2025-02-18
6051,8376,1739,397.31,Cash,Pending,2025-02-13
6052,8001,677,126.32,Cash,Success,2025-02-27
6053,9407,464,458.81,Card,Failed,2025-03-02
6054,6887,1721,251.61,UPI,Pending,2025-02-06
6055,5238,729,431.28,Card,Pending,2025-02-28
6056,3235,989,217.03,Cash,Pending,2025-01-03
6057,5390,286,408.31,Cash,Success,2025-01-03
6058,5452,530,261.65,Wallet,Pending,2025-01-18
6059,1119,1184,383.9,UPI,Success,2025-03-03
6060,4636,1356,405.54,Card,Success,2025-01-04
6061,3041,156,215.19,Card,Success,2025-02-15
6062,5815,1293,110.29,Wallet,Pending,2025-02-12
6063,2465,355,456.26,Cash,Success,2025-01-26
6064,7687,1802,105.37,Cash,Success,2025-01-13
6065,3517,542,261.25,UPI,Failed,2025-02-22
6066,8711,1062,318.48,Wallet,Success,2025-03-01
6067,86,422,282.24,UPI,Pending,2025-02-14
6068,6949,910,134.22,Cash,Pending,2025-01-23
6069,3522,1639,148.28,Card,Failed,2025-01-25
6070,1508,1085,212.83,UPI,Pending,2025-01-19
6071,25,514,259.58,Card,Failed,2025-02-18
6072,2956,601,429.95,Wallet,Success,2025-02-25
6073,8129,1039,455.38,Card,Success,2025-02-17
6074,5864,567,168.71,Cash,Success,2025-01-26
6075,9162,376,491.39,UPI,Pending,2025-03-01
6076,1472,1867,261.46,UPI,Success,2025-02-25
6077,8748,1509,227.57,Wallet,Success,2025-03-01
6078,7168,1800,446.28,Cash,Success,2025-01-04
6079,5328,309,451.8,Card,Success,2025-02-08
6080,7330,262,331.04,UPI,Pending,2025-03-02
6081,2363,1994,61.06,Card,Pending,2025-01-27
6082,3576,258,378.65,UPI,Failed,2025-02-26
6083,5519,1068,189.64,Wallet,Failed,2025-01-02
6084,143,234,176.45,UPI,Success,2025-02-08
6085,947,660,179.38,Card,Failed,2025-02-17
6086,7850,606,185.6,Card,Failed,2025-01-03
6087,8926,1615,126.43,Wallet,Failed,2025-01-14
6088,2358,913,221.65,Wallet,Pending,2025-02-17
6089,5676,1699,93.05,Cash,Failed,2025-02-17
6090,6557,709,40.77,Wallet,Success,2025-02-16
6091,7411,454,463.6,Wallet,Failed,2025-01-23
6092,1244,181,486.58,Cash,Failed,2025-01-09
6093,6588,1036,458.13,Card,Success,2025-02-21
6094,9991,1030,470.26,UPI,Pending,2025-01-19
6095,8318,106,72.27,Cash,Pending,2025-01-20
6096,9276,565,138.35,UPI,Pending,2025-02-08
6097,5655,477,34.81,Card,Success,2025-01-01
6098,5110,1954,253.3,Card,Failed,2025-01-08
6099,2766,847,295.01,UPI,Success,2025-03-03
6100,5388,979,251.91,UPI,Failed,2025-01-10
6101,2972,1617,427.93,Cash,Failed,2025-03-02
6102,3328,459,78.76,Cash,Failed,2025-02-23
6103,8322,1067,244.24,Cash,Pending,2025-01-25
6104,2235,522,330.26,Wallet,Failed,2025-02-14
6105,4324,515,331.52,Card,Pending,2025-01-03
6106,6274,1040,390,Card,Pending,2025-02-12
6107,9041,499,486.56,UPI,Failed,2025-01-08
6108,96,668,189.41,Wallet,Success,2025-02-12
6109,7634,750,323.67,Wallet,Pending,2025-02-05
6110,5971,1290,132.22,Cash,Failed,2025-01-20
6111,4569,614,147.91,Cash,Pending,2025-01-02
6112,5865,1593,98.52,UPI,Pending,2025-01-25
6113,8728,1695,241.07,Card,Pending,2025-01-05
6114,2756,1090,94.99,Wallet,Failed,2025-02-13
6115,5542,65,342.39,UPI,Pending,2025-01-22
6116,8978,985,91.74,Cash,Success,2025-02-12
6117,8417,626,390.35,Cash,Failed,2025-02-13
6118,8945,178,264.37,Cash,Failed,2025-02-23
6119,177,1835,241.58,Cash,Pending,2025-01-31
6120,2056,391,148.05,Wallet,Success,2025-02-01
6121,22,1727,163.1,UPI,Success,2025-02-18
6122,4728,391,34.98,UPI,Success,2025-02-02
6123,1254,666,129.27,Cash,Failed,2025-01-03
6124,9644,641,105.85,UPI,Pending,2025-01-07
6125,7370,378,298.87,Cash,Pending,2025-01-22
6126,9512,1043,348.92,Wallet,Pending,2025-01-10
6127,8069,1255,44.91,Cash,Pending,2025-02-24
6128,2609,1283,76.64,UPI,Failed,2025-02-27
6129,7991,296,475.07,UPI,Failed,2025-02-28
6130,3878,1919,63.76,UPI,Failed,2025-01-21
6131,3812,681,140.68,Wallet,Success,2025-01-17
6132,5334,1690,45.78,Wallet,Failed,2025-01-31
6133,5315,418,242.63,Card,Pending,2025-02-11
6134,916,1698,395.46,Wallet,Pending,2025-03-01
6135,5240,367,288.46,Wallet,Success,2025-01-15
6136,6068,5,84.35,UPI,Pending,2025-02-28
6137,1161,238,259.47,Cash,Failed,2025-02-26
6138,843,1694,306.03,Wallet,Pending,2025-02-22
6139,4063,1437,312.06,Cash,Failed,2025-02-11
6140,3499,434,374.57,UPI,Success,2025-02-23
6141,3298,1729,103.01,Cash,Success,2025-01-06
6142,4477,1008,334.97,UPI,Failed,2025-01-31
6143,1089,1778,247.66,Cash,Success,2025-01-20
6144,6372,462,427.45,UPI,Success,2025-02-04
6145,6278,1123,188.68,Wallet,Failed,2025-01-02
6146,7984,1045,482.15,Card,Pending,2025-01-09
6147,8782,695,163.29,Cash,Failed,2025-02-09
6148,2882,1744,80.04,Cash,Pending,2025-02-25
6149,2330,90,179.8,Wallet,Pending,2025-02-06
6150,859,152,233.14,Cash,Failed,2025-01-14
6151,7348,101,147.69,Cash,Success,2025-02-10
6152,9256,276,204.88,Card,Failed,2025-02-23
6153,5896,847,277.96,UPI,Pending,2025-01-25
6154,7457,1839,357.81,Cash,Success,2025-02-18
6155,1282,1079,294.92,Wallet,Failed,2025-01-01
6156,6782,364,474.31,Wallet,Failed,2025-02-26
6157,9139,1044,373.6,Cash,Pending,2025-03-01
6158,4881,1159,223.99,Cash,Success,2025-01-13
6159,5670,1485,166.05,UPI,Failed,2025-02-23
6160,9833,1933,202.02,Cash,Pending,2025-02-23
6161,8968,1667,357.52,Cash,Success,2025-02-02
6162,9421,763,473.85,Card,Success,2025-02-21
6163,1436,206,385.37,Wallet,Pending,2025-03-01
6164,6377,821,157.69,Cash,Success,2025-03-03
6165,1580,1113,458.61,Card,Failed,2025-01-27
6166,2241,1190,213.19,Cash,Failed,2025-02-01
6167,6176,97,388.81,Card,Failed,2025-02-16
6168,9538,761,265.49,Wallet,Failed,2025-01-12
6169,2810,1316,235.56,Wallet,Success,2025-02-10
6170,1067,453,359.87,Cash,Success,2025-01-13
6171,9359,1834,400.3,Wallet,Success,2025-01-07
6172,9422,943,456.77,Cash,Pending,2025-02-27
6173,8178,1674,121.54,Cash,Failed,2025-02-13
6174,6229,1217,220.92,Card,Success,2025-02-12
6175,8679,1872,321.84,Cash,Failed,2025-01-21
6176,7884,1088,104.03,Wallet,Success,2025-01-27
6177,6769,986,437.44,Cash,Pending,2025-01-23
6178,2634,1747,370.5,Cash,Success,2025-02-04
6179,7409,917,54.41,Cash,Failed,2025-02-08
6180,9130,236,72.91,Cash,Failed,2025-01-22
6181,5153,194,284.9,Cash,Pending,2025-01-05
6182,3917,992,420.43,Card,Pending,2025-01-16
6183,6104,934,497.22,UPI,Success,2025-01-28
6184,4584,875,36.36,Wallet,Failed,2025-02-12
6185,7105,1928,392.61,UPI,Success,2025-01-27
6186,2478,1511,118.66,Wallet,Failed,2025-02-07
6187,8255,350,88.57,Cash,Failed,2025-02-03
6188,494,1961,224.55,Wallet,Success,2025-02-16
6189,4643,1250,159.94,Wallet,Pending,2025-02-22
6190,2206,1707,49.79,Card,Success,2025-02-13
6191,7712,1882,300.04,Wallet,Failed,2025-02-13
6192,2671,771,128.03,Card,Failed,2025-01-29
6193,1241,828,112.18,Wallet,Failed,2025-01-05
6194,4452,428,441.34,Wallet,Pending,2025-02-10
6195,2597,1256,445.91,Wallet,Success,2025-02-19
6196,621,822,276.88,Wallet,Success,2025-01-25
6197,5326,1924,337.81,Cash,Pending,2025-02-22
6198,3381,1347,259.73,Wallet,Success,2025-03-03
6199,1722,1475,121.44,Cash,Failed,2025-02-14
6200,3913,545,432.5,UPI,Pending,2025-01-22
6201,2630,1436,185.48,Card,Pending,2025-01-25
6202,7784,1742,227.09,Wallet,Failed,2025-02-20
6203,8925,255,470.91,Wallet,Success,2025-02-17
6204,1938,1905,135.78,Card,Success,2025-01-02
6205,2650,105,280.35,UPI,Failed,2025-01-11
6206,9403,334,75.03,Wallet,Success,2025-01-19
6207,1765,280,39.6,Wallet,Failed,2025-02-02
6208,3987,642,141.28,Card,Success,2025-01-31
6209,5599,936,459.14,Wallet,Pending,2025-02-26
6210,9776,1281,253.4,Wallet,Pending,2025-01-04
6211,9503,1540,162.7,UPI,Failed,2025-01-30
6212,2866,1723,77.07,UPI,Failed,2025-02-20
6213,5734,1985,333.42,Wallet,Success,2025-01-10
6214,7746,970,239.57,Card,Pending,2025-02-06
6215,2246,1860,384.79,Card,Pending,2025-02-17
6216,7427,761,101.96,Cash,Success,2025-01-11
6217,6536,1775,287.55,Card,Success,2025-01-31
6218,9552,1178,159.8,Wallet,Pending,2025-01-18
6219,257,1324,401.74,Wallet,Pending,2025-01-08
6220,1273,1875,325.22,Wallet,Success,2025-01-03
6221,2831,1504,121.9,UPI,Failed,2025-01-02
6222,5792,1807,374.81,UPI,Pending,2025-01-13
6223,817,1646,93.97,Wallet,Failed,2025-01-03
6224,2103,108,300.69,Wallet,Failed,2025-02-14
6225,1844,695,412.63,Card,Pending,2025-02-20
6226,262,1529,230.81,Cash,Pending,2025-02-06
6227,5029,866,389.7,Card,Failed,2025-02-01
6228,8603,471,449.02,UPI,Failed,2025-02-06
6229,6099,1529,158.08,Cash,Success,2025-01-04
6230,7609,1541,49.12,UPI,Pending,2025-02-22
6231,2604,1270,73.99,Wallet,Failed,2025-01-12
6232,7621,1280,361.22,Cash,Failed,2025-02-10
6233,1609,432,100.17,Cash,Failed,2025-01-14
6234,2144,157,144.07,UPI,Failed,2025-01-31
6235,5653,1310,205.76,Cash,Failed,2025-01-17
6236,7676,1608,145.5,UPI,Failed,2025-01-08
6237,5265,1292,168.56,Card,Success,2025-01-01
6238,3661,396,259.02,UPI,Failed,2025-01-31
6239,7180,592,260.71,Cash,Success,2025-01-27
6240,622,1900,336.91,Card,Success,2025-03-02
6241,9829,1360,41.06,Wallet,Pending,2025-01-05
6242,9711,1880,45.2,UPI,Pending,2025-01-29
6243,6347,257,470.08,Wallet,Success,2025-02-17
6244,9182,1488,149.39,UPI,Failed,2025-02-21
6245,3408,912,423.35,Cash,Pending,2025-01-19
6246,3150,1605,484.81,UPI,Success,2025-01-28
6247,7567,1276,181.05,Wallet,Pending,2025-01-22
6248,9724,617,266.42,Card,Success,2025-02-11
6249,9132,276,147.66,Cash,Failed,2025-02-16
6250,2150,490,197.05,Card,Pending,2025-01-16
6251,9663,293,32.19,Card,Failed,2025-01-12
6252,3111,521,439.92,Wallet,Success,2025-02-02
6253,7076,1858,280.66,UPI,Success,2025-02-11
6254,5742,786,208.69,Card,Failed,2025-01-29
6255,5048,1288,225.38,Card,Success,2025-02-26
6256,2633,619,183.96,Cash,Pending,2025-02-05
6257,2303,224,495.78,Cash,Failed,2025-01-28
6258,6203,237,183.85,Wallet,Failed,2025-01-06
6259,2423,1914,490.14,Wallet,Failed,2025-02-20
6260,271,1213,468.55,Cash,Pending,2025-02-24
6261,3095,1065,52.39,UPI,Failed,2025-02-28
6262,1132,1171,242.2,Cash,Failed,2025-02-07
6263,5968,1823,232.45,Card,Failed,2025-01-09
6264,8747,1283,481.58,Wallet,Success,2025-01-11
6265,6869,944,455.23,UPI,Success,2025-02-10
6266,9971,149,386.78,Wallet,Failed,2025-02-11
6267,1991,607,113.51,UPI,Pending,2025-02-23
6268,9900,1480,386.33,UPI,Pending,2025-02-04
6269,791,1090,119.36,UPI,Pending,2025-02-07
6270,5028,441,176,Card,Pending,2025-01-19
6271,9294,884,174.33,Cash,Success,2025-02-15
6272,994,673,204.92,UPI,Success,2025-02-10
6273,6385,104,166.56,UPI,Failed,2025-01-02
6274,9329,1251,406.93,UPI,Failed,2025-01-06
6275,7513,762,374.41,Cash,Pending,2025-02-15
6276,1123,1499,160.22,UPI,Success,2025-02-21
6277,3863,1677,33.41,Cash,Pending,2025-03-01
6278,5386,1429,286.95,Cash,Success,2025-02-11
6279,1288,139,430.38,Cash,Failed,2025-01-08
6280,709,651,325.74,Cash,Pending,2025-01-27
6281,2125,1121,419.81,Cash,Pending,2025-02-20
6282,1913,104,170.38,Wallet,Success,2025-01-31
6283,1331,1243,263.69,Card,Success,2025-01-08
6284,1629,75,413.99,UPI,Pending,2025-02-15
6285,7424,1987,140.12,Cash,Pending,2025-02-22
6286,9263,1956,45.12,Wallet,Failed,2025-01-11
6287,752,1738,57.44,Wallet,Failed,2025-01-07
6288,2572,357,82.36,Card,Failed,2025-01-29
6289,2647,766,56.22,Wallet,Pending,2025-01-10
6290,3675,1604,225.38,Cash,Success,2025-01-25
6291,2891,1254,349.44,UPI,Failed,2025-02-16
6292,909,937,223.68,Card,Failed,2025-02-25
6293,1110,491,385.99,UPI,Success,2025-01-27
6294,4078,618,130.23,Cash,Success,2025-01-22
6295,8560,1948,380.38,Cash,Failed,2025-02-11
6296,7872,516,356.79,Cash,Failed,2025-02-05
6297,746,330,116.19,Card,Failed,2025-01-27
6298,9981,160,313.59,Card,Failed,2025-02-16
6299,1739,1219,144.89,Cash,Success,2025-01-20
6300,6425,1927,145.96,Wallet,Success,2025-02-27
6301,9711,1320,450.29,Wallet,Pending,2025-01-27
6302,8368,1107,39.86,UPI,Failed,2025-02-12
6303,88,351,332.53,UPI,Failed,2025-01-07
6304,4175,688,86.52,Wallet,Pending,2025-01-26
6305,5221,765,330.99,Wallet,Pending,2025-01-29
6306,4798,547,359.25,Wallet,Failed,2025-02-07
6307,5411,1702,32.54,UPI,Success,2025-02-19
6308,6731,1838,346.68,UPI,Pending,2025-02-25
6309,5463,463,157.72,Card,Success,2025-01-31
6310,8045,1194,335.1,Card,Failed,2025-02-09
6311,713,1930,420.4,Wallet,Pending,2025-02-26
6312,3357,841,245.51,Card,Pending,2025-01-04
6313,718,952,376.81,Wallet,Failed,2025-01-24
6314,8138,1536,335.3,Wallet,Success,2025-02-08
6315,3942,1140,471.35,Wallet,Failed,2025-01-09
6316,7603,417,70.88,Card,Success,2025-03-02
6317,9185,1978,497.61,Card,Pending,2025-02-25
6318,8155,679,71.34,UPI,Success,2025-02-28
6319,3554,454,344.95,Wallet,Failed,2025-01-12
6320,131,1871,456.11,Cash,Success,2025-02-04
6321,7028,1683,332.67,Cash,Success,2025-02-28
6322,1287,157,262.36,Cash,Failed,2025-02-25
6323,1023,943,414.08,UPI,Success,2025-01-24
6324,9639,1040,485.11,Cash,Success,2025-01-20
6325,8181,1114,62.29,Wallet,Failed,2025-01-16
6326,1299,1851,348.18,Card,Failed,2025-02-07
6327,6005,234,94.95,Card,Success,2025-01-12
6328,6186,964,284.07,Wallet,Success,2025-02-20
6329,8864,1712,102.74,UPI,Failed,2025-02-10
6330,256,1292,224.17,Cash,Failed,2025-02-09
6331,6234,626,197.03,Wallet,Failed,2025-02-28
6332,1990,269,330.11,Cash,Pending,2025-02-19
6333,8519,712,195.7,Card,Success,2025-01-07
6334,2997,1970,315.89,Card,Failed,2025-01-14
6335,1168,1574,174.37,Card,Failed,2025-02-09
6336,3021,381,157.58,UPI,Success,2025-02-06
6337,9911,1134,218.62,UPI,Failed,2025-02-15
6338,6271,107,386.59,UPI,Success,2025-02-28
6339,9407,1077,327.98,Wallet,Failed,2025-03-02
6340,4151,622,267,Card,Pending,2025-01-10
6341,6645,1872,331.13,Cash,Pending,2025-02-22
6342,557,582,329.39,UPI,Failed,2025-01-18
6343,8355,1811,430.96,Card,Pending,2025-02-19
6344,5681,286,39.26,Card,Failed,2025-02-07
6345,809,804,125.3,Wallet,Failed,2025-01-05
6346,2899,1943,287.37,Wallet,Failed,2025-02-12
6347,8724,1215,287.61,Wallet,Failed,2025-01-23
6348,352,321,444.27,Wallet,Success,2025-01-03
6349,6070,220,143.3,Wallet,Failed,2025-01-22
6350,3590,1917,178.47,Card,Pending,2025-01-11
6351,1693,53,39.66,Card,Pending,2025-01-12
6352,4369,1449,118.95,Cash,Pending,2025-01-05
6353,1100,835,405.05,UPI,Success,2025-02-19
6354,7035,1246,422.1,Card,Pending,2025-02-18
6355,3635,1599,426.42,Wallet,Failed,2025-01-26
6356,9033,18,331.68,Wallet,Failed,2025-01-06
6357,5673,1397,415.17,Card,Failed,2025-03-02
6358,4295,1428,192.86,Card,Success,2025-01-11
6359,9285,382,451.44,Cash,Pending,2025-02-28
6360,1511,823,75.51,Card,Pending,2025-03-02
6361,4079,375,299.58,Cash,Success,2025-02-16
6362,2719,256,331.25,Wallet,Success,2025-02-12
6363,5679,542,297.08,Cash,Success,2025-02-11
6364,9978,1567,375.02,UPI,Success,2025-02-28
6365,8895,713,79.23,UPI,Failed,2025-02-28
6366,6105,1474,328.87,Cash,Failed,2025-02-04
6367,2959,32,312.59,Cash,Pending,2025-03-02
6368,1744,922,62.23,Card,Failed,2025-02-02
6369,9513,1031,230.66,Wallet,Success,2025-01-04
6370,3483,724,113.91,Wallet,Pending,2025-02-17
6371,5820,1385,479.35,UPI,Failed,2025-02-17
6372,3259,1608,67.26,UPI,Failed,2025-01-12
6373,1693,409,192.62,Cash,Failed,2025-01-08
6374,2258,1214,32.84,Cash,Failed,2025-02-20
6375,9681,1819,38.61,UPI,Success,2025-01-09
6376,7324,412,402.25,UPI,Failed,2025-01-27
6377,6267,564,490.02,UPI,Failed,2025-02-17
6378,190,839,130.22,Cash,Success,2025-02-23
6379,7299,473,481.19,UPI,Failed,2025-01-04
6380,3107,461,438.43,UPI,Pending,2025-01-24
6381,3468,1295,219.51,Cash,Pending,2025-01-27
6382,8659,1546,150.77,Wallet,Pending,2025-02-23
6383,2118,1966,175.14,Card,Pending,2025-01-05
6384,3903,327,126.16,Wallet,Pending,2025-02-09
6385,9797,607,290.76,Card,Pending,2025-02-03
6386,4969,1866,84.08,Wallet,Failed,2025-01-08
6387,6273,217,309.49,Cash,Pending,2025-01-24
6388,5737,1451,77.32,Wallet,Success,2025-02-26
6389,30,1431,340.6,Cash,Failed,2025-01-13
6390,1731,1472,277.79,UPI,Failed,2025-02-04
6391,6582,698,440.26,Wallet,Success,2025-02-08
6392,1838,1074,480.63,Cash,Pending,2025-01-04
6393,2021,1139,261.16,Wallet,Success,2025-02-15
6394,9263,1999,408.81,Wallet,Failed,2025-03-03
6395,85,1225,337.97,Wallet,Failed,2025-01-23
6396,5681,1709,312.65,Cash,Pending,2025-01-01
6397,3184,1042,259.57,Cash,Success,2025-01-05
6398,6517,1481,373.04,UPI,Failed,2025-02-15
6399,1414,414,307.94,UPI,Pending,2025-02-20
6400,765,432,178.43,Cash,Success,2025-01-02
6401,1097,1901,411.1,Wallet,Success,2025-01-09
6402,2255,1808,404.63,Cash,Success,2025-01-30
6403,4794,638,223.59,Cash,Failed,2025-02-28
6404,8297,1891,487.23,Card,Failed,2025-03-03
6405,7884,1334,198.95,Cash,Success,2025-02-06
6406,2383,1307,159.86,Card,Pending,2025-03-03
6407,6739,1053,262.06,UPI,Pending,2025-02-05
6408,1560,1644,220.45,Cash,Success,2025-01-11
6409,1225,1312,60.31,Cash,Pending,2025-03-01
6410,5566,880,232.38,Cash,Failed,2025-01-14
6411,2846,38,73.18,Wallet,Pending,2025-01-29
6412,195,915,68.83,Card,Failed,2025-01-24
6413,3718,1402,175.3,Cash,Failed,2025-01-29
6414,8469,1550,234,Wallet,Pending,2025-01-11
6415,4513,1055,283.46,Cash,Pending,2025-01-10
6416,9306,1694,376.43,Wallet,Failed,2025-01-15
6417,4530,264,94.23,Wallet,Failed,2025-01-26
6418,8649,1829,301.09,Card,Pending,2025-02-10
6419,362,1208,269.92,Card,Success,2025-01-28
6420,4199,1708,433.2,Card,Success,2025-01-08
6421,4149,1045,318.92,UPI,Pending,2025-01-29
6422,2091,513,123.66,Card,Success,2025-02-12
6423,3317,566,67.09,Wallet,Success,2025-03-03
6424,9275,1369,266.43,Wallet,Success,2025-02-25
6425,3684,1764,285.22,Card,Success,2025-01-29
6426,4397,1898,267.28,Wallet,Failed,2025-01-28
6427,9365,1264,217.77,Card,Pending,2025-01-04
6428,3485,1355,456.36,UPI,Pending,2025-01-27
6429,948,1352,262.16,Wallet,Success,2025-01-29
6430,8261,512,415.24,Card,Success,2025-02-21
6431,4677,936,80.82,Cash,Success,2025-02-14
6432,9869,855,479.35,Wallet,Pending,2025-02-16
6433,9320,1538,447.78,Card,Failed,2025-02-14
6434,7310,1017,217.84,Wallet,Success,2025-02-17
6435,9120,1511,70.17,Cash,Success,2025-01-26
6436,5486,657,93.03,UPI,Pending,2025-01-23
6437,8221,224,493.35,Card,Failed,2025-02-12
6438,5166,48,474.64,UPI,Success,2025-01-02
6439,3422,1878,409.72,Card,Pending,2025-01-08
6440,6766,37,74.01,Cash,Success,2025-01-20
6441,1334,1653,199.32,Cash,Pending,2025-01-21
6442,5000,256,460.18,UPI,Failed,2025-02-11
6443,675,546,35.28,Card,Pending,2025-01-11
6444,2839,1307,440.31,Card,Pending,2025-02-16
6445,7473,1996,181.57,UPI,Pending,2025-02-27
6446,1608,1120,425.01,Cash,Success,2025-01-24
6447,6801,1510,287.78,Card,Failed,2025-01-20
6448,1866,1467,401.38,Cash,Success,2025-02-19
6449,3902,1715,471.28,UPI,Pending,2025-02-26
6450,2945,115,392.74,Cash,Pending,2025-03-01
6451,4489,1538,288.59,UPI,Pending,2025-02-12
6452,6662,172,191,UPI,Pending,2025-01-15
6453,7376,617,210.87,UPI,Pending,2025-01-11
6454,7123,341,474.95,UPI,Pending,2025-02-27
6455,6506,1990,394.31,Cash,Success,2025-01-20
6456,4093,1506,45.7,Card,Failed,2025-02-05
6457,2665,586,43.98,Card,Success,2025-01-06
6458,2132,473,468.75,Card,Success,2025-02-22
6459,1801,369,45.36,UPI,Pending,2025-02-18
6460,7713,471,205.03,UPI,Success,2025-02-24
6461,6778,42,387.58,Wallet,Pending,2025-01-02
6462,2693,915,200.96,UPI,Failed,2025-02-27
6463,9295,1370,269.14,Card,Pending,2025-01-02
6464,7076,78,259.42,Wallet,Pending,2025-02-28
6465,6122,1933,418.47,UPI,Pending,2025-01-07
6466,9088,471,348.03,Cash,Failed,2025-01-04
6467,5433,1861,37.9,Wallet,Failed,2025-01-04
6468,7742,18,427.03,UPI,Failed,2025-01-09
6469,5377,984,31.65,Card,Pending,2025-01-29
6470,8277,1329,368.66,Card,Failed,2025-02-14
6471,2965,1458,261.95,Wallet,Success,2025-02-27
6472,9872,1905,91.35,Cash,Failed,2025-01-02
6473,7815,2,53.55,Wallet,Pending,2025-01-13
6474,2464,817,108.02,UPI,Failed,2025-01-14
6475,9750,1096,41.88,Card,Pending,2025-02-27
6476,8331,107,481.4,UPI,Failed,2025-01-30
6477,8662,993,318.43,UPI,Failed,2025-01-16
6478,8717,1657,56.21,UPI,Success,2025-01-14
6479,2552,49,102.2,UPI,Success,2025-01-15
6480,731,1250,116.41,UPI,Pending,2025-01-09
6481,6836,273,314.39,Cash,Success,2025-02-03
6482,4925,1479,447.47,UPI,Failed,2025-01-08
6483,4388,1910,91.32,Card,Failed,2025-02-08
6484,3272,1976,240.09,Cash,Success,2025-01-24
6485,7828,1874,313.63,UPI,Failed,2025-02-26
6486,7368,1016,425.88,Wallet,Failed,2025-01-23
6487,722,1420,230.01,UPI,Failed,2025-02-11
6488,5568,1735,190.84,Wallet,Pending,2025-01-26
6489,3247,243,339.83,Card,Failed,2025-01-08
6490,8877,637,307.11,UPI,Failed,2025-02-21
6491,4935,701,297.86,Cash,Pending,2025-01-13
6492,3100,390,436.89,Wallet,Success,2025-02-22
6493,1822,514,212.16,Cash,Failed,2025-02-25
6494,6334,1917,293.46,Wallet,Failed,2025-01-19
6495,5535,507,496.26,Wallet,Success,2025-02-27
6496,4926,1298,145.08,Cash,Pending,2025-01-02
6497,9129,1303,280.32,Cash,Pending,2025-01-16
6498,4544,1329,288.56,Cash,Pending,2025-01-12
6499,5242,1272,201.52,Wallet,Success,2025-01-03
6500,7129,1815,335.98,UPI,Failed,2025-02-16
6501,2847,1344,383.37,UPI,Failed,2025-02-08
6502,533,471,406.84,Cash,Pending,2025-02-13
6503,4440,85,240.62,UPI,Failed,2025-01-16
6504,8144,218,362.37,Card,Pending,2025-02-12
6505,8432,539,87.89,Wallet,Pending,2025-02-26
6506,2741,1246,308.32,Card,Failed,2025-02-09
6507,916,1962,320.3,Card,Pending,2025-02-12
6508,1825,1190,336.58,Card,Success,2025-01-05
6509,9229,215,450.37,Cash,Pending,2025-02-25
6510,2648,198,226.59,Cash,Pending,2025-01-16
6511,7224,614,357.61,Card,Pending,2025-02-05
6512,9782,1072,378.82,Cash,Pending,2025-03-02
6513,1068,1383,121.02,Card,Pending,2025-01-15
6514,1646,1138,261.66,UPI,Success,2025-01-09
6515,3756,71,378.53,Card,Failed,2025-02-05
6516,2380,1890,435.93,UPI,Pending,2025-01-20
6517,63,1943,459.08,Card,Success,2025-01-10
6518,9925,58,70.96,UPI,Pending,2025-01-17
6519,8318,766,246.84,Card,Success,2025-02-25
6520,8001,617,407.22,UPI,Success,2025-02-22
6521,2589,569,134.24,Card,Failed,2025-02-04
6522,8044,709,337.66,UPI,Success,2025-01-20
6523,1493,1397,388.22,Wallet,Failed,2025-02-17
6524,1734,375,455.47,Cash,Pending,2025-02-11
6525,2111,1087,87.21,Card,Success,2025-02-13
6526,351,263,223.8,Cash,Success,2025-01-01
6527,4697,676,390.89,Card,Pending,2025-02-09
6528,9200,260,443.98,Wallet,Success,2025-01-15
6529,5543,1632,336.54,Cash,Success,2025-01-20
6530,1649,1531,370.58,Wallet,Failed,2025-01-28
6531,9231,193,164.42,UPI,Failed,2025-01-27
6532,514,1339,424.29,UPI,Success,2025-01-10
6533,1842,1539,193.74,UPI,Failed,2025-01-19
6534,5682,33,285.98,UPI,Success,2025-01-12
6535,3423,1287,443.25,Cash,Success,2025-01-27
6536,7118,271,202.6,Card,Success,2025-01-07
6537,7091,709,296,Cash,Success,2025-01-30
6538,2658,528,49.45,Wallet,Failed,2025-02-02
6539,4621,1681,145.99,UPI,Success,2025-01-27
6540,2215,162,321.12,UPI,Failed,2025-02-18
6541,3098,1523,64.9,Cash,Pending,2025-01-05
6542,8140,138,186.2,Cash,Success,2025-02-03
6543,5650,779,169.8,Cash,Failed,2025-02-19
6544,306,1961,179.1,UPI,Success,2025-03-02
6545,7275,1660,96.54,Cash,Pending,2025-01-29
6546,3476,1714,121.11,Cash,Success,2025-01-31
6547,2476,658,389.35,Wallet,Success,2025-02-25
6548,1953,1307,462.14,Card,Failed,2025-01-27
6549,5437,1600,256.04,Card,Pending,2025-02-17
6550,666,395,185.35,UPI,Success,2025-01-29
6551,2022,1792,467.99,UPI,Failed,2025-01-15
6552,5400,1879,72.61,Card,Failed,2025-01-13
6553,3168,863,203.18,Wallet,Success,2025-01-09
6554,1066,1470,257.68,Card,Failed,2025-01-04
6555,7226,333,274.75,UPI,Pending,2025-01-26
6556,2365,48,332.56,Card,Success,2025-02-12
6557,5866,1692,136.75,Cash,Pending,2025-02-19
6558,196,155,408.99,Card,Success,2025-02-12
6559,7251,1447,375.84,Cash,Failed,2025-02-20
6560,4559,934,257.5,Wallet,Pending,2025-02-09
6561,6066,755,385.35,UPI,Pending,2025-01-04
6562,1438,328,341.57,UPI,Success,2025-02-14
6563,3369,1829,424.75,Wallet,Failed,2025-02-19
6564,1568,230,268.58,UPI,Success,2025-01-05
6565,8758,107,53.54,UPI,Failed,2025-01-12
6566,5801,1189,342.99,Card,Failed,2025-01-09
6567,7800,200,147.37,Cash,Success,2025-02-18
6568,1549,1093,278.25,Cash,Failed,2025-02-14
6569,6633,1273,221.8,Cash,Success,2025-02-20
6570,4286,1846,404.52,Card,Failed,2025-01-25
6571,10000,75,351.29,Wallet,Failed,2025-02-17
6572,4766,643,118.91,Cash,Pending,2025-02-08
6573,1858,1916,337.42,Cash,Failed,2025-02-17
6574,5440,1090,101.42,Cash,Failed,2025-01-02
6575,4301,1260,442.73,Wallet,Pending,2025-02-13
6576,6472,1163,454.72,Wallet,Failed,2025-02-05
6577,1536,390,93.47,Cash,Failed,2025-02-09
6578,8966,761,374.43,Cash,Failed,2025-02-09
6579,2675,622,90.2,Cash,Pending,2025-01-29
6580,5107,977,339.31,Wallet,Failed,2025-02-06
6581,3877,1856,30.17,Cash,Success,2025-01-26
6582,3109,1940,306.35,Wallet,Failed,2025-01-12
6583,1157,691,161.63,Card,Failed,2025-01-20
6584,2096,1604,414.6,UPI,Pending,2025-01-28
6585,3608,64,430.56,Cash,Failed,2025-01-08
6586,8944,1601,229.52,UPI,Failed,2025-01-01
6587,3714,673,37.27,Card,Pending,2025-02-19
6588,6073,273,200.25,Card,Failed,2025-02-23
6589,578,1625,299.94,Wallet,Pending,2025-02-09
6590,7256,1743,334.59,UPI,Pending,2025-02-11
6591,8370,55,410.17,Card,Pending,2025-01-30
6592,4148,1365,143.62,Cash,Failed,2025-02-17
6593,1721,1202,451.67,UPI,Pending,2025-02-07
6594,8428,1786,382.42,UPI,Pending,2025-02-06
6595,3915,726,378.68,Wallet,Success,2025-01-03
6596,8274,775,99.71,Wallet,Success,2025-02-21
6597,3631,226,212.41,UPI,Pending,2025-02-08
6598,4524,1575,257.98,Cash,Success,2025-02-16
6599,2446,367,256.94,Wallet,Pending,2025-02-24
6600,892,1485,411.29,Cash,Success,2025-03-02
6601,3738,1410,396.54,Wallet,Failed,2025-01-21
6602,1776,681,215.96,Card,Success,2025-02-24
6603,3519,892,394.23,Card,Failed,2025-02-14
6604,7565,58,371.72,Wallet,Success,2025-01-15
6605,8377,1792,495.41,Wallet,Success,2025-02-28
6606,151,1918,489.85,Cash,Success,2025-02-07
6607,5622,464,90.3,Wallet,Failed,2025-01-08
6608,6767,406,90.91,Card,Failed,2025-02-23
6609,8303,979,369.63,Card,Failed,2025-02-18
6610,1904,1618,47.17,Cash,Pending,2025-01-17
6611,3840,442,32.64,Wallet,Pending,2025-01-10
6612,4125,363,379.62,UPI,Success,2025-01-02
6613,369,1483,47.37,Wallet,Pending,2025-01-15
6614,3783,1693,310.8,Card,Pending,2025-02-06
6615,6452,93,421.19,Card,Pending,2025-01-06
6616,2754,1404,329.61,Wallet,Pending,2025-02-20
6617,8580,1021,246.19,UPI,Pending,2025-02-14
6618,1628,1588,344.93,Card,Success,2025-02-11
6619,2722,135,316.28,UPI,Success,2025-01-26
6620,3031,1600,294.99,Card,Pending,2025-02-22
6621,3897,288,187.81,Wallet,Success,2025-02-26
6622,7208,553,122.36,UPI,Pending,2025-01-03
6623,8811,1046,310.84,UPI,Pending,2025-02-18
6624,8607,1417,457.77,Card,Failed,2025-03-01
6625,5309,295,115.17,UPI,Pending,2025-02-27
6626,7428,162,284.25,Card,Failed,2025-03-01
6627,4755,1276,435.46,Cash,Success,2025-02-06
6628,9075,127,301.99,Cash,Pending,2025-01-05
6629,834,1691,49.66,Wallet,Success,2025-02-02
6630,8960,85,371.33,Cash,Pending,2025-02-02
6631,9981,174,234.21,Wallet,Failed,2025-01-29
6632,384,1014,99.97,UPI,Pending,2025-02-20
6633,6624,547,484.91,Cash,Failed,2025-01-22
6634,8559,1625,297.27,Card,Failed,2025-02-21
6635,8477,1238,403.07,UPI,Success,2025-01-27
6636,5688,302,118.46,Wallet,Pending,2025-01-18
6637,5950,647,359.92,Wallet,Failed,2025-01-06
6638,541,693,268.11,UPI,Failed,2025-03-02
6639,4440,1598,406.61,Wallet,Failed,2025-01-15
6640,5649,1024,234.47,Cash,Pending,2025-02-28
6641,2373,1316,421.22,Cash,Failed,2025-01-25
6642,9443,1477,362.5,Wallet,Success,2025-02-24
6643,1433,1693,307.23,Card,Failed,2025-02-13
6644,6754,63,430.82,Wallet,Pending,2025-02-17
6645,9782,1978,171.72,Wallet,Success,2025-02-09
6646,3791,757,471.65,Wallet,Pending,2025-01-04
6647,8827,1740,340.35,UPI,Pending,2025-02-23
6648,9332,871,114.18,UPI,Failed,2025-01-19
6649,3182,1440,232.93,UPI,Failed,2025-02-05
6650,1633,1102,197.97,Wallet,Failed,2025-01-04
6651,3717,1035,102.18,Wallet,Pending,2025-02-22
6652,4139,552,318.68,Cash,Pending,2025-01-22
6653,2575,41,122.52,Cash,Success,2025-01-14
6654,6303,1730,461.45,Cash,Failed,2025-02-13
6655,7712,1206,124.64,Cash,Pending,2025-01-27
6656,2197,1377,211.83,UPI,Success,2025-01-17
6657,3860,579,183.42,Wallet,Success,2025-02-26
6658,4174,303,363.06,Cash,Pending,2025-01-11
6659,3772,374,372.41,Card,Success,2025-01-29
6660,6507,146,175.93,Cash,Failed,2025-02-17
6661,3241,1171,113.04,UPI,Success,2025-03-01
6662,8825,1558,242.36,Wallet,Success,2025-02-14
6663,4862,412,433.29,Cash,Pending,2025-01-09
6664,9367,273,153.4,Wallet,Failed,2025-01-04
6665,6466,81,45.9,Card,Pending,2025-03-03
6666,1581,1400,364.48,Wallet,Success,2025-01-01
6667,9579,1603,135.09,Wallet,Pending,2025-02-02
6668,1171,178,72.75,Cash,Pending,2025-02-05
6669,7285,1916,337.33,UPI,Pending,2025-01-02
6670,4331,356,429.22,Card,Failed,2025-01-15
6671,7442,1923,380.72,Wallet,Failed,2025-02-28
6672,1882,699,218.3,Card,Success,2025-01-13
6673,9128,598,41,Cash,Success,2025-02-10
6674,4879,1499,282.89,Cash,Success,2025-01-03
6675,9849,1328,59.16,Card,Failed,2025-01-29
6676,7028,1940,72.67,Card,Failed,2025-02-10
6677,3834,1160,153.86,Wallet,Success,2025-01-11
6678,3842,751,190.06,Card,Failed,2025-02-15
6679,1900,1483,268.9,Card,Failed,2025-02-07
6680,3625,1687,83.23,UPI,Pending,2025-02-19
6681,7761,1520,287.56,UPI,Pending,2025-01-25
6682,7968,1946,304.9,Cash,Success,2025-02-17
6683,2825,171,334.64,Cash,Failed,2025-02-02
6684,8004,1620,493.33,Card,Success,2025-02-11
6685,7813,1051,446.58,Wallet,Failed,2025-01-26
6686,3243,538,55.01,Cash,Success,2025-01-30
6687,2568,1181,128.31,Card,Success,2025-03-03
6688,8909,1245,318.58,Card,Success,2025-02-20
6689,8201,1559,30.78,Wallet,Pending,2025-02-18
6690,7687,1711,255.03,UPI,Pending,2025-02-02
6691,3509,690,300.95,Cash,Failed,2025-02-16
6692,6604,349,124.26,Cash,Success,2025-01-22
6693,7818,484,274.02,Wallet,Success,2025-02-02
6694,9468,1300,392.02,Cash,Pending,2025-02-28
6695,630,1434,225.51,UPI,Success,2025-02-14
6696,3318,1402,289.37,Cash,Pending,2025-02-10
6697,9979,1552,353.3,Cash,Pending,2025-02-27
6698,1585,1632,363.34,Cash,Failed,2025-01-11
6699,1500,951,351.62,Cash,Success,2025-01-29
6700,8312,1349,469.15,UPI,Pending,2025-02-23
6701,6394,1856,325.89,UPI,Success,2025-01-06
6702,5868,416,241.08,UPI,Pending,2025-01-07
6703,7476,122,61.31,UPI,Failed,2025-02-22
6704,4420,304,59.57,Card,Pending,2025-01-28
6705,6167,75,463.35,Card,Pending,2025-01-22
6706,3914,1815,320.37,Card,Failed,2025-01-24
6707,9413,1868,229.3,Cash,Success,2025-02-18
6708,4006,28,459.4,Cash,Pending,2025-03-03
6709,3551,818,110.26,Cash,Success,2025-01-18
6710,6465,1651,488.78,Cash,Success,2025-01-16
6711,1997,1543,89.91,UPI,Success,2025-01-14
6712,9931,1202,223.55,Card,Pending,2025-02-06
6713,1329,1832,436.21,Cash,Failed,2025-02-08
6714,6145,498,454.29,Wallet,Success,2025-02-24
6715,8668,607,449.75,Cash,Success,2025-02-03
6716,3570,462,318,UPI,Success,2025-02-28
6717,8077,1611,118.65,Wallet,Failed,2025-02-12
6718,2086,324,313.39,Wallet,Success,2025-01-20
6719,2300,522,108.98,Card,Success,2025-01-05
6720,9013,1796,386.6,Cash,Failed,2025-01-19
6721,4962,812,251.54,Wallet,Failed,2025-01-29
6722,1443,20,410.76,UPI,Pending,2025-03-01
6723,7725,712,410.12,Wallet,Success,2025-01-17
6724,8079,59,446.6,Cash,Success,2025-02-05
6725,6892,129,296.82,Card,Pending,2025-01-04
6726,4744,1160,327.75,UPI,Success,2025-02-22
6727,4470,820,55.17,Wallet,Failed,2025-02-22
6728,8279,910,231.8,UPI,Pending,2025-02-02
6729,9106,1026,323.71,Card,Failed,2025-02-01
6730,1307,1676,291.72,UPI,Success,2025-02-17
6731,5563,1823,323.4,Card,Success,2025-01-25
6732,9547,1116,373.81,Cash,Failed,2025-01-07
6733,4444,784,226.66,Wallet,Pending,2025-01-10
6734,5310,1806,81.64,Cash,Success,2025-01-28
6735,391,1563,104.94,Card,Success,2025-02-08
6736,3037,1773,320.23,Card,Pending,2025-02-22
6737,867,247,93.35,Card,Pending,2025-02-14
6738,3499,339,263.41,Card,Failed,2025-02-12
6739,327,693,189.34,Card,Failed,2025-02-26
6740,6086,1030,417.15,UPI,Pending,2025-01-12
6741,8317,1839,290.75,Cash,Failed,2025-01-14
6742,1388,782,109.43,Card,Pending,2025-01-05
6743,3380,1072,38.3,Wallet,Failed,2025-01-07
6744,8654,297,205.64,Wallet,Success,2025-01-27
6745,7933,717,478.83,Wallet,Success,2025-01-08
6746,1835,1607,469.72,Cash,Failed,2025-01-14
6747,103,913,470.87,Cash,Failed,2025-03-03
6748,7587,1963,166.89,UPI,Failed,2025-02-13
6749,3073,111,406.35,Cash,Pending,2025-02-26
6750,690,456,333.41,Card,Success,2025-01-28
6751,6963,96,244.09,UPI,Failed,2025-02-01
6752,6817,1998,58.14,Wallet,Success,2025-02-25
6753,6927,598,294.72,Cash,Failed,2025-01-05
6754,1547,1816,255.27,UPI,Success,2025-01-19
6755,7461,584,220.85,Cash,Failed,2025-01-01
6756,6898,1228,34.06,UPI,Failed,2025-01-15
6757,4524,1153,239.24,Card,Pending,2025-02-10
6758,8886,407,303.51,Card,Success,2025-01-14
6759,5802,1424,198.6,Cash,Failed,2025-01-21
6760,1434,1262,467.54,Cash,Pending,2025-02-19
6761,8476,923,407.42,Cash,Success,2025-02-11
6762,6364,1631,138.96,Card,Success,2025-01-02
6763,7017,1086,488.86,Cash,Failed,2025-03-01
6764,1158,42,166.02,UPI,Success,2025-01-21
6765,6360,1409,272.56,Card,Failed,2025-01-10
6766,5079,1039,132.35,UPI,Failed,2025-02-17
6767,8579,241,77.93,Card,Success,2025-01-02
6768,6347,541,315.38,Card,Pending,2025-01-19
6769,4367,68,160,UPI,Success,2025-01-25
6770,5854,135,175.11,Wallet,Failed,2025-01-01
6771,5793,571,345.69,Card,Failed,2025-01-31
6772,132,967,82.49,Card,Success,2025-02-18
6773,7699,868,420.38,Card,Failed,2025-02-22
6774,6330,698,115.67,Wallet,Failed,2025-01-01
6775,8836,61,165.44,Wallet,Pending,2025-02-05
6776,836,1309,128.59,Cash,Pending,2025-02-19
6777,8361,1779,33.24,Cash,Success,2025-01-10
6778,9976,1512,215.83,Cash,Failed,2025-02-23
6779,2494,1761,281.76,Card,Success,2025-01-19
6780,4989,1476,210.29,Card,Failed,2025-01-13
6781,9555,151,98.83,UPI,Pending,2025-01-25
6782,1487,777,212.14,Card,Failed,2025-02-19
6783,2402,1896,43.87,Wallet,Failed,2025-01-14
6784,8630,254,338.77,UPI,Success,2025-02-18
6785,9853,520,309.69,Card,Failed,2025-02-19
6786,9338,1794,499.84,UPI,Pending,2025-03-02
6787,8380,27,317.81,UPI,Success,2025-01-01
6788,340,184,445.83,UPI,Failed,2025-02-20
6789,2021,121,302.73,Wallet,Failed,2025-02-16
6790,655,1609,199.3,Card,Success,2025-02-08
6791,6346,2000,250.94,UPI,Success,2025-01-26
6792,9780,1245,124.93,Wallet,Failed,2025-01-28
6793,740,1493,62.39,Cash,Success,2025-01-27
6794,9509,41,280.43,Card,Success,2025-02-18
6795,7665,892,149.15,Card,Success,2025-02-16
6796,8035,1022,76.66,Card,Success,2025-01-30
6797,3312,569,281.85,Card,Pending,2025-01-21
6798,5553,977,376.06,Wallet,Pending,2025-03-01
6799,8519,1358,31.09,Wallet,Pending,2025-02-24
6800,2281,880,31.42,Wallet,Failed,2025-01-19
6801,7736,1708,156.24,Cash,Failed,2025-02-02
6802,8216,473,324.3,Wallet,Success,2025-02-01
6803,1562,307,167.49,UPI,Success,2025-02-25
6804,2322,1537,244.82,Wallet,Failed,2025-02-14
6805,814,1045,87.27,Card,Pending,2025-01-27
6806,2139,1056,236.35,Wallet,Pending,2025-02-13
6807,642,1619,221.19,UPI,Pending,2025-01-16
6808,6129,1746,281.96,Wallet,Failed,2025-01-16
6809,4551,1366,447.46,Card,Success,2025-01-11
6810,850,32,42.28,Cash,Success,2025-01-16
6811,3408,837,268.56,Wallet,Success,2025-01-07
6812,1611,1648,308.44,Cash,Success,2025-01-15
6813,5099,903,215.61,Wallet,Pending,2025-02-07
6814,2336,360,70.96,Wallet,Failed,2025-02-10
6815,1348,1138,334.46,UPI,Pending,2025-01-11
6816,7878,308,447.24,Cash,Pending,2025-02-26
6817,6789,1777,429.17,Wallet,Pending,2025-01-08
6818,5009,873,249.39,UPI,Failed,2025-02-18
6819,3343,192,406.29,Card,Success,2025-02-14
6820,1791,1082,286,Wallet,Failed,2025-01-11
6821,1814,1819,71.2,Card,Success,2025-02-08
6822,3852,930,207.19,Wallet,Failed,2025-02-18
6823,2330,1100,229.32,Card,Failed,2025-02-17
6824,6913,1164,133.93,UPI,Pending,2025-01-08
6825,5351,1463,416.21,UPI,Pending,2025-02-24
6826,6399,1588,300.21,Wallet,Failed,2025-01-13
6827,2865,133,53.02,Cash,Failed,2025-01-04
6828,4181,261,159.26,Wallet,Success,2025-01-04
6829,207,1868,494.97,UPI,Success,2025-01-27
6830,4609,1943,435.51,Card,Success,2025-03-03
6831,8769,1336,119.61,Cash,Success,2025-02-16
6832,2850,1530,125.08,UPI,Failed,2025-02-08
6833,1257,795,37.63,Card,Success,2025-01-18
6834,3808,700,385.15,Wallet,Success,2025-02-28
6835,5981,525,416.11,Wallet,Failed,2025-02-10
6836,4480,497,447.19,Cash,Pending,2025-01-06
6837,6522,1340,389.55,UPI,Pending,2025-02-09
6838,4027,177,270.98,Wallet,Pending,2025-01-18
6839,5818,795,109.14,Wallet,Success,2025-02-14
6840,6422,1928,238.78,Wallet,Success,2025-02-07
6841,820,929,399.75,Card,Success,2025-02-24
6842,3456,1228,267.25,Cash,Success,2025-01-28
6843,998,389,100.24,UPI,Success,2025-01-05
6844,6695,1226,405.83,UPI,Success,2025-01-21
6845,2563,1674,133.41,Cash,Failed,2025-01-26
6846,747,1963,377.21,Wallet,Failed,2025-01-18
6847,576,1404,444.38,Card,Pending,2025-02-09
6848,155,879,357.27,Wallet,Failed,2025-01-12
6849,4016,1053,482.91,Cash,Failed,2025-01-10
6850,7329,264,308.57,Wallet,Failed,2025-02-05
6851,6951,1031,57.32,Wallet,Failed,2025-02-15
6852,3505,1300,469,UPI,Pending,2025-02-16
6853,8109,1934,277.99,Wallet,Success,2025-02-03
6854,14,1356,391.58,Card,Failed,2025-02-07
6855,5291,690,202.73,Card,Success,2025-02-15
6856,8386,1180,375.53,Card,Pending,2025-02-07
6857,6783,1928,128.68,UPI,Success,2025-02-20
6858,4268,222,472.38,UPI,Pending,2025-02-27
6859,5827,281,211.16,Cash,Failed,2025-01-31
6860,5693,279,201.25,Cash,Success,2025-02-05
6861,9793,1617,287.85,UPI,Failed,2025-02-17
6862,4776,1840,201.62,Cash,Pending,2025-01-23
6863,3785,442,373.36,UPI,Success,2025-01-13
6864,7299,613,369.31,Wallet,Success,2025-02-04
6865,2576,1160,284.19,Cash,Success,2025-02-19
6866,3134,1444,391.02,Wallet,Success,2025-03-01
6867,8911,1942,201.43,Wallet,Failed,2025-01-05
6868,8161,1231,189.88,Wallet,Success,2025-02-23
6869,7449,1718,446.88,UPI,Pending,2025-02-09
6870,1677,1790,312.88,UPI,Pending,2025-01-14
6871,6905,482,171.1,UPI,Success,2025-01-08
6872,8765,1043,162.27,Cash,Pending,2025-02-25
6873,4588,1249,335.34,Cash,Failed,2025-02-11
6874,9697,153,373.02,Cash,Success,2025-02-19
6875,6937,837,260.69,Card,Success,2025-02-23
6876,9315,1230,236.37,Card,Pending,2025-01-20
6877,5128,1868,462.47,UPI,Failed,2025-02-14
6878,9760,666,409.59,Card,Pending,2025-01-24
6879,232,1602,226.58,UPI,Success,2025-01-25
6880,4335,1988,440.59,UPI,Failed,2025-02-22
6881,8917,122,444.52,Cash,Failed,2025-02-12
6882,6758,1430,32.19,Cash,Failed,2025-01-18
6883,3416,1476,383.88,Cash,Failed,2025-01-16
6884,9570,238,467.96,Wallet,Failed,2025-01-01
6885,5211,1317,81.87,Wallet,Success,2025-02-24
6886,7571,981,54.55,Cash,Failed,2025-02-05
6887,7035,991,113.41,Wallet,Pending,2025-03-03
6888,3489,804,190.96,UPI,Failed,2025-01-09
6889,1985,1201,159.68,Cash,Failed,2025-02-27
6890,7342,1281,413.56,Cash,Pending,2025-01-31
6891,9627,636,227.14,UPI,Failed,2025-01-22
6892,7308,1375,106.66,Wallet,Pending,2025-01-05
6893,207,1492,148.14,UPI,Failed,2025-01-22
6894,1729,1831,357.67,Card,Success,2025-01-03
6895,1659,1950,88.22,Card,Pending,2025-01-25
6896,7716,1645,90.08,UPI,Pending,2025-01-13
6897,8088,169,428.25,Wallet,Pending,2025-03-02
6898,3690,595,210.87,UPI,Failed,2025-03-01
6899,7651,898,188.51,UPI,Success,2025-01-18
6900,3132,1548,31.24,UPI,Failed,2025-01-23
6901,8387,1133,362.38,Card,Failed,2025-01-07
6902,3437,313,54.6,UPI,Success,2025-02-10
6903,4142,449,288.68,Card,Pending,2025-01-14
6904,795,699,390.55,Wallet,Success,2025-02-04
6905,2717,1066,100.03,Card,Failed,2025-01-23
6906,8841,1496,394.08,Card,Failed,2025-03-01
6907,6644,34,285.93,Wallet,Success,2025-02-07
6908,2101,852,143.21,Cash,Pending,2025-03-02
6909,4564,864,42.31,UPI,Success,2025-01-03
6910,7861,264,380.41,Wallet,Success,2025-01-02
6911,8551,1211,461.45,Card,Pending,2025-01-16
6912,1484,159,481.33,Cash,Success,2025-01-24
6913,3469,1282,319.91,Card,Success,2025-02-01
6914,8889,627,121.73,Cash,Success,2025-02-07
6915,330,1716,454.5,UPI,Failed,2025-01-16
6916,5405,1101,499.85,Cash,Failed,2025-01-07
6917,5856,700,252.33,Wallet,Failed,2025-01-24
6918,6517,1451,215.87,Cash,Failed,2025-02-25
6919,2562,173,463.33,UPI,Failed,2025-01-28
6920,8271,1191,341.69,UPI,Pending,2025-01-23
6921,7153,275,430.74,Card,Pending,2025-01-14
6922,3742,607,422.17,UPI,Pending,2025-01-12
6923,1948,327,39.71,Card,Pending,2025-01-21
6924,897,1972,158.66,UPI,Failed,2025-01-15
6925,8282,679,427.96,UPI,Pending,2025-01-01
6926,5878,1853,144.61,Card,Failed,2025-02-09
6927,3259,1538,192.42,Card,Success,2025-02-04
6928,5758,266,274.86,Cash,Failed,2025-01-30
6929,5865,1086,481.01,Card,Pending,2025-01-17
6930,7370,1730,483.14,Cash,Failed,2025-01-07
6931,4432,1154,304.83,Cash,Pending,2025-02-08
6932,8498,1016,131.66,UPI,Success,2025-02-18
6933,7215,1822,188.18,Card,Failed,2025-02-10
6934,3633,471,283.64,Card,Failed,2025-02-13
6935,6291,914,205.83,Wallet,Success,2025-02-20
6936,4463,1663,317.06,Cash,Failed,2025-01-13
6937,5,444,268.67,Cash,Pending,2025-02-12
6938,175,1848,486.24,UPI,Pending,2025-01-08
6939,2090,42,354.44,UPI,Failed,2025-02-05
6940,9242,728,72.31,Wallet,Success,2025-01-17
6941,4350,314,127.86,UPI,Failed,2025-01-24
6942,9442,949,187.75,Wallet,Pending,2025-02-28
6943,8273,1328,477.11,Card,Failed,2025-03-01
6944,515,339,273.56,UPI,Success,2025-01-10
6945,5841,516,207.29,Wallet,Pending,2025-02-20
6946,2782,532,410.01,Cash,Failed,2025-02-21
6947,5269,603,61.13,UPI,Success,2025-01-25
6948,3082,502,213.7,Wallet,Pending,2025-03-01
6949,8898,1319,73.22,Wallet,Failed,2025-02-15
6950,4017,1359,236.83,UPI,Pending,2025-02-22
6951,4448,183,200.7,Cash,Failed,2025-02-13
6952,4881,1847,376.3,UPI,Failed,2025-02-22
6953,1964,1602,167.55,UPI,Failed,2025-02-02
6954,3718,1178,366.13,Cash,Failed,2025-02-26
6955,6657,111,118.22,UPI,Failed,2025-01-09
6956,2304,342,316.48,Card,Pending,2025-01-16
6957,4519,1617,421.46,Cash,Failed,2025-01-25
6958,6353,281,116.93,Wallet,Pending,2025-02-12
6959,8404,1134,37.79,Cash,Failed,2025-02-18
6960,3653,738,38.96,Wallet,Pending,2025-02-09
6961,9293,1946,316.72,Cash,Failed,2025-02-20
6962,4322,1676,66.64,Wallet,Success,2025-01-11
6963,8494,936,200.01,Wallet,Failed,2025-02-08
6964,4344,1575,310.42,Cash,Success,2025-01-06
6965,4880,982,314.41,Card,Success,2025-01-28
6966,5380,456,223.44,UPI,Pending,2025-02-18
6967,716,295,187.44,Cash,Success,2025-02-13
6968,9204,783,278.05,UPI,Pending,2025-01-31
6969,7596,466,281.07,Cash,Failed,2025-01-30
6970,923,73,248.69,Cash,Success,2025-02-03
6971,877,1442,354.54,Cash,Pending,2025-01-21
6972,2283,1274,325.19,Cash,Pending,2025-02-06
6973,139,1531,217.46,Card,Failed,2025-02-20
6974,3041,563,489.96,Wallet,Failed,2025-02-20
6975,418,1372,34.74,Card,Failed,2025-01-12
6976,406,70,227.11,Cash,Success,2025-01-19
6977,48,1154,103.92,Cash,Success,2025-01-04
6978,6100,149,262.61,Card,Success,2025-01-18
6979,2046,729,163.14,Cash,Pending,2025-02-02
6980,5510,1795,332.62,Cash,Failed,2025-02-23
6981,2595,273,239.82,UPI,Success,2025-03-01
6982,6417,1343,495.76,Card,Success,2025-02-10
6983,1766,336,489.95,Cash,Failed,2025-01-31
6984,701,1687,369.88,Cash,Failed,2025-01-28
6985,9421,1483,490.09,Card,Failed,2025-01-11
6986,5348,174,57.64,Wallet,Failed,2025-02-02
6987,112,1111,146.62,UPI,Failed,2025-01-25
6988,7968,609,240.56,Cash,Failed,2025-02-16
6989,8283,1880,122.03,Wallet,Success,2025-01-17
6990,4294,1533,354.94,Card,Success,2025-01-12
6991,2962,1892,390.97,Card,Success,2025-02-16
6992,9423,72,187.43,Wallet,Success,2025-03-01
6993,3569,950,280.5,Card,Pending,2025-02-10
6994,2899,1827,405.19,Card,Failed,2025-01-29
6995,5930,1131,141.75,Card,Failed,2025-02-26
6996,4498,1262,125.15,Wallet,Failed,2025-01-13
6997,2786,493,418.52,Card,Failed,2025-01-15
6998,2712,1785,57.4,Card,Success,2025-01-16
6999,3605,448,313.71,UPI,Failed,2025-01-29
7000,4698,415,108.1,Card,Failed,2025-01-05
7001,6059,650,255.19,UPI,Failed,2025-02-18
7002,9842,1781,161.44,Cash,Pending,2025-01-31
7003,3509,1072,198.82,Wallet,Failed,2025-01-28
7004,7364,1234,472.73,UPI,Failed,2025-01-22
7005,3409,1038,180.38,Card,Success,2025-01-09
7006,4954,1260,83.64,Card,Success,2025-01-26
7007,1575,524,107.3,UPI,Pending,2025-02-25
7008,7978,521,49.49,UPI,Failed,2025-02-26
7009,7011,781,375.97,Wallet,Pending,2025-01-29
7010,8437,1003,100.29,Cash,Pending,2025-02-06
7011,1154,1331,354.73,UPI,Failed,2025-01-29
7012,4279,376,128.87,UPI,Success,2025-01-16
7013,2770,697,70.41,Cash,Failed,2025-02-04
7014,3473,495,58.05,Cash,Success,2025-01-23
7015,3098,1141,123.15,Cash,Failed,2025-01-30
7016,3617,1076,170.81,Wallet,Pending,2025-01-28
7017,6166,1223,47.99,Cash,Failed,2025-01-18
7018,6703,1824,255.81,Cash,Failed,2025-01-23
7019,1584,1281,97.55,UPI,Success,2025-02-11
7020,5309,1254,166.35,UPI,Pending,2025-02-02
7021,9169,1143,475.01,Cash,Failed,2025-03-03
7022,7530,821,106.54,UPI,Pending,2025-02-20
7023,1903,188,226.17,Card,Success,2025-01-27
7024,2577,589,272.17,Card,Success,2025-02-08
7025,1913,1702,322.57,Card,Pending,2025-02-14
7026,9849,1231,295.4,UPI,Failed,2025-02-11
7027,9751,108,111.04,Wallet,Success,2025-02-01
7028,9255,950,45.1,UPI,Pending,2025-01-30
7029,1045,1339,163.37,Cash,Failed,2025-01-15
7030,982,1323,251,Cash,Success,2025-03-02
7031,821,72,187.51,Card,Success,2025-01-27
7032,7542,1290,254.5,Cash,Success,2025-01-24
7033,4465,1878,41.61,Cash,Success,2025-02-23
7034,2618,1236,73.96,Cash,Failed,2025-02-11
7035,7233,885,288.01,UPI,Pending,2025-01-14
7036,1679,1079,308.02,Cash,Success,2025-03-01
7037,1586,986,147.29,Card,Success,2025-01-07
7038,8412,484,78.34,Cash,Pending,2025-01-12
7039,570,176,120.43,Cash,Failed,2025-01-17
7040,4136,1789,349.33,UPI,Success,2025-02-18
7041,110,985,138.71,Card,Pending,2025-01-01
7042,3113,1785,215.68,UPI,Failed,2025-02-20
7043,9541,1398,327.64,UPI,Failed,2025-01-02
7044,2943,1298,451.47,UPI,Pending,2025-01-12
7045,2034,414,291.04,Wallet,Pending,2025-02-03
7046,5192,547,495.6,UPI,Success,2025-01-22
7047,4976,1145,114.15,Wallet,Failed,2025-02-18
7048,2069,207,219.11,UPI,Pending,2025-02-07
7049,2194,1556,222.43,UPI,Failed,2025-01-11
7050,2692,1544,345.36,Card,Pending,2025-02-04
7051,398,284,413.77,Card,Pending,2025-01-23
7052,6900,1326,209.84,Cash,Pending,2025-01-06
7053,3871,749,166.5,UPI,Success,2025-01-28
7054,2594,1774,90.87,Card,Failed,2025-01-25
7055,6451,1995,117.87,Wallet,Failed,2025-02-26
7056,2581,212,490.5,UPI,Pending,2025-02-20
7057,2855,1754,442.38,Cash,Failed,2025-02-02
7058,6094,349,166.89,Cash,Success,2025-03-01
7059,7979,481,204.03,Wallet,Pending,2025-01-09
7060,6546,820,257.58,UPI,Pending,2025-01-25
7061,4632,893,45.66,Cash,Failed,2025-01-21
7062,4456,1060,233.63,UPI,Failed,2025-02-01
7063,8161,1543,219.59,Cash,Success,2025-02-21
7064,78,390,103.21,Card,Success,2025-02-01
7065,8749,971,280.11,Cash,Pending,2025-01-25
7066,7621,698,334.61,Cash,Failed,2025-02-18
7067,2061,632,409.15,Card,Pending,2025-02-08
7068,9647,149,235.78,Card,Success,2025-02-02
7069,4056,653,263.94,UPI,Pending,2025-01-06
7070,4057,991,61.03,UPI,Failed,2025-02-11
7071,3179,140,134.01,Cash,Failed,2025-01-17
7072,1720,1885,300.48,UPI,Pending,2025-02-05
7073,4443,1317,131,Cash,Success,2025-02-10
7074,6774,1203,391.31,Cash,Pending,2025-01-27
7075,2579,1942,180.96,UPI,Success,2025-02-15
7076,1139,836,322.26,Card,Success,2025-02-05
7077,5032,472,344.44,Wallet,Success,2025-01-07
7078,8950,923,376.9,Card,Success,2025-01-03
7079,8897,1779,434.34,Cash,Pending,2025-03-01
7080,6932,475,202.94,Wallet,Success,2025-02-21
7081,2788,1589,106.91,Wallet,Pending,2025-01-26
7082,7777,874,444.25,UPI,Pending,2025-02-12
7083,8171,1623,38.67,Cash,Pending,2025-01-26
7084,4876,549,270.65,Card,Failed,2025-01-08
7085,6507,547,231.11,Cash,Pending,2025-02-27
7086,4556,1366,164.12,Cash,Success,2025-02-14
7087,8321,1485,345.03,Card,Failed,2025-01-17
7088,3544,1092,452.87,Cash,Success,2025-01-06
7089,2253,971,363.24,Cash,Failed,2025-02-26
7090,5426,1418,386.17,UPI,Success,2025-02-15
7091,8213,477,402.32,Cash,Success,2025-02-20
7092,8726,1920,166.56,UPI,Success,2025-02-06
7093,1166,859,318.25,Wallet,Failed,2025-01-20
7094,6232,1897,286.03,UPI,Success,2025-02-21
7095,7407,1446,71.01,Wallet,Success,2025-01-21
7096,2583,949,370.72,Card,Failed,2025-02-02
7097,9978,185,461.49,Card,Success,2025-01-08
7098,1093,81,169.49,UPI,Success,2025-02-28
7099,8277,81,272.82,Wallet,Failed,2025-02-12
7100,3726,81,481.93,UPI,Pending,2025-01-30
7101,3769,112,372.89,UPI,Failed,2025-02-24
7102,3520,1285,401.02,Cash,Failed,2025-02-15
7103,2891,1315,375.69,Card,Failed,2025-01-16
7104,3047,1368,350.98,Wallet,Success,2025-01-26
7105,6800,649,103.79,Cash,Failed,2025-02-02
7106,502,484,70.03,Wallet,Failed,2025-03-02
7107,8610,852,326.81,Cash,Success,2025-01-06
7108,2475,1571,382.55,Card,Success,2025-02-25
7109,5497,1127,274.84,Cash,Failed,2025-02-11
7110,7345,1804,341.02,Cash,Pending,2025-01-12
7111,6291,196,243.73,Wallet,Pending,2025-02-12
7112,881,536,286.47,Card,Pending,2025-01-28
7113,82,59,313.53,Cash,Success,2025-01-17
7114,8608,1344,204.06,UPI,Success,2025-02-22
7115,8062,1616,167.72,Card,Pending,2025-02-02
7116,8654,871,326.99,UPI,Success,2025-01-03
7117,6840,1470,228,UPI,Pending,2025-01-12
7118,2433,1822,193.02,UPI,Pending,2025-01-07
7119,8857,1328,275.27,Cash,Pending,2025-02-13
7120,9352,1594,414.42,UPI,Pending,2025-02-09
7121,3002,270,259.26,UPI,Failed,2025-01-31
7122,7335,570,344.86,Cash,Failed,2025-02-28
7123,9466,1446,290.19,Cash,Failed,2025-02-13
7124,7350,814,214.85,Card,Success,2025-03-03
7125,260,1105,83.93,Cash,Failed,2025-01-08
7126,1933,1126,184.38,UPI,Pending,2025-02-14
7127,2772,65,110.23,Card,Failed,2025-01-21
7128,4436,1561,357.31,Card,Success,2025-02-08
7129,27,1471,295.24,Wallet,Failed,2025-01-01
7130,383,1857,414.72,Wallet,Failed,2025-02-21
7131,3629,1747,153.98,Wallet,Failed,2025-01-07
7132,660,821,335.65,Cash,Success,2025-01-19
7133,9991,958,452.53,UPI,Pending,2025-01-17
7134,2750,920,149.74,Wallet,Failed,2025-01-22
7135,339,1227,106.82,Wallet,Pending,2025-02-04
7136,4935,1460,390.78,Wallet,Failed,2025-02-07
7137,9149,526,381.97,Wallet,Success,2025-01-10
7138,363,284,229.03,Cash,Pending,2025-01-20
7139,8468,1306,422.02,Cash,Failed,2025-02-02
7140,2364,1119,36.36,Wallet,Failed,2025-01-11
7141,1873,1930,321.25,Card,Failed,2025-02-03
7142,8961,1604,266.3,Cash,Failed,2025-01-26
7143,1538,381,315.42,Cash,Failed,2025-01-01
7144,5603,1402,250.22,UPI,Failed,2025-01-18
7145,3948,1286,229.92,Wallet,Success,2025-02-14
7146,7641,1448,196.68,Wallet,Pending,2025-01-05
7147,3745,1781,461.76,Cash,Success,2025-01-04
7148,424,1024,240.46,Card,Success,2025-01-10
7149,849,1802,457.64,Cash,Failed,2025-01-18
7150,7512,314,289,UPI,Failed,2025-01-13
7151,8518,369,279.03,Card,Failed,2025-01-03
7152,9026,1362,345.12,Cash,Failed,2025-02-01
7153,1104,1618,103.48,Wallet,Success,2025-01-17
7154,9671,382,45.38,Cash,Success,2025-02-14
7155,6118,1144,99.65,Card,Success,2025-01-08
7156,1435,919,84,Cash,Success,2025-02-18
7157,2635,1089,352.27,Card,Failed,2025-02-08
7158,8725,1328,164.01,Card,Pending,2025-01-31
7159,1579,1737,96.64,Card,Success,2025-01-26
7160,6714,1276,375.64,UPI,Success,2025-01-10
7161,2251,599,465.56,UPI,Success,2025-01-28
7162,7036,854,364,Wallet,Failed,2025-02-21
7163,8746,304,237.12,Card,Failed,2025-01-12
7164,6903,1070,239.81,UPI,Pending,2025-03-01
7165,3440,1081,105.11,Wallet,Pending,2025-01-22
7166,3052,921,270.29,Cash,Success,2025-02-16
7167,9856,1810,59.92,Cash,Success,2025-02-14
7168,8875,1206,148.19,Cash,Success,2025-02-17
7169,965,126,78.41,Card,Failed,2025-01-16
7170,5184,1130,461.87,Card,Success,2025-02-13
7171,2798,1055,298.96,Card,Pending,2025-01-15
7172,6296,457,211.4,UPI,Success,2025-02-01
7173,6431,246,353.57,UPI,Pending,2025-02-08
7174,4817,495,377.17,Cash,Failed,2025-02-27
7175,4144,462,132.95,Card,Success,2025-01-16
7176,5003,221,493.33,Cash,Pending,2025-02-18
7177,9158,214,47.93,Wallet,Failed,2025-02-07
7178,7408,207,286.13,UPI,Success,2025-01-28
7179,8339,1387,412.02,Card,Failed,2025-02-27
7180,7608,1678,402.2,UPI,Pending,2025-01-01
7181,7625,1468,244.87,UPI,Pending,2025-01-14
7182,4408,1201,333.8,Card,Success,2025-02-18
7183,3774,1240,370.91,Wallet,Failed,2025-02-24
7184,5129,550,278.08,UPI,Pending,2025-02-06
7185,4606,761,171.68,Cash,Pending,2025-01-17
7186,802,1261,30.75,Wallet,Failed,2025-02-11
7187,3780,180,189.84,UPI,Pending,2025-03-02
7188,4493,568,253.07,UPI,Failed,2025-02-14
7189,4912,126,424.2,Wallet,Pending,2025-01-17
7190,5682,1433,489.25,UPI,Success,2025-02-10
7191,8356,218,480.31,Card,Success,2025-02-07
7192,4651,1221,475.13,Cash,Pending,2025-01-06
7193,9932,354,207.68,Cash,Pending,2025-01-12
7194,6678,1027,73.14,Card,Failed,2025-01-21
7195,3052,539,460.65,Card,Pending,2025-01-26
7196,1610,1950,151.53,Wallet,Success,2025-02-24
7197,4951,447,267.46,Wallet,Failed,2025-01-09
7198,5394,209,428.68,Cash,Pending,2025-01-13
7199,3274,75,400.9,UPI,Failed,2025-01-10
7200,2483,1533,307.62,Card,Success,2025-02-14
7201,346,1587,88.31,Cash,Failed,2025-01-09
7202,9419,1050,198.89,Wallet,Success,2025-01-27
7203,8272,7,182.73,UPI,Failed,2025-01-09
7204,8338,1112,398.9,Cash,Pending,2025-02-25
7205,9615,1894,124.99,Card,Failed,2025-02-05
7206,7699,406,169.91,Card,Pending,2025-01-31
7207,5145,391,222.77,Card,Success,2025-01-06
7208,2681,1693,428.3,Cash,Failed,2025-02-03
7209,7160,1973,442.99,Cash,Failed,2025-01-09
7210,7069,733,423.49,Wallet,Pending,2025-01-10
7211,5319,1949,317.92,Wallet,Failed,2025-01-20
7212,7896,1431,362.31,Wallet,Success,2025-03-02
7213,2947,3,450.8,UPI,Success,2025-01-14
7214,7909,327,95.61,Card,Pending,2025-01-26
7215,337,623,181.08,UPI,Pending,2025-01-10
7216,5663,52,476.67,Cash,Pending,2025-02-10
7217,7510,1787,139.97,Cash,Failed,2025-01-30
7218,9444,849,364.69,Wallet,Success,2025-02-22
7219,4688,1239,127.09,Cash,Failed,2025-01-20
7220,1024,31,430.51,Card,Pending,2025-02-28
7221,4404,937,176.49,Wallet,Pending,2025-02-12
7222,2239,1667,260.84,Cash,Failed,2025-01-22
7223,1345,212,240.42,Card,Failed,2025-01-29
7224,975,1950,369.51,Cash,Success,2025-01-06
7225,2863,449,354.74,Wallet,Failed,2025-01-18
7226,4091,256,443.78,Wallet,Pending,2025-02-18
7227,3953,311,40.93,Wallet,Pending,2025-01-27
7228,8526,865,179.45,Card,Success,2025-01-14
7229,9646,797,234.08,Wallet,Success,2025-02-20
7230,9465,1279,334.59,Cash,Pending,2025-01-02
7231,1320,1192,218.28,Cash,Pending,2025-01-30
7232,5216,1399,235.84,UPI,Success,2025-02-08
7233,4112,819,38.28,Card,Success,2025-01-06
7234,2200,1123,374.81,UPI,Pending,2025-02-08
7235,9717,1959,399.87,Card,Failed,2025-02-16
7236,4177,392,252.32,Wallet,Failed,2025-02-28
7237,9185,1712,420.88,UPI,Success,2025-03-02
7238,8804,205,413.01,Wallet,Failed,2025-02-20
7239,6611,1562,152.51,Card,Failed,2025-01-05
7240,3964,836,38.67,Wallet,Failed,2025-01-26
7241,6071,190,472.87,UPI,Failed,2025-02-28
7242,2206,1902,223.4,Card,Success,2025-02-20
7243,2535,1734,421.78,Card,Failed,2025-01-10
7244,7192,1596,485.94,Cash,Failed,2025-01-18
7245,6841,1059,372.37,Cash,Success,2025-02-07
7246,7876,1762,241.58,Cash,Pending,2025-02-28
7247,684,421,49.9,Cash,Failed,2025-01-27
7248,3977,1891,57.62,Cash,Failed,2025-02-13
7249,1661,1838,136.54,UPI,Success,2025-01-17
7250,2648,1242,450,Wallet,Pending,2025-01-10
7251,7673,477,240.55,UPI,Failed,2025-01-10
7252,2198,877,443.27,Wallet,Pending,2025-01-20
7253,5389,1224,307.24,Wallet,Pending,2025-01-30
7254,7354,602,191.8,UPI,Failed,2025-02-10
7255,954,1155,430.06,Cash,Success,2025-02-12
7256,3475,1654,144.71,UPI,Failed,2025-02-07
7257,7099,166,247.48,UPI,Pending,2025-01-13
7258,2940,1725,335.45,UPI,Pending,2025-01-03
7259,8450,810,159.35,Wallet,Success,2025-01-06
7260,6727,1711,203.59,Card,Success,2025-02-21
7261,4604,1075,385.81,UPI,Success,2025-01-29
7262,286,1549,311.49,UPI,Success,2025-01-23
7263,7533,1463,207.61,UPI,Failed,2025-02-20
7264,6669,478,448.86,UPI,Pending,2025-01-27
7265,7311,1165,242,Card,Success,2025-02-13
7266,4321,1565,261.56,Cash,Failed,2025-01-08
7267,9934,639,451.86,UPI,Failed,2025-01-10
7268,7956,483,435.41,Wallet,Success,2025-02-13
7269,7214,1010,30.56,Wallet,Pending,2025-01-09
7270,4388,740,496.2,Cash,Pending,2025-01-29
7271,9205,1648,206.97,Card,Failed,2025-02-01
7272,1499,1928,428.32,UPI,Failed,2025-03-01
7273,662,866,94.16,Card,Failed,2025-01-19
7274,5175,821,415.67,Card,Failed,2025-02-23
7275,6443,80,202.88,Cash,Failed,2025-01-18
7276,9082,1675,144.44,UPI,Pending,2025-03-01
7277,4950,786,80.58,Cash,Success,2025-01-23
7278,8732,1377,446.99,UPI,Failed,2025-02-15
7279,1097,1665,58.47,Wallet,Success,2025-01-17
7280,4110,1224,379.72,Wallet,Success,2025-02-17
7281,1553,4,469.56,UPI,Pending,2025-01-06
7282,6342,337,197.41,Wallet,Success,2025-01-20
7283,1700,1846,206.42,Cash,Success,2025-01-11
7284,5759,1064,482.67,Cash,Success,2025-01-04
7285,4936,1866,203.38,UPI,Success,2025-01-19
7286,6785,1346,185.3,Wallet,Pending,2025-02-06
7287,2005,1320,153.32,UPI,Success,2025-02-08
7288,4979,475,295.77,Card,Pending,2025-01-10
7289,4906,440,82.96,Wallet,Success,2025-02-17
7290,7988,1359,438.84,UPI,Pending,2025-01-10
7291,7906,694,421.27,Card,Success,2025-02-08
7292,829,1627,106.18,Cash,Pending,2025-02-20
7293,7712,1351,98.7,Wallet,Failed,2025-01-04
7294,5114,513,235.44,Wallet,Failed,2025-01-06
7295,1057,1790,70.21,Cash,Success,2025-02-19
7296,8705,1973,310.05,Card,Failed,2025-02-27
7297,4003,1184,76.7,Wallet,Pending,2025-01-08
7298,5158,182,170.34,Cash,Pending,2025-02-16
7299,3844,726,70.91,Wallet,Failed,2025-02-27
7300,1825,986,51.27,Card,Success,2025-03-03
7301,1044,553,220.44,UPI,Failed,2025-02-21
7302,2558,1177,156.05,Card,Success,2025-02-10
7303,8159,182,436.35,Wallet,Pending,2025-01-31
7304,760,654,221.13,Cash,Success,2025-02-01
7305,2348,573,154.64,Wallet,Failed,2025-01-27
7306,8839,1063,155.47,UPI,Success,2025-02-06
7307,7767,1993,184.81,Cash,Pending,2025-02-23
7308,8693,1280,303.45,Card,Success,2025-01-20
7309,6044,104,326.72,Wallet,Success,2025-02-16
7310,1276,163,243.94,Wallet,Pending,2025-01-24
7311,2130,1890,110.31,Cash,Failed,2025-01-24
7312,3267,1596,424.04,Cash,Pending,2025-02-27
7313,9301,313,391.31,Cash,Success,2025-02-06
7314,2299,950,328.92,Wallet,Failed,2025-01-06
7315,9801,1394,186.25,Wallet,Pending,2025-01-09
7316,2567,402,406.31,UPI,Pending,2025-01-28
7317,5632,1852,71.67,Cash,Pending,2025-02-07
7318,1442,1548,388.71,Cash,Pending,2025-01-31
7319,5380,851,69.82,Card,Pending,2025-01-16
7320,4785,1852,55.21,UPI,Success,2025-01-05
7321,5881,327,237.51,Cash,Pending,2025-02-18
7322,3379,1847,55.17,Card,Pending,2025-02-05
7323,8745,1634,131.99,UPI,Success,2025-02-02
7324,4,987,331.18,Card,Failed,2025-01-28
7325,737,878,291.63,Cash,Success,2025-03-03
7326,6851,1132,179.62,Card,Success,2025-02-13
7327,1821,1546,335.03,Cash,Pending,2025-01-15
7328,2730,192,468.8,Cash,Success,2025-01-31
7329,912,274,295.09,UPI,Pending,2025-01-31
7330,935,1822,335.34,Wallet,Failed,2025-02-13
7331,7074,1754,56.08,Card,Pending,2025-02-02
7332,8523,992,286.3,Card,Pending,2025-02-09
7333,6112,305,448.28,Wallet,Failed,2025-02-26
7334,818,1133,122.26,UPI,Pending,2025-01-04
7335,7328,304,266.46,UPI,Success,2025-02-26
7336,4058,1326,363.69,Cash,Success,2025-01-03
7337,5237,1307,303.28,Cash,Success,2025-01-18
7338,7390,286,233.9,Card,Success,2025-02-23
7339,4554,894,288.39,Wallet,Pending,2025-01-04
7340,9177,251,92.91,Wallet,Failed,2025-01-11
7341,9879,70,362.25,Cash,Pending,2025-02-01
7342,5229,1895,138.45,Card,Success,2025-02-27
7343,5194,1492,478.12,Cash,Pending,2025-01-14
7344,5302,1470,157.78,Cash,Failed,2025-02-06
7345,4648,1325,371.27,UPI,Pending,2025-01-11
7346,4846,62,37.13,Wallet,Failed,2025-01-10
7347,5694,264,325.35,Card,Success,2025-01-09
7348,7094,100,45.13,Card,Success,2025-01-14
7349,7579,744,116.95,Wallet,Success,2025-02-20
7350,6907,1864,291.48,Cash,Success,2025-02-21
7351,9463,1406,283.43,UPI,Failed,2025-02-18
7352,1662,337,492.87,UPI,Failed,2025-02-27
7353,1040,54,381.44,Card,Pending,2025-02-26
7354,8078,1599,445.93,Card,Failed,2025-01-17
7355,3522,457,298.84,Wallet,Pending,2025-02-21
7356,7341,511,439.55,UPI,Failed,2025-01-19
7357,7570,1153,39.27,Wallet,Success,2025-02-22
7358,6481,254,344.61,UPI,Success,2025-01-30
7359,372,1641,175.83,Card,Failed,2025-02-03
7360,4100,1748,205.37,Wallet,Failed,2025-01-29
7361,6576,196,387.63,Cash,Pending,2025-01-30
7362,531,91,126.31,Cash,Failed,2025-02-13
7363,5495,754,435.19,Wallet,Success,2025-01-03
7364,168,422,210.07,Wallet,Success,2025-02-12
7365,4050,661,33.61,UPI,Success,2025-02-20
7366,3250,418,140.49,Wallet,Pending,2025-02-12
7367,4232,706,473.83,Wallet,Success,2025-01-04
7368,6225,291,448.93,Wallet,Pending,2025-02-16
7369,5976,1170,250.96,UPI,Success,2025-01-28
7370,5366,1119,286.87,Wallet,Pending,2025-01-21
7371,1808,94,51.37,Cash,Success,2025-02-25
7372,2354,885,119.82,UPI,Pending,2025-01-27
7373,7938,992,176.88,Wallet,Failed,2025-01-11
7374,6682,1866,70.67,Cash,Success,2025-01-22
7375,5566,375,387.05,Card,Failed,2025-01-31
7376,2063,892,39.37,Cash,Failed,2025-03-02
7377,3706,1865,444.59,Card,Success,2025-01-26
7378,2511,63,106.19,Wallet,Success,2025-01-31
7379,1568,880,432.33,Card,Pending,2025-01-11
7380,117,1237,329.38,Wallet,Success,2025-02-03
7381,6531,1775,221.88,Wallet,Pending,2025-02-24
7382,4694,1449,270.05,Card,Failed,2025-01-15
7383,9679,202,245.42,Cash,Success,2025-01-03
7384,7978,92,236.34,Card,Pending,2025-02-24
7385,9554,1353,60.81,UPI,Success,2025-02-28
7386,5741,1897,36.49,Cash,Failed,2025-03-01
7387,3410,1395,278.21,Wallet,Success,2025-02-19
7388,7733,1780,288.05,Wallet,Success,2025-01-02
7389,1843,600,449.28,Cash,Pending,2025-02-24
7390,4779,1252,152.15,Card,Pending,2025-02-05
7391,9630,75,149.69,Card,Failed,2025-02-18
7392,5848,16,401.64,Card,Failed,2025-02-01
7393,3947,1502,403.68,UPI,Failed,2025-02-26
7394,3039,246,220.35,Cash,Success,2025-02-21
7395,8887,525,240.3,Wallet,Failed,2025-02-03
7396,3380,1460,467.07,Wallet,Pending,2025-02-01
7397,2486,1684,195.04,UPI,Success,2025-02-27
7398,6893,1519,139.75,Wallet,Pending,2025-01-06
7399,9419,503,267.91,UPI,Success,2025-02-14
7400,2172,1625,419.93,Cash,Pending,2025-01-18
7401,612,1962,244.17,Cash,Pending,2025-01-17
7402,3111,1700,69.56,Wallet,Success,2025-02-09
7403,2479,835,486.33,UPI,Failed,2025-02-18
7404,5285,817,471.12,UPI,Failed,2025-01-11
7405,1040,1826,190.16,Cash,Success,2025-02-04
7406,6427,1923,99.14,UPI,Failed,2025-02-12
7407,9321,313,71.63,Card,Pending,2025-02-18
7408,4151,1877,41.32,Cash,Success,2025-03-03
7409,8773,1103,426.59,Cash,Pending,2025-02-24
7410,6440,245,205.65,Cash,Failed,2025-01-25
7411,9493,1456,94.45,Wallet,Failed,2025-01-02
7412,8976,108,116.46,Cash,Pending,2025-03-01
7413,4216,1835,478.1,UPI,Failed,2025-01-06
7414,7685,1253,413.35,Card,Failed,2025-01-06
7415,1876,539,152.84,Card,Pending,2025-01-26
7416,3077,425,36.94,UPI,Failed,2025-01-03
7417,8000,1072,391.19,Wallet,Failed,2025-01-11
7418,6488,1971,453.47,Wallet,Pending,2025-01-27
7419,8018,1543,237.56,Card,Success,2025-02-06
7420,6692,776,74.89,Cash,Success,2025-02-02
7421,1567,1852,165.63,Cash,Pending,2025-01-29
7422,3960,431,81.16,Wallet,Failed,2025-01-04
7423,6617,1688,31.55,Cash,Failed,2025-02-23
7424,7463,1325,339.37,Wallet,Success,2025-02-17
7425,3846,66,190.26,Card,Failed,2025-01-09
7426,3844,1670,437.8,Wallet,Failed,2025-01-30
7427,5157,906,411.11,Card,Success,2025-02-03
7428,7649,1897,301.96,Cash,Failed,2025-01-30
7429,6807,306,42.79,UPI,Pending,2025-01-03
7430,3475,1415,121.19,UPI,Success,2025-02-13
7431,9258,1296,486.92,UPI,Failed,2025-01-06
7432,3678,1245,132.34,Card,Success,2025-01-03
7433,4117,189,63.18,Wallet,Failed,2025-02-24
7434,7205,1399,413.98,Wallet,Pending,2025-03-01
7435,741,962,140.96,UPI,Failed,2025-02-23
7436,6597,100,131.76,Card,Success,2025-02-28
7437,6756,923,223.59,Cash,Pending,2025-02-18
7438,4424,1415,416.02,Wallet,Success,2025-01-22
7439,9373,854,450.71,Cash,Failed,2025-02-19
7440,6979,1629,99.08,UPI,Failed,2025-02-13
7441,9047,198,251.02,UPI,Pending,2025-02-13
7442,6838,613,99.62,Card,Success,2025-02-28
7443,1102,1052,139.55,Wallet,Failed,2025-02-26
7444,1510,459,221.46,Wallet,Success,2025-02-18
7445,6343,1729,439.46,UPI,Pending,2025-01-15
7446,9197,1621,113.18,Wallet,Failed,2025-02-24
7447,6842,1386,331.85,Card,Pending,2025-02-12
7448,5665,897,441.55,Card,Failed,2025-02-22
7449,7109,1100,423.54,Card,Failed,2025-01-20
7450,6780,880,432.69,Cash,Pending,2025-02-20
7451,9553,1412,273.09,Cash,Pending,2025-01-19
7452,5819,601,288.31,Cash,Failed,2025-01-13
7453,6566,1201,338.94,Wallet,Failed,2025-01-22
7454,7137,1312,31.24,UPI,Failed,2025-01-28
7455,3067,1878,178.44,UPI,Success,2025-03-03
7456,9067,1736,212.53,UPI,Pending,2025-01-12
7457,5546,766,102.39,Wallet,Success,2025-02-26
7458,9132,664,230.78,Card,Pending,2025-01-11
7459,207,1704,31.01,UPI,Pending,2025-01-31
7460,6956,1250,108.56,Wallet,Success,2025-02-05
7461,3958,970,191.97,Wallet,Success,2025-02-22
7462,6741,1604,114.27,Card,Success,2025-01-10
7463,8313,141,473.26,Wallet,Success,2025-02-21
7464,3719,1243,286.42,Cash,Pending,2025-01-17
7465,5107,1766,418.29,Cash,Failed,2025-01-30
7466,555,345,88.05,Wallet,Pending,2025-01-23
7467,7594,1314,85.83,Wallet,Pending,2025-01-18
7468,9691,315,182.73,Card,Pending,2025-03-01
7469,9125,750,439.25,Wallet,Success,2025-02-07
7470,3020,1458,272.29,Card,Success,2025-01-22
7471,8036,457,481.38,UPI,Failed,2025-01-22
7472,3625,599,65.11,Card,Pending,2025-01-10
7473,7899,1667,398.48,UPI,Failed,2025-01-27
7474,4921,1547,250.53,Cash,Success,2025-02-21
7475,1562,480,482.98,Wallet,Success,2025-02-15
7476,9113,1345,398.12,Wallet,Pending,2025-01-18
7477,4102,1385,422.67,Cash,Pending,2025-02-11
7478,7356,293,207.73,UPI,Failed,2025-02-17
7479,5739,1384,342.44,Cash,Success,2025-01-08
7480,1763,1585,135.33,Cash,Pending,2025-01-28
7481,9720,1697,468.33,Wallet,Success,2025-01-07
7482,7076,1811,421.71,Card,Success,2025-01-05
7483,2342,608,144.51,Cash,Success,2025-02-19
7484,5993,721,312.29,Cash,Failed,2025-01-11
7485,1823,753,375.68,Card,Pending,2025-02-07
7486,6265,127,222.28,Card,Failed,2025-02-05
7487,1778,1476,77.49,Card,Success,2025-01-16
7488,2347,1442,289.66,Card,Pending,2025-01-28
7489,9309,1267,296.34,Card,Failed,2025-01-19
7490,7044,350,298.11,UPI,Success,2025-02-06
7491,2897,1461,229.91,Wallet,Success,2025-02-12
7492,496,683,44.03,Wallet,Failed,2025-02-02
7493,6873,1269,345.59,UPI,Failed,2025-01-23
7494,1956,422,176.24,UPI,Success,2025-02-19
7495,999,1762,125.78,Cash,Pending,2025-01-24
7496,8991,767,389.33,Wallet,Pending,2025-02-11
7497,2432,1853,358.11,UPI,Success,2025-01-31
7498,4513,1580,53.12,Cash,Failed,2025-02-02
7499,7628,455,152.68,Wallet,Failed,2025-01-30
7500,4337,1662,77.7,Wallet,Pending,2025-02-10
7501,720,153,33.54,Wallet,Failed,2025-02-14
7502,1274,1842,468.82,UPI,Success,2025-01-05
7503,9669,702,31.15,Wallet,Pending,2025-01-10
7504,5336,1414,440.47,Card,Pending,2025-01-04
7505,3106,1024,470.21,Wallet,Pending,2025-01-18
7506,2499,1410,486.99,Wallet,Pending,2025-02-16
7507,4915,362,151.97,UPI,Failed,2025-01-27
7508,8415,1170,33.72,Wallet,Pending,2025-02-12
7509,1694,1793,361.78,Card,Failed,2025-01-01
7510,1729,1764,101.59,Cash,Failed,2025-01-28
7511,9788,1599,119.28,Wallet,Failed,2025-02-22
7512,3566,842,304.84,Card,Success,2025-01-18
7513,8704,1597,427.17,Cash,Pending,2025-01-11
7514,3923,14,368.62,Card,Failed,2025-02-24
7515,998,775,366.75,Card,Failed,2025-01-14
7516,5610,139,272.36,Wallet,Success,2025-01-21
7517,1574,297,428.39,Card,Pending,2025-01-06
7518,9039,1166,84.12,Wallet,Success,2025-02-02
7519,9122,1852,305.64,Cash,Success,2025-02-11
7520,7303,1111,221.84,Card,Failed,2025-01-31
7521,4885,1288,68.29,UPI,Pending,2025-01-31
7522,8449,408,158.58,Wallet,Success,2025-02-04
7523,3882,969,421.69,Wallet,Success,2025-01-25
7524,2947,1549,287.77,Wallet,Failed,2025-02-25
7525,598,679,252.89,Wallet,Success,2025-01-03
7526,5735,1109,366.99,Wallet,Success,2025-02-22
7527,9455,1277,200.49,UPI,Success,2025-02-18
7528,3439,699,136.47,Card,Success,2025-02-10
7529,5021,1520,81.83,Cash,Failed,2025-01-06
7530,8999,515,215.63,Cash,Success,2025-02-23
7531,3259,367,224.87,Cash,Failed,2025-03-01
7532,5666,563,65.21,Wallet,Failed,2025-02-23
7533,3821,128,372.12,UPI,Pending,2025-02-18
7534,5916,49,498.65,UPI,Success,2025-01-08
7535,2895,427,198.83,Wallet,Failed,2025-02-10
7536,5070,926,306.18,UPI,Pending,2025-01-15
7537,6237,56,281.89,Wallet,Failed,2025-01-14
7538,2993,1714,453.04,UPI,Pending,2025-02-02
7539,406,1878,108.87,Wallet,Failed,2025-01-21
7540,8991,1847,475.65,Card,Pending,2025-01-10
7541,1697,1824,375.52,Card,Failed,2025-01-10
7542,5753,772,415.39,Cash,Failed,2025-02-03
7543,5058,154,235.77,UPI,Pending,2025-01-01
7544,2876,1933,101.07,Card,Success,2025-01-18
7545,632,908,481.52,Card,Failed,2025-02-05
7546,9266,1294,453.33,UPI,Success,2025-01-24
7547,2505,942,336.13,UPI,Failed,2025-01-29
7548,3166,1927,275.03,Cash,Pending,2025-01-07
7549,177,1080,460.28,Wallet,Pending,2025-01-12
7550,1147,695,98.66,Card,Pending,2025-01-25
7551,2007,879,300.92,Cash,Failed,2025-01-08
7552,5835,462,353.68,Wallet,Success,2025-02-27
7553,5848,1861,491.02,Wallet,Failed,2025-02-08
7554,5994,175,387.38,Wallet,Pending,2025-02-20
7555,3042,386,269.88,Card,Pending,2025-01-24
7556,124,559,448.66,UPI,Pending,2025-02-17
7557,3073,1815,245.03,UPI,Pending,2025-01-22
7558,7732,1582,103.45,Card,Success,2025-01-09
7559,3684,381,107.04,Cash,Failed,2025-02-12
7560,4202,856,366.19,UPI,Failed,2025-02-11
7561,9792,1810,137.29,UPI,Failed,2025-01-03
7562,4536,1420,238.86,UPI,Failed,2025-02-08
7563,7567,1989,422.04,Card,Success,2025-02-03
7564,5853,454,117,Wallet,Failed,2025-02-10
7565,613,1172,308.31,Card,Pending,2025-01-10
7566,1015,92,177.88,Cash,Failed,2025-02-13
7567,6813,878,237.32,Card,Failed,2025-01-22
7568,8306,1135,158.89,UPI,Pending,2025-01-16
7569,2965,239,389.53,Card,Failed,2025-02-13
7570,6430,1938,191.44,Cash,Success,2025-01-20
7571,8450,555,242.23,Cash,Failed,2025-02-17
7572,889,695,87.9,Card,Pending,2025-02-03
7573,1028,1420,396.93,Wallet,Success,2025-02-10
7574,2132,545,441.57,UPI,Pending,2025-01-13
7575,6801,11,46.31,Wallet,Pending,2025-01-13
7576,6538,1998,244.86,Cash,Pending,2025-02-03
7577,3556,23,373.08,Cash,Pending,2025-02-02
7578,946,1590,339.74,Cash,Success,2025-02-25
7579,4020,762,148.82,UPI,Pending,2025-01-28
7580,8178,1152,237.68,UPI,Success,2025-01-14
7581,6760,411,277.25,Card,Success,2025-01-21
7582,121,682,291.62,Cash,Pending,2025-01-01
7583,9392,1213,210.82,Wallet,Failed,2025-02-10
7584,7432,991,408.87,Card,Failed,2025-01-14
7585,8521,3,296.91,Card,Pending,2025-02-02
7586,6139,333,168.31,Wallet,Success,2025-01-06
7587,4534,1181,350.99,Wallet,Failed,2025-02-22
7588,8946,1304,336.57,Cash,Failed,2025-03-03
7589,2763,1587,69.35,UPI,Failed,2025-02-20
7590,2255,1817,389.16,Card,Success,2025-01-04
7591,945,334,346.19,UPI,Pending,2025-01-07
7592,9419,1469,388.68,Cash,Success,2025-01-02
7593,4253,749,37.13,UPI,Failed,2025-02-14
7594,9360,1217,456.04,Cash,Pending,2025-01-14
7595,451,1287,488.82,Wallet,Success,2025-02-17
7596,1614,1636,332.36,Wallet,Pending,2025-02-11
7597,7440,411,69.94,Wallet,Success,2025-02-01
7598,2876,1911,80.3,Wallet,Success,2025-01-03
7599,6420,1482,196.9,Cash,Pending,2025-02-03
7600,8501,1272,136.55,Card,Success,2025-02-25
7601,4168,1381,290.57,Wallet,Failed,2025-01-04
7602,9477,1779,338.61,Card,Failed,2025-02-17
7603,2623,281,414.42,Wallet,Failed,2025-01-08
7604,971,496,485.77,UPI,Failed,2025-02-16
7605,7393,1894,405.13,Wallet,Success,2025-02-01
7606,5170,1984,389.24,Cash,Failed,2025-01-10
7607,5577,1972,60.18,Cash,Success,2025-02-25
7608,5714,508,78.62,Wallet,Pending,2025-01-06
7609,7994,1295,171.65,Card,Success,2025-01-10
7610,6293,898,271.89,Card,Pending,2025-02-27
7611,3058,1543,316.7,UPI,Success,2025-02-13
7612,8010,1972,288.36,Card,Pending,2025-02-19
7613,1311,30,54.54,Wallet,Success,2025-01-02
7614,8668,585,93.55,Cash,Pending,2025-01-15
7615,7884,202,485.72,Cash,Pending,2025-01-09
7616,3697,1950,343.64,Cash,Pending,2025-01-10
7617,1608,1492,150.37,Cash,Pending,2025-02-09
7618,2211,1307,302.64,Wallet,Pending,2025-02-25
7619,117,1114,140,Card,Success,2025-01-20
7620,6045,980,48.97,UPI,Pending,2025-01-05
7621,7631,1269,188.57,Cash,Success,2025-02-26
7622,3331,1871,278.85,UPI,Success,2025-02-17
7623,4353,1883,441.3,Cash,Pending,2025-01-15
7624,4429,74,113.11,Card,Success,2025-02-22
7625,6818,1438,347.94,Cash,Failed,2025-02-15
7626,5835,419,263.1,Wallet,Success,2025-01-06
7627,1178,228,467.32,Card,Success,2025-02-09
7628,9109,1037,52.09,Wallet,Failed,2025-02-07
7629,5511,888,53.86,Wallet,Success,2025-01-12
7630,7361,249,404.76,Card,Failed,2025-02-01
7631,8579,1728,181.01,Wallet,Success,2025-02-03
7632,5988,952,446.21,UPI,Success,2025-01-11
7633,1780,1495,405.59,UPI,Success,2025-01-14
7634,9283,1361,192.19,Card,Pending,2025-02-04
7635,3742,1438,170.12,Cash,Pending,2025-02-19
7636,5883,278,30.34,Cash,Success,2025-01-14
7637,1119,1177,78.15,Cash,Failed,2025-02-24
7638,8926,976,111.36,Card,Pending,2025-01-10
7639,6212,994,250.79,Card,Pending,2025-02-25
7640,9844,1075,55.49,Card,Failed,2025-01-07
7641,599,1039,85.59,Wallet,Failed,2025-02-07
7642,5651,111,234.27,Card,Success,2025-02-26
7643,8952,1264,172.07,UPI,Success,2025-02-18
7644,7276,1713,245.63,UPI,Pending,2025-02-22
7645,6692,1588,300.1,Card,Success,2025-01-06
7646,1123,509,455.43,Wallet,Success,2025-02-16
7647,4236,1157,366.87,Wallet,Pending,2025-02-22
7648,6876,239,402.33,UPI,Success,2025-02-27
7649,6382,1127,475.44,Wallet,Success,2025-01-05
7650,793,424,324.92,Wallet,Success,2025-02-06
7651,9760,198,61.85,Wallet,Failed,2025-02-28
7652,812,289,337.54,Wallet,Success,2025-02-26
7653,7810,1332,235.79,Cash,Success,2025-02-01
7654,7206,1229,246.84,Card,Success,2025-02-21
7655,8835,1060,248.69,Card,Failed,2025-02-21
7656,136,1063,226.76,Wallet,Success,2025-01-31
7657,7229,1765,175.18,Card,Failed,2025-01-31
7658,3723,1132,169.13,Card,Failed,2025-01-07
7659,7958,1319,272.6,Cash,Success,2025-02-02
7660,2466,912,498.54,Wallet,Failed,2025-01-21
7661,254,1019,309.33,Card,Failed,2025-01-24
7662,6073,1603,390.43,Card,Pending,2025-01-26
7663,772,1675,270.37,Wallet,Failed,2025-01-27
7664,4619,1716,243.22,Wallet,Pending,2025-02-16
7665,1118,1071,151.81,Wallet,Pending,2025-02-13
7666,4100,1291,429.86,Card,Pending,2025-01-10
7667,741,455,313.66,Wallet,Failed,2025-01-13
7668,9694,365,432.19,Card,Success,2025-02-06
7669,9124,1211,304.54,Wallet,Pending,2025-02-01
7670,2746,1604,178.36,Wallet,Pending,2025-01-16
7671,709,226,97.1,Card,Failed,2025-02-18
7672,235,1213,234.91,Cash,Pending,2025-01-04
7673,356,1501,146.89,Card,Failed,2025-01-14
7674,44,1453,474.22,Cash,Failed,2025-02-06
7675,4635,1781,93.74,Wallet,Failed,2025-01-07
7676,5568,245,398.57,Wallet,Pending,2025-01-22
7677,8060,1735,289.53,Wallet,Failed,2025-02-21
7678,2552,228,308.31,Cash,Failed,2025-01-27
7679,7089,730,307.36,Card,Success,2025-01-06
7680,5194,914,389.96,Cash,Pending,2025-01-20
7681,8474,1126,386.91,Card,Failed,2025-03-03
7682,1815,112,318.61,Cash,Pending,2025-01-04
7683,689,416,90.79,Card,Pending,2025-01-28
7684,4446,1907,71.46,UPI,Pending,2025-02-16
7685,7697,1268,220.32,Wallet,Success,2025-01-19
7686,2085,235,77.94,Card,Success,2025-01-03
7687,7478,1112,312.53,Cash,Failed,2025-01-09
7688,8755,1950,89.86,UPI,Pending,2025-02-28
7689,3150,898,248.71,Cash,Failed,2025-01-11
7690,957,1737,182.54,Cash,Pending,2025-02-09
7691,2615,724,37.74,Cash,Failed,2025-02-05
7692,1066,940,145.1,Cash,Pending,2025-01-25
7693,9982,1740,280.05,Cash,Success,2025-02-19
7694,6816,812,405.93,UPI,Failed,2025-01-20
7695,7257,720,217.16,UPI,Failed,2025-01-02
7696,4018,1201,355.36,UPI,Failed,2025-02-28
7697,9520,923,32.47,Card,Pending,2025-01-24
7698,3702,1797,261.7,Card,Success,2025-01-01
7699,7879,655,277.38,Card,Failed,2025-02-04
7700,6184,998,277.65,Cash,Success,2025-01-21
7701,7365,1726,374.76,Cash,Pending,2025-01-27
7702,8181,1655,363.77,UPI,Pending,2025-01-25
7703,9814,1635,422.45,Cash,Success,2025-01-05
7704,2219,809,202.68,Card,Pending,2025-01-27
7705,6056,33,86.95,Card,Success,2025-01-30
7706,3608,335,433.34,Wallet,Failed,2025-03-03
7707,2917,1792,362.33,Card,Pending,2025-01-06
7708,9679,1297,130.46,Cash,Failed,2025-03-01
7709,1928,1033,397.72,Cash,Failed,2025-02-15
7710,4100,36,45.9,Card,Failed,2025-01-23
7711,4771,411,230.87,Wallet,Pending,2025-01-20
7712,564,7,445.91,Cash,Success,2025-01-11
7713,8450,1233,476.98,Wallet,Failed,2025-01-12
7714,5539,303,274.12,Wallet,Success,2025-02-01
7715,5451,1223,294.87,Cash,Success,2025-02-23
7716,3608,752,88.44,Card,Success,2025-02-25
7717,8961,1795,315.54,Card,Pending,2025-01-24
7718,2132,229,93.35,Cash,Pending,2025-01-23
7719,3057,1504,324.31,UPI,Pending,2025-02-10
7720,4661,1455,35.6,Cash,Failed,2025-02-16
7721,4798,348,270.96,Card,Failed,2025-02-21
7722,7975,512,71.94,UPI,Success,2025-01-06
7723,756,944,45.54,UPI,Failed,2025-02-05
7724,4221,1653,121.14,Cash,Pending,2025-01-20
7725,9964,1721,34.59,Cash,Pending,2025-01-26
7726,4068,959,449.62,UPI,Failed,2025-01-30
7727,3611,1377,290.86,UPI,Success,2025-02-08
7728,2789,1453,352.62,UPI,Success,2025-02-10
7729,5065,1037,293.77,Wallet,Success,2025-01-31
7730,4607,879,277.48,UPI,Success,2025-01-23
7731,8004,1709,43.62,Wallet,Pending,2025-01-07
7732,6237,776,231.24,UPI,Failed,2025-02-02
7733,7943,262,326.53,Card,Pending,2025-02-10
7734,6335,189,190.91,Card,Success,2025-02-12
7735,9846,1649,483.09,Cash,Failed,2025-01-25
7736,5851,1924,168.87,Card,Pending,2025-01-17
7737,4842,1707,158.78,Wallet,Success,2025-02-27
7738,6216,1464,287.67,Wallet,Pending,2025-01-14
7739,8164,1580,311.22,Card,Success,2025-01-24
7740,8391,1044,462.83,Card,Pending,2025-02-04
7741,933,525,339.41,Card,Failed,2025-02-08
7742,695,944,285.28,UPI,Failed,2025-02-19
7743,1710,1685,241.46,Card,Failed,2025-01-22
7744,6329,682,158.14,Cash,Pending,2025-01-06
7745,850,491,465.49,UPI,Pending,2025-02-24
7746,8590,1641,466.74,UPI,Pending,2025-01-28
7747,753,1357,138.19,Wallet,Pending,2025-01-18
7748,5073,1696,413.76,Wallet,Success,2025-01-27
7749,3882,1550,93.76,UPI,Pending,2025-01-15
7750,6390,1138,112.14,UPI,Success,2025-01-03
7751,3314,1649,491.89,Wallet,Failed,2025-02-12
7752,9477,315,40.25,Cash,Failed,2025-01-03
7753,1387,1102,373.44,UPI,Success,2025-02-17
7754,2869,1530,398.03,Cash,Failed,2025-02-12
7755,7796,246,272.33,Wallet,Failed,2025-02-05
7756,3926,1794,369.89,Cash,Pending,2025-02-26
7757,7918,953,125.72,Card,Success,2025-02-20
7758,9729,1083,429.44,Card,Pending,2025-01-16
7759,5689,781,470.33,Wallet,Success,2025-01-17
7760,7903,180,227.23,Cash,Pending,2025-01-26
7761,8903,1157,200.89,UPI,Success,2025-01-31
7762,8000,221,469.1,Cash,Failed,2025-02-03
7763,7880,983,241.63,Cash,Pending,2025-01-19
7764,7403,1367,473.08,Card,Pending,2025-03-03
7765,5860,1205,76.2,Card,Success,2025-02-26
7766,4352,1537,267.17,UPI,Pending,2025-01-28
7767,5686,892,385.67,Wallet,Success,2025-01-17
7768,7709,1621,171.14,Cash,Success,2025-01-10
7769,1368,1272,335.09,Cash,Success,2025-02-17
7770,5858,1214,231.67,Cash,Failed,2025-01-21
7771,8462,635,136.43,Cash,Pending,2025-02-23
7772,3654,1500,173.42,UPI,Failed,2025-02-09
7773,6086,763,413.56,Cash,Pending,2025-01-28
7774,8757,1399,72.37,Cash,Success,2025-01-10
7775,1904,1296,128.3,UPI,Success,2025-01-19
7776,8256,1279,268.86,Cash,Success,2025-01-02
7777,1030,1543,489.93,Wallet,Failed,2025-02-08
7778,7301,1136,155.26,UPI,Success,2025-03-01
7779,9544,1582,472.49,Wallet,Pending,2025-01-29
7780,9130,1464,180.06,Wallet,Failed,2025-01-06
7781,4149,1777,296.16,UPI,Success,2025-01-21
7782,6962,1256,341.86,Wallet,Failed,2025-01-18
7783,8435,185,354.92,Wallet,Pending,2025-01-12
7784,14,271,341.6,Cash,Failed,2025-01-23
7785,9751,302,69.66,Wallet,Failed,2025-01-06
7786,6094,1198,250.45,UPI,Failed,2025-02-20
7787,1998,1984,290.64,Cash,Success,2025-02-12
7788,1129,214,294.99,Card,Pending,2025-01-24
7789,1595,625,251.85,Card,Success,2025-01-01
7790,2324,1695,440.7,Card,Success,2025-02-12
7791,6955,1482,434.01,Cash,Success,2025-03-03
7792,5475,1748,169.14,Wallet,Success,2025-03-03
7793,2927,457,480.97,Cash,Success,2025-02-24
7794,4299,823,170.07,Cash,Success,2025-01-20
7795,7238,686,150.32,Wallet,Failed,2025-01-02
7796,1799,1343,80.07,UPI,Success,2025-01-10
7797,7154,1662,427.85,Wallet,Pending,2025-01-04
7798,6539,357,151.09,UPI,Failed,2025-02-16
7799,2872,184,147.76,Cash,Pending,2025-02-04
7800,6373,1440,409.4,Wallet,Failed,2025-02-27
7801,7467,1502,240.83,Cash,Pending,2025-02-10
7802,340,1945,117.99,Cash,Failed,2025-02-07
7803,9487,251,155.36,Wallet,Success,2025-02-25
7804,7242,1114,484.22,UPI,Pending,2025-02-13
7805,6346,39,401.53,Card,Failed,2025-02-08
7806,5374,792,219.45,Cash,Success,2025-02-07
7807,9071,617,293.83,UPI,Pending,2025-02-01
7808,2119,1733,433.06,Cash,Pending,2025-01-30
7809,9737,1900,111.98,Wallet,Pending,2025-01-28
7810,94,612,359.84,Wallet,Pending,2025-02-07
7811,6758,671,428.71,Cash,Failed,2025-01-21
7812,7570,562,498.27,UPI,Failed,2025-02-20
7813,7635,332,152.46,UPI,Success,2025-01-08
7814,3334,473,171.79,Cash,Failed,2025-02-24
7815,7350,616,397.78,Cash,Failed,2025-01-14
7816,8148,1516,383.68,Card,Pending,2025-01-19
7817,621,210,208.66,Cash,Pending,2025-03-02
7818,5382,596,220.84,Cash,Success,2025-02-17
7819,4260,466,74.06,Wallet,Pending,2025-01-22
7820,5976,1770,221.72,Wallet,Success,2025-01-24
7821,4157,1255,254,UPI,Success,2025-01-17
7822,6434,1014,284.93,Card,Pending,2025-02-17
7823,4995,824,47.88,Cash,Pending,2025-01-10
7824,6102,1871,49.85,Cash,Failed,2025-01-28
7825,4711,1136,210.91,UPI,Success,2025-02-10
7826,6459,1678,490.89,Wallet,Failed,2025-01-02
7827,5778,1806,334.19,Wallet,Failed,2025-02-03
7828,1370,390,355.21,Cash,Pending,2025-01-26
7829,3404,211,161.39,UPI,Pending,2025-02-18
7830,1134,179,499.53,Wallet,Success,2025-02-23
7831,9174,1900,453.6,Card,Pending,2025-01-18
7832,4122,1806,139.44,Cash,Success,2025-02-18
7833,2262,998,366.3,Card,Failed,2025-01-30
7834,7765,452,78.42,Cash,Success,2025-02-01
7835,3133,1895,447.36,Cash,Success,2025-01-08
7836,6889,803,355.7,Card,Success,2025-03-02
7837,8978,571,151.99,Card,Failed,2025-02-15
7838,5449,1387,130.88,Cash,Pending,2025-01-11
7839,6843,1943,447.39,Cash,Failed,2025-01-09
7840,301,802,473.68,UPI,Pending,2025-02-01
7841,6481,334,288.83,UPI,Failed,2025-01-25
7842,6527,612,469,Wallet,Pending,2025-02-13
7843,3977,1375,471.7,Cash,Success,2025-01-12
7844,4950,419,169.26,Card,Pending,2025-01-29
7845,7926,1060,224.03,UPI,Pending,2025-01-09
7846,7424,1079,321.58,Wallet,Failed,2025-01-28
7847,5613,339,341.95,Wallet,Failed,2025-02-28
7848,170,670,256.59,UPI,Success,2025-01-15
7849,4341,1605,276.06,Card,Success,2025-01-29
7850,1203,1588,338.17,Card,Pending,2025-02-01
7851,1051,1208,195.75,Card,Pending,2025-02-06
7852,6042,597,317.87,UPI,Success,2025-01-18
7853,1945,1936,295.59,Card,Pending,2025-02-23
7854,4523,1904,434.53,Cash,Failed,2025-02-21
7855,595,1072,421.69,Wallet,Success,2025-02-03
7856,1833,1471,59.39,UPI,Success,2025-01-15
7857,1095,539,328.92,Wallet,Failed,2025-01-09
7858,4842,1755,368.06,Card,Success,2025-02-04
7859,186,1729,104.77,Card,Success,2025-01-15
7860,5623,398,142.72,Card,Success,2025-01-04
7861,3015,26,55.56,Card,Success,2025-01-08
7862,7936,851,300.27,UPI,Success,2025-02-04
7863,2574,1387,450.4,UPI,Success,2025-02-08
7864,9246,1227,420.61,Card,Pending,2025-01-23
7865,4128,696,474.19,Card,Pending,2025-02-16
7866,7019,1751,337.77,Cash,Failed,2025-02-14
7867,592,1267,170.59,Cash,Pending,2025-01-29
7868,4987,395,89.09,UPI,Failed,2025-02-07
7869,9225,1440,366.77,Cash,Failed,2025-02-01
7870,593,1120,230.92,UPI,Failed,2025-02-19
7871,7629,118,422.64,Cash,Pending,2025-02-22
7872,8484,216,460.49,Cash,Failed,2025-01-28
7873,4646,1268,32.12,Cash,Success,2025-01-17
7874,6349,1065,446.28,Wallet,Pending,2025-01-29
7875,6596,1937,58.32,Wallet,Failed,2025-01-28
7876,6892,224,104.56,Card,Pending,2025-02-10
7877,6256,795,394.27,Cash,Failed,2025-02-27
7878,548,1113,175.56,Cash,Failed,2025-01-28
7879,7165,1796,452.5,Card,Success,2025-02-04
7880,6868,1165,30.9,UPI,Success,2025-01-11
7881,2329,1503,306.93,Card,Success,2025-02-12
7882,4537,1902,363.94,Cash,Success,2025-02-01
7883,7772,1391,319.88,Card,Success,2025-01-18
7884,43,978,366.7,UPI,Failed,2025-01-16
7885,5911,1327,435.21,Card,Failed,2025-02-19
7886,5718,1734,210.87,UPI,Success,2025-02-02
7887,8501,969,66.28,Cash,Failed,2025-02-22
7888,6690,872,310.09,UPI,Success,2025-01-30
7889,2535,740,486.03,UPI,Failed,2025-01-14
7890,2376,1095,92.01,Card,Failed,2025-01-26
7891,601,1774,220.51,Cash,Success,2025-01-18
7892,5247,369,300.7,UPI,Failed,2025-02-02
7893,56,1979,151.42,Cash,Pending,2025-02-17
7894,5778,1714,334.11,UPI,Failed,2025-01-17
7895,869,1093,261.5,UPI,Failed,2025-02-25
7896,479,372,60.12,Card,Pending,2025-01-08
7897,8371,1321,89.22,Wallet,Success,2025-01-30
7898,4665,263,346,UPI,Failed,2025-02-19
7899,9246,381,272.41,UPI,Failed,2025-01-05
7900,6509,528,390.88,Cash,Pending,2025-02-10
7901,9987,1116,301.1,Card,Success,2025-02-06
7902,6023,1612,126.69,UPI,Success,2025-02-18
7903,978,1815,451.82,Card,Success,2025-01-24
7904,2517,708,301.09,UPI,Pending,2025-02-05
7905,6699,760,197.62,Wallet,Failed,2025-02-07
7906,9516,568,228.78,Card,Pending,2025-02-19
7907,8123,1424,105.82,Cash,Pending,2025-01-26
7908,5614,868,474.76,UPI,Pending,2025-02-14
7909,8774,295,281.95,Cash,Failed,2025-02-03
7910,9483,428,210.79,UPI,Pending,2025-02-26
7911,3124,723,71.49,Card,Pending,2025-01-03
7912,1862,1093,276.67,Card,Failed,2025-02-05
7913,4152,1409,419.99,Cash,Failed,2025-02-05
7914,8899,1575,109.43,Cash,Pending,2025-02-16
7915,2800,972,392.53,Cash,Pending,2025-02-01
7916,6337,1692,36.33,Wallet,Success,2025-02-24
7917,3726,647,378.65,Cash,Failed,2025-02-13
7918,3005,1448,335.74,UPI,Success,2025-02-19
7919,4738,1812,110.79,Wallet,Success,2025-01-24
7920,1633,650,129.26,Wallet,Success,2025-02-26
7921,9297,349,282.05,Wallet,Pending,2025-02-25
7922,6287,349,430.73,Cash,Pending,2025-01-25
7923,3620,379,422.06,Card,Success,2025-01-17
7924,6842,93,128.06,Cash,Pending,2025-01-14
7925,2936,1036,469.2,Card,Failed,2025-03-02
7926,413,692,482.04,Wallet,Failed,2025-02-20
7927,4349,439,416.96,Cash,Success,2025-01-21
7928,9437,1842,30.46,Wallet,Failed,2025-01-29
7929,9439,471,141.21,Wallet,Success,2025-02-19
7930,9767,795,61.01,Cash,Success,2025-03-02
7931,2689,1314,105.61,Cash,Failed,2025-01-14
7932,3802,452,202.29,Card,Pending,2025-02-28
7933,7930,1878,207.68,Card,Success,2025-01-12
7934,4310,740,109.5,Card,Failed,2025-02-20
7935,5422,977,262.25,Card,Failed,2025-01-19
7936,3428,1438,464.14,Wallet,Pending,2025-02-15
7937,4876,1292,323.86,Wallet,Success,2025-02-09
7938,6483,438,274.01,Cash,Pending,2025-01-30
7939,6248,57,313.93,Cash,Pending,2025-02-06
7940,4459,1613,327.17,Cash,Pending,2025-03-03
7941,9230,844,191.2,Wallet,Failed,2025-01-18
7942,777,114,78.09,Cash,Success,2025-01-11
7943,8877,1867,222.1,Card,Success,2025-02-21
7944,7189,943,64.41,UPI,Failed,2025-02-06
7945,6513,1002,335.35,Card,Failed,2025-01-24
7946,4144,48,85.54,Card,Failed,2025-02-16
7947,1888,1074,186.4,Cash,Success,2025-01-01
7948,3445,1319,173.88,UPI,Pending,2025-02-27
7949,1609,1478,277.92,Cash,Failed,2025-02-10
7950,3675,109,496.94,Wallet,Success,2025-01-02
7951,4852,1764,363.1,Card,Success,2025-01-28
7952,3382,1191,243.13,UPI,Failed,2025-01-04
7953,606,1055,313.73,Card,Pending,2025-01-16
7954,2981,1471,260.72,UPI,Success,2025-02-23
7955,7160,193,391.98,Card,Failed,2025-01-28
7956,7603,1789,340.64,Wallet,Failed,2025-01-10
7957,2160,1272,289.84,Cash,Failed,2025-01-05
7958,6469,1530,90.65,Cash,Success,2025-02-25
7959,6206,1564,470.89,Wallet,Success,2025-01-22
7960,1290,115,484.99,Cash,Pending,2025-02-06
7961,8916,881,258.21,Card,Failed,2025-01-09
7962,1279,635,108.93,Cash,Success,2025-01-01
7963,1319,1939,120.64,Wallet,Pending,2025-03-02
7964,8960,1775,465.53,UPI,Success,2025-01-30
7965,5133,1421,174.44,UPI,Success,2025-01-26
7966,13,214,84.26,UPI,Failed,2025-01-14
7967,2887,1160,460.25,Wallet,Failed,2025-02-11
7968,8335,1784,208.3,Wallet,Failed,2025-01-02
7969,7121,454,435.67,UPI,Pending,2025-01-24
7970,4949,1252,280.69,UPI,Pending,2025-01-05
7971,7978,635,167.04,UPI,Pending,2025-01-05
7972,380,217,116.27,Cash,Pending,2025-02-27
7973,7661,13,132.17,Wallet,Pending,2025-01-16
7974,5365,1806,67.79,UPI,Failed,2025-01-29
7975,2661,640,490.48,Cash,Pending,2025-01-25
7976,7959,129,180.77,Wallet,Failed,2025-03-03
7977,65,1478,87.27,Card,Pending,2025-02-12
7978,7199,1799,121.32,Card,Success,2025-01-23
7979,3414,1584,97.12,Wallet,Pending,2025-02-02
7980,404,493,342.83,Card,Success,2025-02-11
7981,9573,1262,469.9,Wallet,Failed,2025-01-21
7982,6959,163,418.36,Wallet,Pending,2025-02-02
7983,2675,326,490.73,Cash,Success,2025-01-02
7984,4596,1817,243.27,Cash,Failed,2025-01-17
7985,9310,1109,173.63,Wallet,Pending,2025-01-06
7986,5981,961,373.94,Card,Failed,2025-02-21
7987,5206,263,436.46,Card,Failed,2025-01-25
7988,9920,193,184.97,UPI,Success,2025-01-30
7989,628,351,405.62,Wallet,Failed,2025-02-26
7990,728,879,319.82,Card,Failed,2025-02-26
7991,9672,190,485.61,Wallet,Failed,2025-02-01
7992,654,1853,254.49,UPI,Failed,2025-02-21
7993,9582,1198,33.27,Card,Failed,2025-01-05
7994,3564,1433,266.22,UPI,Success,2025-03-02
7995,1954,87,131.72,UPI,Success,2025-02-09
7996,4996,783,412.53,UPI,Success,2025-02-03
7997,8148,1041,48.7,Wallet,Pending,2025-02-25
7998,217,1171,138.95,Card,Pending,2025-01-25
7999,3901,1297,289.44,Card,Failed,2025-02-04
8000,9206,1366,257.05,UPI,Success,2025-02-20
